0.000000,0.000000,-0.270000,0.520000,-0.300000,0.000000,0.000000,0.000000,-0.270000,0.520000,-0.300000,0.000000,0.018556,0.142048,-0.044624,-0.202689,0.043886,0.058081,0.000000,-0.027247,-0.128261,0.257438,-0.193711,0.031289,-0.042948,0.000000
0.000000,0.000000,-0.270000,0.520000,-0.300000,0.000000,0.000000,0.000000,-0.270000,0.520000,-0.300000,0.000000,0.019734,0.143185,-0.042678,-0.202538,0.044402,0.058874,0.000000,-0.026593,-0.128727,0.257450,-0.194073,0.031184,-0.043243,0.000000
0.000000,0.000000,-0.270000,0.520000,-0.300000,0.000000,0.000000,0.000000,-0.270000,0.520000,-0.300000,0.000000,0.021140,0.144701,-0.040327,-0.202298,0.044979,0.059782,0.000000,-0.025742,-0.129303,0.257497,-0.194455,0.031083,-0.043595,0.000000
0.000000,0.000000,-0.270000,0.520000,-0.300000,0.000000,0.000000,0.000000,-0.270000,0.520000,-0.300000,0.000000,0.022486,0.146477,-0.037936,-0.201965,0.045514,0.060727,0.000000,-0.024952,-0.129900,0.257645,-0.194845,0.031013,-0.043950,0.000000
0.000000,0.000000,-0.270000,0.520000,-0.300000,0.000000,0.000000,0.000000,-0.270000,0.520000,-0.300000,0.000000,0.023810,0.148499,-0.035620,-0.201536,0.045984,0.061721,0.000000,-0.024172,-0.130423,0.258198,-0.195324,0.031027,-0.044264,0.000000
0.000000,0.000000,-0.270000,0.520000,-0.300000,0.000000,0.000000,0.000000,-0.270000,0.520000,-0.300000,0.000000,0.025136,0.150717,-0.033310,-0.200977,0.046417,0.062756,0.000000,-0.023475,-0.130911,0.258789,-0.195878,0.031038,-0.044578,0.000000
0.000000,0.000000,-0.270000,0.520000,-0.300000,0.000000,0.000000,0.000000,-0.270000,0.520000,-0.300000,0.000000,0.026446,0.153006,-0.030853,-0.200305,0.046855,0.063769,0.000000,-0.022917,-0.131434,0.259089,-0.196479,0.030988,-0.044932,0.000000
0.000000,0.000000,-0.270000,0.520000,-0.300000,0.000000,0.000000,0.000000,-0.270000,0.520000,-0.300000,0.000000,0.027664,0.155205,-0.028049,-0.199558,0.047356,0.064672,0.000000,-0.022423,-0.132038,0.259354,-0.197026,0.030934,-0.045319,0.000000
0.000000,0.000000,-0.270000,0.520000,-0.300000,0.000000,0.000000,0.000000,-0.270000,0.520000,-0.300000,0.000000,0.028749,0.157154,-0.024840,-0.198869,0.047943,0.065413,0.000000,-0.021902,-0.132610,0.259577,-0.197567,0.030865,-0.045675,0.000000
0.000000,0.000000,-0.270000,0.520000,-0.300000,0.000000,0.000000,0.000000,-0.270000,0.520000,-0.300000,0.000000,0.029721,0.158909,-0.021457,-0.198226,0.048557,0.066013,0.000000,-0.021408,-0.133150,0.259640,-0.198118,0.030766,-0.045996,0.000000
0.000000,0.000000,-0.270000,0.520000,-0.300000,0.000000,0.000000,0.000000,-0.270000,0.520000,-0.300000,0.000000,0.030581,0.160570,-0.018035,-0.197616,0.049152,0.066545,0.000000,-0.020929,-0.133657,0.259718,-0.198666,0.030692,-0.046264,0.000000
0.000000,0.000000,-0.270000,0.520000,-0.300000,0.000000,0.000000,0.000000,-0.270000,0.520000,-0.300000,0.000000,0.031317,0.162232,-0.014650,-0.196992,0.049709,0.067056,0.000000,-0.020468,-0.134111,0.259933,-0.199185,0.030662,-0.046456,0.000000
0.000000,0.000000,-0.270000,0.520000,-0.300000,0.000000,0.000000,0.000000,-0.270000,0.520000,-0.300000,0.000000,0.032050,0.163858,-0.011510,-0.196352,0.050186,0.067484,0.000000,-0.019962,-0.134575,0.260265,-0.199617,0.030658,-0.046633,0.000000
0.000000,0.000000,-0.270000,0.520000,-0.300000,0.000000,0.000000,0.000000,-0.270000,0.520000,-0.300000,0.000000,0.032788,0.165484,-0.008783,-0.195696,0.050556,0.067809,0.000000,-0.019476,-0.135047,0.260620,-0.200010,0.030658,-0.046832,0.000000
0.000000,0.000000,-0.270000,0.520000,-0.300000,0.000000,0.000000,0.000000,-0.270000,0.520000,-0.300000,0.000000,0.033539,0.167159,-0.006351,-0.194999,0.050847,0.068063,0.000000,-0.019030,-0.135501,0.260888,-0.200383,0.030638,-0.047044,0.000000
0.000000,0.000000,-0.270000,0.520000,-0.300000,0.000000,0.000000,0.000000,-0.270000,0.520000,-0.300000,0.000000,0.034297,0.168884,-0.004199,-0.194319,0.051059,0.068312,0.000000,-0.018556,-0.135878,0.261018,-0.200754,0.030581,-0.047227,0.000000
0.000000,0.000000,-0.270000,0.520000,-0.300000,0.000000,0.000000,0.000000,-0.270000,0.520000,-0.300000,0.000000,0.034958,0.170688,-0.002249,-0.193725,0.051202,0.068623,0.000000,-0.018038,-0.136250,0.261066,-0.201044,0.030506,-0.047412,0.000000
0.000000,0.000000,-0.270000,0.520000,-0.300000,0.000000,0.000000,0.000000,-0.270000,0.520000,-0.300000,0.000000,0.035607,0.172523,-0.000573,-0.193184,0.051261,0.068926,0.000000,-0.017538,-0.136634,0.260993,-0.201291,0.030404,-0.047631,0.000000
0.000000,0.000000,-0.270000,0.520000,-0.300000,0.000000,0.000000,0.000000,-0.270000,0.520000,-0.300000,0.000000,0.036213,0.174300,0.001088,-0.192657,0.051318,0.069130,0.000000,-0.017110,-0.136983,0.260850,-0.201588,0.030294,-0.047864,0.000000
0.000000,0.000000,-0.270000,0.520000,-0.300000,0.000000,0.000000,0.000000,-0.270000,0.520000,-0.300000,0.000000,0.036753,0.176048,0.003069,-0.192092,0.051447,0.069230,0.000000,-0.016709,-0.137323,0.260801,-0.201883,0.030218,-0.048084,0.000000
0.000000,0.000000,-0.270000,0.520000,-0.300000,0.000000,0.000000,0.000000,-0.270000,0.520000,-0.300000,0.000000,0.037211,0.177810,0.005327,-0.191564,0.051629,0.069300,0.000000,-0.016269,-0.137691,0.260841,-0.202133,0.030173,-0.048305,0.000000
0.000000,0.000000,-0.270000,0.520000,-0.300000,0.000000,0.000000,0.000000,-0.270000,0.520000,-0.300000,0.000000,0.037567,0.179485,0.007768,-0.191112,0.051851,0.069306,0.000000,-0.015868,-0.138027,0.260862,-0.202423,0.030130,-0.048515,0.000000
0.000000,0.000000,-0.270000,0.520000,-0.300000,0.000000,0.000000,0.000000,-0.270000,0.520000,-0.300000,0.000000,0.037867,0.181025,0.010448,-0.190707,0.052129,0.069212,0.000000,-0.015440,-0.138363,0.260967,-0.202695,0.030107,-0.048715,0.000000
0.000000,0.000000,-0.270000,0.520000,-0.300000,0.000000,0.000000,0.000000,-0.270000,0.520000,-0.300000,0.000000,0.038168,0.182498,0.013191,-0.190293,0.052421,0.069022,0.000000,-0.015018,-0.138726,0.261170,-0.202927,0.030107,-0.048912,0.000000
0.000000,0.000000,-0.270000,0.520000,-0.300000,0.000000,0.000000,0.000000,-0.270000,0.520000,-0.300000,0.000000,0.038461,0.183948,0.015756,-0.189939,0.052661,0.068790,0.000000,-0.014589,-0.139087,0.261438,-0.203162,0.030119,-0.049093,0.000000
0.000000,0.000000,-0.270000,0.520000,-0.300000,0.000000,0.000000,0.000000,-0.270000,0.520000,-0.300000,0.000000,0.038677,0.185423,0.017941,-0.189675,0.052779,0.068609,0.000000,-0.014297,-0.139440,0.261770,-0.203457,0.030147,-0.049259,0.000000
0.000000,0.000000,-0.270000,0.520000,-0.300000,0.000000,0.000000,0.000000,-0.270000,0.520000,-0.300000,0.000000,0.038935,0.186883,0.019661,-0.189470,0.052749,0.068507,0.000000,-0.014081,-0.139814,0.262110,-0.203788,0.030186,-0.049427,0.000000
0.000000,0.000000,-0.270000,0.520000,-0.300000,0.000000,0.000000,0.000000,-0.270000,0.520000,-0.300000,0.000000,0.039153,0.188169,0.021224,-0.189299,0.052684,0.068397,0.000000,-0.013977,-0.140175,0.262290,-0.204159,0.030196,-0.049600,0.000000
0.000000,0.000000,-0.270000,0.520000,-0.300000,0.000000,0.000000,0.000000,-0.270000,0.520000,-0.300000,0.000000,0.039388,0.189272,0.022637,-0.189090,0.052602,0.068249,0.000000,-0.013922,-0.140529,0.262318,-0.204504,0.030179,-0.049777,0.000000
0.000000,0.000000,-0.270000,0.520000,-0.300000,0.000000,0.000000,0.000000,-0.270000,0.520000,-0.300000,0.000000,0.039544,0.190063,0.024031,-0.188952,0.052542,0.068013,0.000000,-0.013869,-0.140875,0.262397,-0.204834,0.030180,-0.049944,0.000000
0.000000,0.000000,-0.270000,0.520000,-0.300000,0.000000,0.000000,0.000000,-0.270000,0.520000,-0.300000,0.000000,0.039674,0.190559,0.025221,-0.188880,0.052461,0.067684,0.000000,-0.013811,-0.141155,0.262563,-0.205177,0.030197,-0.050084,0.000000
0.000000,0.000000,-0.270000,0.520000,-0.300000,0.000000,0.000000,0.000000,-0.270000,0.520000,-0.300000,0.000000,0.039849,0.190834,0.026196,-0.188842,0.052353,0.067281,0.000000,-0.013680,-0.141370,0.262781,-0.205510,0.030222,-0.050199,0.000000
0.000000,0.000000,-0.270000,0.520000,-0.300000,0.000000,0.000000,0.000000,-0.270000,0.520000,-0.300000,0.000000,0.039989,0.191033,0.027092,-0.188796,0.052236,0.066868,0.000000,-0.013582,-0.141564,0.262939,-0.205815,0.030233,-0.050313,0.000000
0.000000,0.000000,-0.270000,0.520000,-0.300000,0.000000,0.000000,0.000000,-0.270000,0.520000,-0.300000,0.000000,0.040210,0.191286,0.027771,-0.188724,0.052060,0.066506,0.000000,-0.013445,-0.141687,0.263013,-0.206138,0.030221,-0.050401,0.000000
0.000000,0.000000,-0.270000,0.520000,-0.300000,0.000000,0.000000,0.000000,-0.270000,0.520000,-0.300000,0.000000,0.040470,0.191528,0.028053,-0.188680,0.051790,0.066138,0.000000,-0.013275,-0.141697,0.263087,-0.206475,0.030192,-0.050417,0.000000
0.000000,0.000000,-0.270000,0.520000,-0.300000,0.000000,0.000000,0.000000,-0.270000,0.520000,-0.300000,0.000000,0.040666,0.191702,0.028100,-0.188695,0.051476,0.065728,0.000000,-0.013139,-0.141610,0.263273,-0.206846,0.030172,-0.050351,0.000000
0.000000,0.000000,-0.270000,0.520000,-0.300000,0.000000,0.000000,0.000000,-0.270000,0.520000,-0.300000,0.000000,0.040814,0.191802,0.028129,-0.188733,0.051177,0.065275,0.000000,-0.013072,-0.141453,0.263502,-0.207276,0.030151,-0.050230,0.000000
0.000000,0.000000,-0.270000,0.520000,-0.300000,0.000000,0.000000,0.000000,-0.270000,0.520000,-0.300000,0.000000,0.041016,0.191892,0.028281,-0.188718,0.050922,0.064805,0.000000,-0.012984,-0.141276,0.263663,-0.207713,0.030106,-0.050086,0.000000
0.000000,0.000000,-0.270000,0.520000,-0.300000,0.000000,0.000000,0.000000,-0.270000,0.520000,-0.300000,0.000000,0.041190,0.192010,0.028656,-0.188672,0.050723,0.064390,0.000000,-0.012882,-0.141162,0.263665,-0.208090,0.030034,-0.049967,0.000000
0.000000,0.000000,-0.270000,0.520000,-0.300000,0.000000,0.000000,0.000000,-0.270000,0.520000,-0.300000,0.000000,0.041234,0.192129,0.029170,-0.188679,0.050558,0.064040,0.000000,-0.012845,-0.141261,0.263371,-0.208287,0.029935,-0.049926,0.000000
0.000000,0.000000,-0.270000,0.520000,-0.300000,0.000000,0.000000,0.000000,-0.270000,0.520000,-0.300000,0.000000,0.041225,0.192209,0.029547,-0.188704,0.050369,0.063689,0.000000,-0.012934,-0.141393,0.263258,-0.208506,0.029910,-0.049862,0.000000
0.000000,0.000000,-0.270000,0.520000,-0.300000,0.000000,0.000000,0.000000,-0.270000,0.520000,-0.300000,0.000000,0.041292,0.192257,0.029757,-0.188753,0.050158,0.063325,0.000000,-0.013005,-0.141459,0.263240,-0.208803,0.029922,-0.049763,0.000000
0.000000,0.000000,-0.270000,0.520000,-0.300000,0.000000,0.000000,0.000000,-0.270000,0.520000,-0.300000,0.000000,0.041336,0.192337,0.029836,-0.188776,0.049926,0.063013,0.000000,-0.013123,-0.141587,0.263244,-0.209043,0.029950,-0.049692,0.000000
0.000000,0.000000,-0.270000,0.520000,-0.300000,0.000000,0.000000,0.000000,-0.270000,0.520000,-0.300000,0.000000,0.041434,0.192485,0.029714,-0.188783,0.049644,0.062776,0.000000,-0.013204,-0.141769,0.263232,-0.209196,0.029979,-0.049657,0.000000
0.000000,0.000000,-0.270000,0.520000,-0.300000,0.000000,0.000000,0.000000,-0.270000,0.520000,-0.300000,0.000000,0.041496,0.192619,0.029509,-0.188833,0.049348,0.062570,0.000000,-0.013285,-0.141899,0.263154,-0.209364,0.029992,-0.049616,0.000000
0.000000,0.000000,-0.270000,0.520000,-0.300000,0.000000,0.000000,0.000000,-0.270000,0.520000,-0.300000,0.000000,0.041531,0.192751,0.029318,-0.188894,0.049068,0.062405,0.000000,-0.013381,-0.141946,0.263074,-0.209569,0.029996,-0.049540,0.000000
0.000000,0.000000,-0.270000,0.520000,-0.300000,0.000000,0.000000,0.000000,-0.270000,0.520000,-0.300000,0.000000,0.041534,0.192849,0.029057,-0.188986,0.048790,0.062254,0.000000,-0.013459,-0.141949,0.263020,-0.209767,0.029998,-0.049441,0.000000
0.000000,0.000000,-0.270000,0.520000,-0.300000,0.000000,0.000000,0.000000,-0.270000,0.520000,-0.300000,0.000000,0.041447,0.192886,0.028735,-0.189137,0.048514,0.062105,0.000000,-0.013575,-0.141933,0.262926,-0.209959,0.029988,-0.049340,0.000000
0.000000,0.000000,-0.270000,0.520000,-0.300000,0.000000,0.000000,0.000000,-0.270000,0.520000,-0.300000,0.000000,0.041369,0.192888,0.028339,-0.189314,0.048231,0.061985,0.000000,-0.013668,-0.141902,0.262739,-0.210131,0.029957,-0.049243,0.000000
0.000000,0.000000,-0.270000,0.520000,-0.300000,0.000000,0.000000,0.000000,-0.270000,0.520000,-0.300000,0.000000,0.041313,0.192867,0.027859,-0.189510,0.047936,0.061899,0.000000,-0.013697,-0.141833,0.262490,-0.210254,0.029912,-0.049140,0.000000
0.000000,0.000000,-0.270000,0.520000,-0.300000,0.000000,0.000000,0.000000,-0.270000,0.520000,-0.300000,0.000000,0.041283,0.192829,0.027339,-0.189679,0.047642,0.061823,0.000000,-0.013690,-0.141683,0.262266,-0.210396,0.029870,-0.049005,0.000000
0.000000,0.000000,-0.270000,0.520000,-0.300000,0.000000,0.000000,0.000000,-0.270000,0.520000,-0.300000,0.000000,0.041222,0.192669,0.026796,-0.189868,0.047367,0.061688,0.000000,-0.013605,-0.141525,0.262116,-0.210466,0.029845,-0.048855,0.000000
0.000000,0.000000,-0.270000,0.520000,-0.300000,0.000000,0.000000,0.000000,-0.270000,0.520000,-0.300000,0.000000,0.041137,0.192431,0.026217,-0.190057,0.047099,0.061515,0.000000,-0.013533,-0.141344,0.261935,-0.210518,0.029812,-0.048696,0.000000
0.000000,0.000000,-0.270000,0.520000,-0.300000,0.000000,0.000000,0.000000,-0.270000,0.520000,-0.300000,0.000000,0.041025,0.192148,0.025747,-0.190272,0.046866,0.061354,0.000000,-0.013415,-0.141133,0.261698,-0.210563,0.029766,-0.048534,0.000000
0.000000,0.000000,-0.270000,0.520000,-0.300000,0.000000,0.000000,0.000000,-0.270000,0.520000,-0.300000,0.000000,0.040849,0.191772,0.025449,-0.190476,0.046686,0.061189,0.000000,-0.013311,-0.140906,0.261489,-0.210604,0.029734,-0.048361,0.000000
0.000000,0.000000,-0.270000,0.520000,-0.300000,0.000000,0.000000,0.000000,-0.270000,0.520000,-0.300000,0.000000,0.040652,0.191331,0.025216,-0.190625,0.046529,0.061006,0.000000,-0.013267,-0.140694,0.261361,-0.210631,0.029715,-0.048190,0.000000
0.000000,0.000000,-0.270000,0.520000,-0.300000,0.000000,0.000000,0.000000,-0.270000,0.520000,-0.300000,0.000000,0.040535,0.190803,0.024933,-0.190817,0.046370,0.060797,0.000000,-0.013114,-0.140486,0.261197,-0.210659,0.029690,-0.048029,0.000000
0.000000,0.000000,-0.270000,0.520000,-0.300000,0.000000,0.000000,0.000000,-0.270000,0.520000,-0.300000,0.000000,0.040413,0.190243,0.024575,-0.190975,0.046202,0.060606,0.000000,-0.013024,-0.140325,0.261128,-0.210681,0.029688,-0.047877,0.000000
0.000000,0.000000,-0.270000,0.520000,-0.300000,0.000000,0.000000,0.000000,-0.270000,0.520000,-0.300000,0.000000,0.040406,0.189720,0.024144,-0.191017,0.046019,0.060438,0.000000,-0.012933,-0.140179,0.261149,-0.210691,0.029706,-0.047722,0.000000
0.000000,0.000000,-0.270000,0.520000,-0.300000,0.000000,0.000000,0.000000,-0.270000,0.520000,-0.300000,0.000000,0.040444,0.189143,0.023698,-0.191071,0.045843,0.060250,0.000000,-0.012832,-0.140024,0.261138,-0.210750,0.029715,-0.047571,0.000000
0.000000,0.000000,-0.270000,0.520000,-0.300000,0.000000,0.000000,0.000000,-0.270000,0.520000,-0.300000,0.000000,0.040450,0.188477,0.023267,-0.191214,0.045684,0.060024,0.000000,-0.012735,-0.139886,0.261102,-0.210838,0.029723,-0.047440,0.000000
0.000000,0.000000,-0.270000,0.520000,-0.300000,0.000000,0.000000,0.000000,-0.270000,0.520000,-0.300000,0.000000,0.040332,0.187778,0.022902,-0.191372,0.045549,0.059805,0.000000,-0.012818,-0.139775,0.261197,-0.210962,0.029764,-0.047324,0.000000
0.000000,0.000000,-0.270000,0.520000,-0.300000,0.000000,0.000000,0.000000,-0.270000,0.520000,-0.300000,0.000000,0.040451,0.187172,0.022484,-0.191525,0.045403,0.059611,0.000000,-0.012707,-0.139626,0.261181,-0.211099,0.029779,-0.047220,0.000000
0.000000,0.000000,-0.270000,0.520000,-0.300000,0.000000,0.000000,0.000000,-0.270000,0.520000,-0.300000,0.000000,0.040607,0.186662,0.022022,-0.191686,0.045250,0.059430,0.000000,-0.012576,-0.139453,0.260927,-0.211274,0.029748,-0.047141,0.000000
0.000000,0.000000,-0.270000,0.520000,-0.300000,0.000000,0.000000,0.000000,-0.270000,0.520000,-0.300000,0.000000,0.040512,0.186172,0.021749,-0.191847,0.045144,0.059266,0.000000,-0.012687,-0.139301,0.260745,-0.211500,0.029736,-0.047066,0.000000
0.000000,0.000000,-0.270000,0.520000,-0.300000,0.000000,0.000000,0.000000,-0.270000,0.520000,-0.300000,0.000000,0.040230,0.185678,0.021654,-0.191967,0.045079,0.059112,0.000000,-0.013013,-0.139120,0.260830,-0.211761,0.029764,-0.046943,0.000000
0.000000,0.000000,-0.270000,0.520000,-0.300000,0.000000,0.000000,0.000000,-0.270000,0.520000,-0.300000,0.000000,0.040233,0.185238,0.021494,-0.192080,0.045001,0.058942,0.000000,-0.013095,-0.138901,0.260931,-0.212003,0.029778,-0.046807,0.000000
0.000000,0.000000,-0.270000,0.520000,-0.300000,0.000000,0.000000,0.000000,-0.270000,0.520000,-0.300000,0.000000,0.040356,0.184843,0.021195,-0.192165,0.044899,0.058761,0.000000,-0.013169,-0.138681,0.260917,-0.212299,0.029773,-0.046698,0.000000
0.000000,0.000000,-0.270000,0.520000,-0.300000,0.000000,0.000000,0.000000,-0.270000,0.520000,-0.300000,0.000000,0.040499,0.184493,0.020929,-0.192258,0.044813,0.058591,0.000000,-0.013212,-0.138452,0.260818,-0.212638,0.029755,-0.046603,0.000000
0.000000,0.000000,-0.270000,0.520000,-0.300000,0.000000,0.000000,0.000000,-0.270000,0.520000,-0.300000,0.000000,0.040591,0.184157,0.020693,-0.192410,0.044743,0.058423,0.000000,-0.013195,-0.138248,0.260729,-0.212963,0.029754,-0.046526,0.000000
0.000000,0.000000,-0.270000,0.520000,-0.300000,0.000000,0.000000,0.000000,-0.270000,0.520000,-0.300000,0.000000,0.040614,0.183802,0.020494,-0.192606,0.044693,0.058244,0.000000,-0.013128,-0.138155,0.260758,-0.213199,0.029796,-0.046494,0.000000
0.000000,0.000000,-0.270000,0.520000,-0.300000,0.000000,0.000000,0.000000,-0.270000,0.520000,-0.300000,0.000000,0.040673,0.183515,0.020241,-0.192754,0.044632,0.058077,0.000000,-0.013058,-0.138107,0.260775,-0.213378,0.029842,-0.046494,0.000000
0.000000,0.000000,-0.270000,0.520000,-0.300000,0.000000,0.000000,0.000000,-0.270000,0.520000,-0.300000,0.000000,0.040691,0.183271,0.020044,-0.192885,0.044583,0.057918,0.000000,-0.012993,-0.138073,0.260822,-0.213521,0.029894,-0.046501,0.000000
0.000000,0.000000,-0.270000,0.520000,-0.300000,0.000000,0.000000,0.000000,-0.270000,0.520000,-0.300000,0.000000,0.040668,0.183055,0.020066,-0.193023,0.044585,0.057777,0.000000,-0.012885,-0.138063,0.260924,-0.213602,0.029958,-0.046517,0.000000
0.000000,0.000000,-0.270000,0.520000,-0.300000,0.000000,0.000000,0.000000,-0.270000,0.520000,-0.300000,0.000000,0.040740,0.182936,0.020052,-0.193080,0.044575,0.057655,0.000000,-0.012803,-0.138027,0.261004,-0.213699,0.030018,-0.046531,0.000000
0.000000,0.000000,-0.270000,0.520000,-0.300000,0.000000,0.000000,0.000000,-0.270000,0.520000,-0.300000,0.000000,0.040799,0.182873,0.020076,-0.193098,0.044573,0.057553,0.000000,-0.012805,-0.137954,0.261115,-0.213855,0.030086,-0.046531,0.000000
0.000000,0.000000,-0.270000,0.520000,-0.300000,0.000000,0.000000,0.000000,-0.270000,0.520000,-0.300000,0.000000,0.040895,0.182864,0.020232,-0.193040,0.044609,0.057471,0.000000,-0.012835,-0.137839,0.261250,-0.214056,0.030159,-0.046514,0.000000
0.000000,0.000000,-0.270000,0.520000,-0.300000,0.000000,0.000000,0.000000,-0.270000,0.520000,-0.300000,0.000000,0.040936,0.182942,0.020440,-0.192888,0.044654,0.057424,0.000000,-0.013022,-0.137732,0.261559,-0.214278,0.030271,-0.046474,0.000000
0.000000,0.000000,-0.270000,0.520000,-0.300000,0.000000,0.000000,0.000000,-0.270000,0.520000,-0.300000,0.000000,0.041113,0.183122,0.020544,-0.192757,0.044664,0.057412,0.000000,-0.013090,-0.137607,0.261839,-0.214500,0.030369,-0.046433,0.000000
0.000000,0.000000,-0.270000,0.520000,-0.300000,0.000000,0.000000,0.000000,-0.270000,0.520000,-0.300000,0.000000,0.041324,0.183343,0.020495,-0.192672,0.044632,0.057408,0.000000,-0.013147,-0.137468,0.261985,-0.214735,0.030437,-0.046404,0.000000
0.000000,0.000000,-0.270000,0.520000,-0.300000,0.000000,0.000000,0.000000,-0.270000,0.520000,-0.300000,0.000000,0.041439,0.183524,0.020527,-0.192664,0.044619,0.057390,0.000000,-0.013222,-0.137317,0.262111,-0.215000,0.030502,-0.046380,0.000000
0.000000,0.000000,-0.270000,0.520000,-0.300000,0.000000,0.000000,0.000000,-0.270000,0.520000,-0.300000,0.000000,0.041570,0.183692,0.020497,-0.192643,0.044597,0.057331,0.000000,-0.013289,-0.137164,0.262345,-0.215274,0.030597,-0.046362,0.000000
0.000000,0.000000,-0.270000,0.520000,-0.300000,0.000000,0.000000,0.000000,-0.270000,0.520000,-0.300000,0.000000,0.041759,0.183849,0.020206,-0.192576,0.044516,0.057198,0.000000,-0.013358,-0.137037,0.262631,-0.215517,0.030704,-0.046351,0.000000
0.000000,0.000000,-0.270000,0.520000,-0.300000,0.000000,0.000000,0.000000,-0.270000,0.520000,-0.300000,0.000000,0.041871,0.183951,0.019961,-0.192590,0.044447,0.057015,0.000000,-0.013341,-0.136902,0.262844,-0.215708,0.030785,-0.046318,0.000000
0.000000,0.000000,-0.270000,0.520000,-0.300000,0.000000,0.000000,0.000000,-0.270000,0.520000,-0.300000,0.000000,0.041984,0.184067,0.019741,-0.192604,0.044381,0.056844,0.000000,-0.013280,-0.136755,0.262940,-0.215863,0.030832,-0.046276,0.000000
0.000000,0.000000,-0.270000,0.520000,-0.300000,0.000000,0.000000,0.000000,-0.270000,0.520000,-0.300000,0.000000,0.042082,0.184170,0.019481,-0.192636,0.044305,0.056678,0.000000,-0.013175,-0.136641,0.263067,-0.215984,0.030889,-0.046244,0.000000
0.000000,0.000000,-0.270000,0.520000,-0.300000,0.000000,0.000000,0.000000,-0.270000,0.520000,-0.300000,0.000000,0.042127,0.184225,0.019194,-0.192739,0.044218,0.056501,0.000000,-0.013045,-0.136588,0.263327,-0.216127,0.030990,-0.046239,0.000000
0.000000,0.000000,-0.270000,0.520000,-0.300000,0.000000,0.000000,0.000000,-0.270000,0.520000,-0.300000,0.000000,0.042075,0.184212,0.018952,-0.192917,0.044140,0.056309,0.000000,-0.012919,-0.136611,0.263730,-0.216225,0.031130,-0.046265,0.000000
0.000000,0.000000,-0.270000,0.520000,-0.300000,0.000000,0.000000,0.000000,-0.270000,0.520000,-0.300000,0.000000,0.042038,0.184224,0.018781,-0.193039,0.044071,0.056133,0.000000,-0.012833,-0.136637,0.264218,-0.216294,0.031280,-0.046288,0.000000
0.000000,0.000000,-0.270000,0.520000,-0.300000,0.000000,0.000000,0.000000,-0.270000,0.520000,-0.300000,0.000000,0.042170,0.184249,0.018535,-0.193101,0.043989,0.055947,0.000000,-0.012679,-0.136530,0.264488,-0.216404,0.031364,-0.046252,0.000000
0.000000,0.000000,-0.270000,0.520000,-0.300000,0.000000,0.000000,0.000000,-0.270000,0.520000,-0.300000,0.000000,0.042427,0.184322,0.018254,-0.193108,0.043899,0.055749,0.000000,-0.012520,-0.136287,0.264683,-0.216595,0.031413,-0.046150,0.000000
0.000000,0.000000,-0.270000,0.520000,-0.300000,0.000000,0.000000,0.000000,-0.270000,0.520000,-0.300000,0.000000,0.042760,0.184478,0.018033,-0.193126,0.043818,0.055548,0.000000,-0.012321,-0.136009,0.264851,-0.216811,0.031456,-0.046048,0.000000
0.000000,0.000000,-0.270000,0.520000,-0.300000,0.000000,0.000000,0.000000,-0.270000,0.520000,-0.300000,0.000000,0.043219,0.184731,0.017943,-0.193076,0.043762,0.055336,0.000000,-0.012111,-0.135758,0.265036,-0.217057,0.031515,-0.045983,0.000000
0.000000,0.000000,-0.270000,0.520000,-0.300000,0.000000,0.000000,0.000000,-0.270000,0.520000,-0.300000,0.000000,0.043692,0.185067,0.018094,-0.192982,0.043750,0.055108,0.000000,-0.011951,-0.135571,0.265415,-0.217319,0.031628,-0.045948,0.000000
0.000000,0.000000,-0.270000,0.520000,-0.300000,0.000000,0.000000,0.000000,-0.270000,0.520000,-0.300000,0.000000,0.044158,0.185459,0.018513,-0.192905,0.043789,0.054853,0.000000,-0.011832,-0.135375,0.266002,-0.217644,0.031791,-0.045900,0.000000
0.000000,0.000000,-0.270000,0.520000,-0.300000,0.000000,0.000000,0.000000,-0.270000,0.520000,-0.300000,0.000000,0.044809,0.185942,0.018845,-0.192779,0.043801,0.054538,0.000000,-0.011704,-0.135159,0.266698,-0.218019,0.031974,-0.045822,0.000000
0.000000,0.000000,-0.270000,0.520000,-0.300000,0.000000,0.000000,0.000000,-0.270000,0.520000,-0.300000,0.000000,0.045694,0.186561,0.018872,-0.192501,0.043733,0.054141,0.000000,-0.011683,-0.134925,0.267378,-0.218454,0.032140,-0.045688,0.000000
0.000000,0.000000,-0.270000,0.520000,-0.300000,0.000000,0.000000,0.000000,-0.270000,0.520000,-0.300000,0.000000,0.046650,0.187269,0.018911,-0.192199,0.043654,0.053694,0.000000,-0.011620,-0.134772,0.268025,-0.218802,0.032289,-0.045512,0.000000
0.000000,0.000000,-0.270000,0.520000,-0.300000,0.000000,0.000000,0.000000,-0.270000,0.520000,-0.300000,0.000000,0.047683,0.188085,0.018996,-0.191830,0.043566,0.053228,0.000000,-0.011628,-0.134784,0.268513,-0.219076,0.032394,-0.045319,0.000000
0.000000,0.000000,-0.270000,0.520000,-0.300000,0.000000,0.000000,0.000000,-0.270000,0.520000,-0.300000,0.000000,0.048785,0.189051,0.019012,-0.191413,0.043436,0.052788,0.000000,-0.011863,-0.134888,0.268864,-0.219499,0.032472,-0.045077,0.000000
0.000000,0.000000,-0.270000,0.520000,-0.300000,0.000000,0.000000,0.000000,-0.270000,0.520000,-0.300000,0.000000,0.049927,0.190223,0.018761,-0.190972,0.043212,0.052447,0.000000,-0.012379,-0.135105,0.269345,-0.220123,0.032596,-0.044782,0.000000
0.000000,0.000000,-0.270000,0.520000,-0.300000,0.000000,0.000000,0.000000,-0.270000,0.520000,-0.300000,0.000000,0.051039,0.191565,0.018106,-0.190502,0.042864,0.052227,0.000000,-0.013404,-0.135446,0.269772,-0.221120,0.032735,-0.044419,0.000000
0.000000,0.000000,-0.270000,0.520000,-0.300000,0.000000,0.000000,0.000000,-0.270000,0.520000,-0.300000,0.000000,0.052165,0.193004,0.016780,-0.190059,0.042345,0.052079,0.000000,-0.014836,-0.136088,0.270408,-0.222481,0.032980,-0.044005,0.000000
0.000000,0.000000,-0.270000,0.520000,-0.300000,0.000000,0.000000,0.000000,-0.270000,0.520000,-0.300000,0.000000,0.053277,0.194609,0.014592,-0.189680,0.041628,0.051994,0.000000,-0.016686,-0.137263,0.271720,-0.224243,0.033463,-0.043556,0.000000
0.000000,0.000000,-0.270000,0.520000,-0.300000,0.000000,0.000000,0.000000,-0.270000,0.520000,-0.300000,0.000000,0.054328,0.196457,0.011012,-0.189649,0.040577,0.052014,0.000000,-0.018899,-0.139095,0.274199,-0.226536,0.034313,-0.043075,0.000000
0.000000,0.000000,-0.270000,0.520000,-0.300000,0.000000,0.000000,0.000000,-0.270000,0.520000,-0.300000,0.000000,0.055184,0.198892,0.005646,-0.190165,0.039080,0.052284,0.000000,-0.021409,-0.141788,0.278590,-0.229414,0.035725,-0.042601,0.000000
0.000000,0.000000,-0.270000,0.520000,-0.300000,0.000000,0.000000,0.000000,-0.270000,0.520000,-0.300000,0.000000,0.055405,0.201965,-0.000744,-0.191588,0.037318,0.052865,0.000000,-0.023925,-0.145843,0.286261,-0.232737,0.038051,-0.042260,0.000000
0.000000,0.000000,-0.270000,0.520000,-0.300000,0.000000,0.000000,0.000000,-0.270000,0.520000,-0.300000,0.000000,0.054484,0.205632,-0.006942,-0.194220,0.035571,0.053756,0.000000,-0.026448,-0.151652,0.298067,-0.236420,0.041544,-0.042234,0.000000
0.000000,0.000000,-0.270000,0.520000,-0.300000,0.000000,0.000000,0.000000,-0.270000,0.520000,-0.300000,0.000000,0.051216,0.210596,-0.012225,-0.199212,0.033948,0.055209,0.000000,-0.029264,-0.161147,0.319804,-0.240871,0.047781,-0.042744,0.000000
0.000000,0.000000,-0.270000,0.520000,-0.300000,0.000000,0.000000,0.000000,-0.270000,0.520000,-0.300000,0.000000,0.040472,0.221279,-0.018326,-0.211157,0.031683,0.058819,0.000000,-0.037152,-0.183572,0.375734,-0.250426,0.063301,-0.044262,0.000000
0.000000,0.000000,-0.270000,0.520000,-0.300000,0.000000,0.000000,0.000000,-0.270000,0.520000,-0.300000,0.000000,0.024842,0.231964,-0.015500,-0.225346,0.031383,0.062792,0.000000,-0.048963,-0.204636,0.435822,-0.261457,0.079272,-0.045951,0.000000
0.000000,0.000000,-0.270000,0.520000,-0.300000,0.000000,0.000000,0.000000,-0.270000,0.520000,-0.300000,0.000000,0.002953,0.245126,-0.002967,-0.242921,0.032861,0.067799,0.000000,-0.068175,-0.222648,0.499359,-0.277150,0.095580,-0.047774,0.000000
0.000000,0.000000,-0.270000,0.520000,-0.300000,0.000000,0.000000,0.000000,-0.270000,0.520000,-0.300000,0.000000,-0.029685,0.264664,0.018835,-0.267004,0.035340,0.074685,0.000000,-0.101856,-0.238033,0.575186,-0.301866,0.113886,-0.049823,0.000000
0.000000,0.000000,-0.270000,0.520000,-0.300000,0.000000,0.000000,0.000000,-0.270000,0.520000,-0.300000,0.000000,-0.068160,0.289393,0.044623,-0.294606,0.037415,0.081963,0.000000,-0.146598,-0.245520,0.648554,-0.332915,0.129854,-0.051531,0.000000
0.000000,0.000000,-0.270000,0.520000,-0.300000,0.000000,0.000000,0.000000,-0.270000,0.520000,-0.300000,0.000000,-0.114828,0.323449,0.071328,-0.328054,0.037657,0.090275,0.000000,-0.208716,-0.245850,0.726132,-0.372608,0.144487,-0.052611,0.000000
0.000000,0.000000,-0.270000,0.520000,-0.300000,0.000000,0.000000,0.000000,-0.270000,0.520000,-0.300000,0.000000,-0.170992,0.370550,0.097331,-0.366321,0.035073,0.100975,0.000000,-0.292365,-0.238567,0.808055,-0.417923,0.156230,-0.051604,0.000000
0.000000,0.000000,-0.270000,0.520000,-0.300000,0.000000,0.000000,0.000000,-0.270000,0.520000,-0.300000,0.000000,-0.222073,0.419364,0.109035,-0.402794,0.028813,0.109056,0.000000,-0.375134,-0.224471,0.872188,-0.454408,0.161123,-0.047619,0.000000
0.000000,0.000000,-0.270000,0.520000,-0.300000,0.000000,0.000000,0.000000,-0.270000,0.520000,-0.300000,0.000000,-0.278903,0.468710,0.120429,-0.441628,0.022504,0.116272,0.000000,-0.460310,-0.206574,0.922378,-0.485993,0.162076,-0.043254,0.000000
0.000000,0.000000,-0.270000,0.520000,-0.300000,0.000000,0.000000,0.000000,-0.270000,0.520000,-0.300000,0.000000,-0.341393,0.514552,0.131777,-0.482091,0.017169,0.124641,0.000000,-0.546582,-0.185812,0.958235,-0.512086,0.160341,-0.039649,0.000000
0.000000,0.000000,-0.270000,0.520000,-0.300000,0.000000,0.000000,0.000000,-0.270000,0.520000,-0.300000,0.000000,-0.412515,0.557790,0.144137,-0.527821,0.013714,0.139340,0.000000,-0.634458,-0.162345,0.980661,-0.533986,0.156991,-0.037322,0.000000
0.000000,0.000000,-0.270000,0.520000,-0.300000,0.000000,0.000000,0.000000,-0.270000,0.520000,-0.300000,0.000000,-0.483871,0.599886,0.151175,-0.576140,0.010557,0.159495,0.000000,-0.723121,-0.135964,0.995681,-0.552269,0.153164,-0.036363,0.000000
0.000000,0.000000,-0.270000,0.520000,-0.300000,0.000000,0.000000,0.000000,-0.270000,0.520000,-0.300000,0.000000,-0.553983,0.643756,0.136519,-0.634231,0.003147,0.180474,0.000000,-0.816759,-0.104179,0.994106,-0.566911,0.146953,-0.038183,0.000000
0.000000,0.000000,-0.270000,0.520000,-0.300000,0.000000,0.000000,0.000000,-0.270000,0.520000,-0.300000,0.000000,-0.617952,0.686603,0.114585,-0.692974,-0.006986,0.198028,0.000000,-0.903788,-0.068436,0.979649,-0.579306,0.140388,-0.042418,0.000000
0.000000,0.000000,-0.270000,0.520000,-0.300000,0.000000,0.000000,0.000000,-0.270000,0.520000,-0.300000,0.000000,-0.679180,0.723071,0.098956,-0.749441,-0.015521,0.213753,0.000000,-0.982065,-0.050000,0.959770,-0.596323,0.135191,-0.048918,0.000000
0.000000,0.000000,-0.270000,0.520000,-0.300000,0.000000,0.000000,0.000000,-0.270000,0.520000,-0.300000,0.000000,-0.740002,0.751364,0.087746,-0.806166,-0.022185,0.225914,0.000000,-1.050935,-0.050000,0.939790,-0.623020,0.130381,-0.053188,0.000000
0.000000,0.000000,-0.270000,0.520000,-0.300000,0.000000,0.000000,0.000000,-0.270000,0.520000,-0.300000,0.000000,-0.799391,0.768174,0.085678,-0.861258,-0.024884,0.236598,0.000000,-1.109190,-0.050000,0.921235,-0.658467,0.126344,-0.055817,0.000000
0.000000,0.000000,-0.270000,0.520000,-0.300000,0.000000,0.000000,0.000000,-0.270000,0.520000,-0.300000,0.000000,-0.861763,0.772582,0.091676,-0.919432,-0.022463,0.250678,0.000000,-1.165284,-0.050000,0.906855,-0.701871,0.124151,-0.059848,0.000000
0.000000,0.000000,-0.270000,0.520000,-0.300000,0.000000,0.000000,0.000000,-0.270000,0.520000,-0.300000,0.000000,-0.922442,0.775185,0.099137,-0.978957,-0.018121,0.270739,0.000000,-1.222088,-0.050000,0.897055,-0.751106,0.123760,-0.066639,0.000000
0.000000,0.000000,-0.270000,0.520000,-0.300000,0.000000,0.000000,0.000000,-0.270000,0.520000,-0.300000,0.000000,-0.967568,0.787691,0.095766,-1.031895,-0.018031,0.290789,0.000000,-1.275454,-0.050000,0.895650,-0.799472,0.126096,-0.072783,0.000000
0.000000,0.000000,-0.270000,0.520000,-0.300000,0.000000,0.000000,0.000000,-0.270000,0.520000,-0.300000,0.000000,-1.006883,0.803828,0.090096,-1.082426,-0.019750,0.310700,0.000000,-1.325271,-0.050000,0.898684,-0.850668,0.129734,-0.078041,0.000000
0.000000,0.000000,-0.270000,0.520000,-0.300000,0.000000,0.000000,0.000000,-0.270000,0.520000,-0.300000,0.000000,-1.043852,0.819728,0.085985,-1.131870,-0.021807,0.330958,0.000000,-1.371504,-0.050000,0.904543,-0.906865,0.133924,-0.083163,0.000000
0.000000,0.000000,-0.270000,0.520000,-0.300000,0.000000,0.000000,0.000000,-0.270000,0.520000,-0.300000,0.000000,-1.077541,0.833859,0.083243,-1.181835,-0.023668,0.352380,0.000000,-1.413712,-0.050000,0.912737,-0.969768,0.138615,-0.089311,0.000000
0.000000,0.000000,-0.270000,0.520000,-0.300000,0.000000,0.000000,0.000000,-0.270000,0.520000,-0.300000,0.000000,-1.102358,0.849403,0.080144,-1.226021,-0.026126,0.372109,0.000000,-1.448694,-0.050000,0.919109,-1.030753,0.142906,-0.096299,0.000000
0.000000,0.000000,-0.270000,0.520000,-0.300000,0.000000,0.000000,0.000000,-0.270000,0.520000,-0.300000,0.000000,-1.121349,0.879345,0.082250,-1.261637,-0.031064,0.391467,0.000000,-1.480204,-0.050000,0.927178,-1.090267,0.145704,-0.101468,0.000000
0.000000,0.000000,-0.270000,0.520000,-0.300000,0.000000,0.000000,0.000000,-0.270000,0.520000,-0.300000,0.000000,-1.137900,0.922197,0.088251,-1.306683,-0.037214,0.416644,0.000000,-1.515165,-0.050000,0.937963,-1.168813,0.148772,-0.108515,0.000000
0.000000,0.000000,-0.270000,0.520000,-0.300000,0.000000,0.000000,0.000000,-0.270000,0.520000,-0.300000,0.000000,-1.145793,0.943512,0.085562,-1.365391,-0.039178,0.439804,0.000000,-1.543943,-0.050000,0.942850,-1.251177,0.153723,-0.120244,0.000000
0.000000,0.000000,-0.270000,0.520000,-0.300000,0.000000,0.000000,0.000000,-0.270000,0.520000,-0.300000,0.000000,-1.150495,0.955284,0.077430,-1.428962,-0.041088,0.460551,0.000000,-1.567471,-0.050000,0.942917,-1.334194,0.158055,-0.134639,0.000000
0.000000,0.000000,-0.270000,0.520000,-0.300000,0.000000,0.000000,0.000000,-0.270000,0.520000,-0.300000,0.000000,-1.152621,0.972855,0.074583,-1.477997,-0.045012,0.479233,0.000000,-1.589802,-0.050000,0.947553,-1.401529,0.162893,-0.146456,0.000000
0.000000,0.000000,-0.270000,0.520000,-0.300000,0.000000,0.000000,0.000000,-0.270000,0.520000,-0.300000,0.000000,-1.152734,0.985958,0.076468,-1.513593,-0.047892,0.494161,0.000000,-1.610670,-0.050000,0.952334,-1.450437,0.169024,-0.156056,0.000000
0.000000,0.000000,-0.270000,0.520000,-0.300000,0.000000,0.000000,0.000000,-0.270000,0.520000,-0.300000,0.000000,-1.151838,0.992237,0.079123,-1.539337,-0.049192,0.500000,0.000000,-1.623485,-0.050000,0.953357,-1.484470,0.172990,-0.163260,0.000000
0.000000,0.000000,-0.270000,0.520000,-0.300000,0.000000,0.000000,0.000000,-0.270000,0.520000,-0.300000,0.000000,-1.151411,0.992384,0.080584,-1.555204,-0.049102,0.500000,0.000000,-1.629905,-0.050000,0.953044,-1.501831,0.175211,-0.167571,0.000000
0.000000,0.000000,-0.270000,0.520000,-0.300000,0.000000,0.000000,0.000000,-0.270000,0.520000,-0.300000,0.000000,-1.149739,0.987181,0.080782,-1.566738,-0.047952,0.500000,0.000000,-1.631124,-0.050000,0.951509,-1.510587,0.176308,-0.171048,0.000000
0.000000,0.000000,-0.270000,0.520000,-0.300000,0.000000,0.000000,0.000000,-0.270000,0.520000,-0.300000,0.000000,-1.145072,0.977853,0.079212,-1.573963,-0.046242,0.500000,0.000000,-1.627606,-0.050000,0.949348,-1.512499,0.176679,-0.174054,0.000000
0.000000,0.000000,-0.270000,0.520000,-0.300000,0.000000,0.000000,0.000000,-0.270000,0.520000,-0.300000,0.000000,-1.137435,0.963482,0.075478,-1.577328,-0.043767,0.500000,0.000000,-1.619821,-0.050000,0.947140,-1.508412,0.176420,-0.176433,0.000000
0.000000,0.000000,-0.270000,0.520000,-0.300000,0.000000,0.000000,0.000000,-0.270000,0.520000,-0.300000,0.000000,-1.128485,0.947259,0.070208,-1.577469,-0.041016,0.500000,0.000000,-1.610082,-0.050000,0.945577,-1.500875,0.175781,-0.177961,0.000000
0.000000,0.000000,-0.270000,0.520000,-0.300000,0.000000,0.000000,0.000000,-0.270000,0.520000,-0.300000,0.000000,-1.117330,0.927672,0.062036,-1.574472,-0.037569,0.500000,0.000000,-1.598032,-0.050000,0.943948,-1.490230,0.174665,-0.178856,0.000000
0.000000,0.000000,-0.270000,0.520000,-0.300000,0.000000,0.000000,0.000000,-0.270000,0.520000,-0.300000,0.000000,-1.103381,0.899923,0.051377,-1.569790,-0.032678,0.500000,0.000000,-1.581044,-0.050000,0.942178,-1.474330,0.173128,-0.179520,0.000000
0.000000,0.000000,-0.270000,0.520000,-0.300000,0.000000,0.000000,0.000000,-0.270000,0.520000,-0.300000,0.000000,-1.089266,0.868201,0.041402,-1.562724,-0.027084,0.500000,0.000000,-1.561292,-0.050000,0.940684,-1.454311,0.171545,-0.179732,0.000000
0.000000,0.000000,-0.270000,0.520000,-0.300000,0.000000,0.000000,0.000000,-0.270000,0.520000,-0.300000,0.000000,-1.072271,0.830170,0.029634,-1.551625,-0.020498,0.500000,0.000000,-1.536825,-0.050000,0.938498,-1.428596,0.169438,-0.179618,0.000000
0.000000,0.000000,-0.270000,0.520000,-0.300000,0.000000,0.000000,0.000000,-0.270000,0.520000,-0.300000,0.000000,-1.044348,0.775556,0.010337,-1.532811,-0.011578,0.500000,0.000000,-1.500724,-0.050000,0.934032,-1.390601,0.166302,-0.179384,0.000000
0.000000,0.000000,-0.270000,0.520000,-0.300000,0.000000,0.000000,0.000000,-0.270000,0.520000,-0.300000,0.000000,-1.016336,0.717573,-0.011170,-1.514407,-0.002612,0.500000,0.000000,-1.465866,-0.050000,0.926189,-1.351892,0.163382,-0.179881,0.000000
0.000000,0.000000,-0.270000,0.520000,-0.300000,0.000000,0.000000,0.000000,-0.270000,0.520000,-0.300000,0.000000,-0.988738,0.661344,-0.036002,-1.496291,0.005299,0.500000,0.000000,-1.434527,-0.050000,0.912525,-1.314707,0.160546,-0.181928,0.000000
0.000000,0.000000,-0.270000,0.520000,-0.300000,0.000000,0.000000,0.000000,-0.270000,0.520000,-0.300000,0.000000,-0.961912,0.610166,-0.065581,-1.479519,0.011489,0.494708,0.000000,-1.406498,-0.050000,0.892103,-1.277404,0.157891,-0.185594,0.000000
0.000000,0.000000,-0.270000,0.520000,-0.300000,0.000000,0.000000,0.000000,-0.270000,0.520000,-0.300000,0.000000,-0.934384,0.565230,-0.100397,-1.461938,0.015624,0.483551,0.000000,-1.380452,-0.050000,0.863506,-1.239361,0.154824,-0.190847,0.000000
0.000000,0.000000,-0.270000,0.520000,-0.300000,0.000000,0.000000,0.000000,-0.270000,0.520000,-0.300000,0.000000,-0.909355,0.524580,-0.139893,-1.445611,0.018040,0.470165,0.000000,-1.357366,-0.050000,0.826546,-1.203114,0.150774,-0.197590,0.000000
0.000000,0.000000,-0.270000,0.520000,-0.300000,0.000000,0.000000,0.000000,-0.270000,0.520000,-0.300000,0.000000,-0.889316,0.481573,-0.183326,-1.433340,0.020754,0.455343,0.000000,-1.339628,-0.050000,0.784193,-1.168703,0.146891,-0.205326,0.000000
0.000000,0.000000,-0.270000,0.520000,-0.300000,0.000000,0.000000,0.000000,-0.270000,0.520000,-0.300000,0.000000,-0.875877,0.437650,-0.229280,-1.425687,0.023522,0.440162,0.000000,-1.328612,-0.050000,0.738546,-1.135599,0.144132,-0.214089,0.000000
0.000000,0.000000,-0.270000,0.520000,-0.300000,0.000000,0.000000,0.000000,-0.270000,0.520000,-0.300000,0.000000,-0.868522,0.395360,-0.277759,-1.421442,0.025547,0.425148,0.000000,-1.324151,-0.064262,0.691881,-1.103134,0.143099,-0.223459,0.000000
0.000000,0.000000,-0.270000,0.520000,-0.300000,0.000000,0.000000,0.000000,-0.270000,0.520000,-0.300000,0.000000,-0.868720,0.348550,-0.340063,-1.422797,0.025986,0.407555,0.000000,-1.325496,-0.112506,0.635654,-1.070126,0.142763,-0.233877,0.000000
0.000000,0.000000,-0.270000,0.520000,-0.300000,0.000000,0.000000,0.000000,-0.270000,0.520000,-0.300000,0.000000,-0.879778,0.302707,-0.410175,-1.428778,0.023897,0.389474,0.000000,-1.333927,-0.159903,0.575863,-1.043669,0.142312,-0.243291,0.000000
0.000000,0.000000,-0.270000,0.520000,-0.300000,0.000000,0.000000,0.000000,-0.270000,0.520000,-0.300000,0.000000,-0.901696,0.260074,-0.488738,-1.437374,0.018218,0.371911,0.000000,-1.345300,-0.207761,0.516078,-1.022505,0.141893,-0.250396,0.000000
0.000000,0.000000,-0.270000,0.520000,-0.300000,0.000000,0.000000,0.000000,-0.270000,0.520000,-0.300000,0.000000,-0.930958,0.224326,-0.569273,-1.445361,0.009865,0.356860,0.000000,-1.358761,-0.252481,0.463859,-1.009439,0.141173,-0.254666,0.000000
0.000000,0.000000,-0.270000,0.520000,-0.300000,0.000000,0.000000,0.000000,-0.270000,0.520000,-0.300000,0.000000,-0.969852,0.195200,-0.645390,-1.452534,-0.000436,0.346283,0.000000,-1.377215,-0.290994,0.410186,-1.006753,0.138843,-0.258495,0.000000
0.000000,0.000000,-0.270000,0.520000,-0.300000,0.000000,0.000000,0.000000,-0.270000,0.520000,-0.300000,0.000000,-1.014771,0.166764,-0.712608,-1.461250,-0.010247,0.341721,0.000000,-1.398715,-0.329282,0.364334,-1.013411,0.138475,-0.262798,0.000000
0.000000,0.000000,-0.270000,0.520000,-0.300000,0.000000,0.000000,0.000000,-0.270000,0.520000,-0.300000,0.000000,-1.062019,0.135072,-0.777096,-1.471853,-0.018729,0.340832,0.000000,-1.423134,-0.370666,0.331207,-1.029263,0.141519,-0.267284,0.000000
0.000000,0.000000,-0.270000,0.520000,-0.300000,0.000000,0.000000,0.000000,-0.270000,0.520000,-0.300000,0.000000,-1.110416,0.102599,-0.838084,-1.486406,-0.025820,0.342125,0.000000,-1.452529,-0.409503,0.308137,-1.058314,0.146157,-0.272594,0.000000
0.000000,0.000000,-0.270000,0.520000,-0.300000,0.000000,0.000000,0.000000,-0.270000,0.520000,-0.300000,0.000000,-1.162199,0.072060,-0.895077,-1.504050,-0.033052,0.347523,0.000000,-1.484978,-0.449821,0.293746,-1.101801,0.152706,-0.280165,0.000000
0.000000,0.000000,-0.270000,0.520000,-0.300000,0.000000,0.000000,0.000000,-0.270000,0.520000,-0.300000,0.000000,-1.213775,0.050000,-0.945818,-1.523945,-0.040405,0.355262,0.000000,-1.519088,-0.487038,0.287344,-1.156824,0.160011,-0.288815,0.000000
0.000000,0.000000,-0.270000,0.520000,-0.300000,0.000000,0.000000,0.000000,-0.270000,0.520000,-0.300000,0.000000,-1.261637,0.050000,-0.990996,-1.551000,-0.046386,0.362111,0.000000,-1.555359,-0.517825,0.291021,-1.226564,0.166750,-0.298654,0.000000
0.000000,0.000000,-0.270000,0.520000,-0.300000,0.000000,0.000000,0.000000,-0.270000,0.520000,-0.300000,0.000000,-1.302635,0.050000,-1.026007,-1.578572,-0.052276,0.367960,0.000000,-1.590657,-0.541871,0.298039,-1.299586,0.172360,-0.309018,0.000000
0.000000,0.000000,-0.270000,0.520000,-0.300000,0.000000,0.000000,0.000000,-0.270000,0.520000,-0.300000,0.000000,-1.348502,0.050000,-1.057903,-1.606706,-0.061509,0.376850,0.000000,-1.626594,-0.570456,0.312508,-1.386627,0.179268,-0.321041,0.000000
0.000000,0.000000,-0.270000,0.520000,-0.300000,0.000000,0.000000,0.000000,-0.270000,0.520000,-0.300000,0.000000,-1.386791,0.050000,-1.076723,-1.630622,-0.070992,0.386788,0.000000,-1.657454,-0.598530,0.331560,-1.467574,0.186811,-0.331409,0.000000
0.000000,0.000000,-0.270000,0.520000,-0.300000,0.000000,0.000000,0.000000,-0.270000,0.520000,-0.300000,0.000000,-1.422945,0.050000,-1.088753,-1.646416,-0.082529,0.398248,0.000000,-1.683645,-0.624783,0.352569,-1.543570,0.194053,-0.340340,0.000000
0.000000,0.000000,-0.270000,0.520000,-0.300000,0.000000,0.000000,0.000000,-0.270000,0.520000,-0.300000,0.000000,-1.452537,0.050000,-1.095007,-1.655832,-0.093590,0.409489,0.000000,-1.702440,-0.647533,0.372342,-1.606822,0.200228,-0.348606,0.000000
0.000000,0.000000,-0.270000,0.520000,-0.300000,0.000000,0.000000,0.000000,-0.270000,0.520000,-0.300000,0.000000,-1.464799,0.050000,-1.095549,-1.660793,-0.099052,0.416184,0.000000,-1.710335,-0.660063,0.386767,-1.643928,0.203647,-0.354199,0.000000
0.000000,0.000000,-0.270000,0.520000,-0.300000,0.000000,0.000000,0.000000,-0.270000,0.520000,-0.300000,0.000000,-1.468616,0.050000,-1.094868,-1.661881,-0.102136,0.420256,0.000000,-1.710396,-0.664854,0.396811,-1.664638,0.204578,-0.357751,0.000000
0.000000,0.000000,-0.270000,0.520000,-0.300000,0.000000,0.000000,0.000000,-0.270000,0.520000,-0.300000,0.000000,-1.462346,0.050000,-1.094100,-1.657108,-0.103380,0.422721,0.000000,-1.698018,-0.658018,0.404963,-1.671369,0.201179,-0.359515,0.000000
0.000000,0.000000,-0.270000,0.520000,-0.300000,0.000000,0.000000,0.000000,-0.270000,0.520000,-0.300000,0.000000,-1.451450,0.050000,-1.093680,-1.648841,-0.103812,0.424385,0.000000,-1.679888,-0.648199,0.411233,-1.669426,0.196643,-0.360200,0.000000
0.000000,0.000000,-0.270000,0.520000,-0.300000,0.000000,0.000000,0.000000,-0.270000,0.520000,-0.300000,0.000000,-1.434312,0.050000,-1.092332,-1.632441,-0.104173,0.425981,0.000000,-1.649435,-0.631963,0.417871,-1.655100,0.189685,-0.359479,0.000000
0.000000,0.000000,-0.270000,0.520000,-0.300000,0.000000,0.000000,0.000000,-0.270000,0.520000,-0.300000,0.000000,-1.409167,0.050000,-1.088032,-1.609061,-0.103768,0.428064,0.000000,-1.605856,-0.607190,0.424728,-1.628881,0.179808,-0.357598,0.000000
0.000000,0.000000,-0.270000,0.520000,-0.300000,0.000000,0.000000,0.000000,-0.270000,0.520000,-0.300000,0.000000,-1.377015,0.050000,-1.078785,-1.592781,-0.098838,0.429389,0.000000,-1.567855,-0.584617,0.429114,-1.602820,0.171531,-0.355147,0.000000
0.000000,0.000000,-0.270000,0.520000,-0.300000,0.000000,0.000000,0.000000,-0.270000,0.520000,-0.300000,0.000000,-1.330787,0.050000,-1.061650,-1.572330,-0.089820,0.430751,0.000000,-1.522990,-0.559692,0.438176,-1.570497,0.163214,-0.350066,0.000000
0.000000,0.000000,-0.270000,0.520000,-0.300000,0.000000,0.000000,0.000000,-0.270000,0.520000,-0.300000,0.000000,-1.277832,0.050000,-1.034073,-1.543627,-0.080517,0.433259,0.000000,-1.467372,-0.526427,0.450237,-1.529213,0.153245,-0.342466,0.000000
0.000000,0.000000,-0.270000,0.520000,-0.300000,0.000000,0.000000,0.000000,-0.270000,0.520000,-0.300000,0.000000,-1.232498,0.050000,-0.998752,-1.513986,-0.073700,0.437291,0.000000,-1.414812,-0.490950,0.464063,-1.490183,0.144119,-0.333206,0.000000
0.000000,0.000000,-0.270000,0.520000,-0.300000,0.000000,0.000000,0.000000,-0.270000,0.520000,-0.300000,0.000000,-1.195740,0.078796,-0.959655,-1.486596,-0.068792,0.442412,0.000000,-1.368372,-0.459908,0.480561,-1.454288,0.137476,-0.322802,0.000000
0.000000,0.000000,-0.270000,0.520000,-0.300000,0.000000,0.000000,0.000000,-0.270000,0.520000,-0.300000,0.000000,-1.165362,0.108223,-0.917338,-1.462468,-0.064741,0.448561,0.000000,-1.329429,-0.437433,0.500485,-1.422261,0.134091,-0.311730,0.000000
0.000000,0.000000,-0.270000,0.520000,-0.300000,0.000000,0.000000,0.000000,-0.270000,0.520000,-0.300000,0.000000,-1.136009,0.133943,-0.865728,-1.440726,-0.059708,0.455481,0.000000,-1.294851,-0.417438,0.522923,-1.391940,0.132365,-0.300041,0.000000
0.000000,0.000000,-0.270000,0.520000,-0.300000,0.000000,0.000000,0.000000,-0.270000,0.520000,-0.300000,0.000000,-1.108564,0.150652,-0.803945,-1.425276,-0.052653,0.464416,0.000000,-1.265146,-0.395102,0.546330,-1.364607,0.130951,-0.287940,0.000000
0.000000,0.000000,-0.270000,0.520000,-0.300000,0.000000,0.000000,0.000000,-0.270000,0.520000,-0.300000,0.000000,-1.080580,0.171255,-0.719714,-1.409410,-0.043967,0.477905,0.000000,-1.239447,-0.362708,0.576409,-1.338332,0.129943,-0.272610,0.000000
0.000000,0.000000,-0.270000,0.520000,-0.300000,0.000000,0.000000,0.000000,-0.270000,0.520000,-0.300000,0.000000,-1.054402,0.216691,-0.612183,-1.386903,-0.036972,0.491932,0.000000,-1.225807,-0.318096,0.621889,-1.313333,0.132732,-0.252247,0.000000
0.000000,0.000000,-0.270000,0.520000,-0.300000,0.000000,0.000000,0.000000,-0.270000,0.520000,-0.300000,0.000000,-1.040283,0.293939,-0.513239,-1.360312,-0.038358,0.495793,0.000000,-1.232016,-0.268899,0.673142,-1.294447,0.139596,-0.232681,0.000000
0.000000,0.000000,-0.270000,0.520000,-0.300000,0.000000,0.000000,0.000000,-0.270000,0.520000,-0.300000,0.000000,-1.033992,0.372951,-0.425522,-1.339030,-0.041491,0.492681,0.000000,-1.249765,-0.214717,0.725159,-1.282878,0.146957,-0.215323,0.000000
0.000000,0.000000,-0.270000,0.520000,-0.300000,0.000000,0.000000,0.000000,-0.270000,0.520000,-0.300000,0.000000,-1.029684,0.444454,-0.343318,-1.322213,-0.042825,0.488097,0.000000,-1.270897,-0.151526,0.773470,-1.281203,0.151044,-0.200519,0.000000
0.000000,0.000000,-0.270000,0.520000,-0.300000,0.000000,0.000000,0.000000,-0.270000,0.520000,-0.300000,0.000000,-1.027092,0.506982,-0.271628,-1.309616,-0.043232,0.482511,0.000000,-1.293019,-0.093376,0.820164,-1.284514,0.154067,-0.188746,0.000000
0.000000,0.000000,-0.270000,0.520000,-0.300000,0.000000,0.000000,0.000000,-0.270000,0.520000,-0.300000,0.000000,-1.027177,0.563378,-0.206878,-1.301233,-0.043504,0.477238,0.000000,-1.318279,-0.051515,0.861820,-1.294693,0.157138,-0.181100,0.000000
0.000000,0.000000,-0.270000,0.520000,-0.300000,0.000000,0.000000,0.000000,-0.270000,0.520000,-0.300000,0.000000,-1.029697,0.612966,-0.148454,-1.297975,-0.043616,0.473033,0.000000,-1.347161,-0.050000,0.896361,-1.312212,0.161095,-0.178656,0.000000
0.000000,0.000000,-0.270000,0.520000,-0.300000,0.000000,0.000000,0.000000,-0.270000,0.520000,-0.300000,0.000000,-1.034494,0.654648,-0.097109,-1.302283,-0.043263,0.469651,0.000000,-1.374647,-0.050000,0.929733,-1.337062,0.164831,-0.178851,0.000000
0.000000,0.000000,-0.270000,0.520000,-0.300000,0.000000,0.000000,0.000000,-0.270000,0.520000,-0.300000,0.000000,-1.040567,0.691257,-0.055195,-1.316695,-0.043056,0.466548,0.000000,-1.399231,-0.050000,0.960430,-1.366758,0.167910,-0.179982,0.000000
0.000000,0.000000,-0.270000,0.520000,-0.300000,0.000000,0.000000,0.000000,-0.270000,0.520000,-0.300000,0.000000,-1.045679,0.732078,-0.022967,-1.342095,-0.044632,0.464161,0.000000,-1.425084,-0.050000,0.991144,-1.399222,0.172286,-0.181427,0.000000
0.000000,0.000000,-0.270000,0.520000,-0.300000,0.000000,0.000000,0.000000,-0.270000,0.520000,-0.300000,0.000000,-1.054621,0.770129,0.000401,-1.377701,-0.047239,0.463862,0.000000,-1.452949,-0.050000,1.019213,-1.432657,0.178034,-0.182899,0.000000
0.000000,0.000000,-0.270000,0.520000,-0.300000,0.000000,0.000000,0.000000,-0.270000,0.520000,-0.300000,0.000000,-1.066246,0.814909,0.020970,-1.433584,-0.050041,0.470135,0.000000,-1.485045,-0.050000,1.045539,-1.474835,0.185389,-0.186462,0.000000
0.000000,0.000000,-0.270000,0.520000,-0.300000,0.000000,0.000000,0.000000,-0.270000,0.520000,-0.300000,0.000000,-1.073980,0.844670,0.028507,-1.489213,-0.051357,0.478381,0.000000,-1.505247,-0.050000,1.057311,-1.512964,0.189687,-0.190636,0.000000
0.000000,0.000000,-0.270000,0.520000,-0.300000,0.000000,0.000000,0.000000,-0.270000,0.520000,-0.300000,0.000000,-1.086260,0.880265,0.028881,-1.570021,-0.054352,0.486804,0.000000,-1.520058,-0.050000,1.060759,-1.566937,0.189955,-0.195833,0.000000
0.000000,0.000000,-0.270000,0.520000,-0.300000,0.000000,0.000000,0.000000,-0.270000,0.520000,-0.300000,0.000000,-1.093451,0.918353,0.021353,-1.659523,-0.057185,0.497406,0.000000,-1.538680,-0.050000,1.060734,-1.613302,0.193200,-0.200700,0.000000
0.000000,0.000000,-0.270000,0.520000,-0.300000,0.000000,0.000000,0.000000,-0.270000,0.520000,-0.300000,0.000000,-1.099553,0.948404,0.013306,-1.743449,-0.058537,0.500000,0.000000,-1.569829,-0.050000,1.051585,-1.649908,0.203269,-0.207823,0.000000
0.000000,0.000000,-0.270000,0.520000,-0.300000,0.000000,0.000000,0.000000,-0.270000,0.520000,-0.300000,0.000000,-1.105822,0.967668,0.008119,-1.800000,-0.058764,0.500000,0.000000,-1.590346,-0.050000,1.034435,-1.679499,0.209709,-0.215343,0.000000
0.000000,0.000000,-0.270000,0.520000,-0.300000,0.000000,0.000000,0.000000,-0.270000,0.520000,-0.300000,0.000000,-1.110663,0.981367,0.006998,-1.800000,-0.059735,0.500000,0.000000,-1.599070,-0.050000,1.017718,-1.697073,0.212073,-0.221200,0.000000
0.000000,0.000000,-0.270000,0.520000,-0.300000,0.000000,0.000000,0.000000,-0.270000,0.520000,-0.300000,0.000000,-1.115345,0.986840,0.008798,-1.800000,-0.060047,0.500000,0.000000,-1.601188,-0.050000,1.004796,-1.701665,0.213200,-0.224777,0.000000
0.000000,0.000000,-0.270000,0.520000,-0.300000,0.000000,0.000000,0.000000,-0.270000,0.520000,-0.300000,0.000000,-1.117004,0.984986,0.011819,-1.800000,-0.059224,0.500000,0.000000,-1.599628,-0.050000,0.995426,-1.695208,0.214454,-0.226691,0.000000
0.000000,0.000000,-0.270000,0.520000,-0.300000,0.000000,0.000000,0.000000,-0.270000,0.520000,-0.300000,0.000000,-1.112669,0.973986,0.016819,-1.800000,-0.056653,0.500000,0.000000,-1.589790,-0.050000,0.984941,-1.676270,0.215174,-0.228039,0.000000
0.000000,0.000000,-0.270000,0.520000,-0.300000,0.000000,0.000000,0.000000,-0.270000,0.520000,-0.300000,0.000000,-1.099400,0.951597,0.024031,-1.800000,-0.051933,0.500000,0.000000,-1.568226,-0.050000,0.974745,-1.642223,0.214335,-0.228145,0.000000
0.000000,0.000000,-0.270000,0.520000,-0.300000,0.000000,0.000000,0.000000,-0.270000,0.520000,-0.300000,0.000000,-1.079512,0.923433,0.033945,-1.800000,-0.046562,0.500000,0.000000,-1.538567,-0.050000,0.967369,-1.598990,0.212040,-0.226678,0.000000
0.000000,0.000000,-0.270000,0.520000,-0.300000,0.000000,0.000000,0.000000,-0.270000,0.520000,-0.300000,0.000000,-1.053791,0.895926,0.046371,-1.770877,-0.041941,0.500000,0.000000,-1.502658,-0.050000,0.961682,-1.553498,0.207893,-0.224162,0.000000
0.000000,0.000000,-0.270000,0.520000,-0.300000,0.000000,0.000000,0.000000,-0.270000,0.520000,-0.300000,0.000000,-1.023832,0.867777,0.060300,-1.720197,-0.037772,0.500000,0.000000,-1.465489,-0.050000,0.960287,-1.503205,0.204111,-0.220141,0.000000
0.000000,0.000000,-0.270000,0.520000,-0.300000,0.000000,0.000000,0.000000,-0.270000,0.520000,-0.300000,0.000000,-0.993332,0.837689,0.077683,-1.666570,-0.033489,0.500000,0.000000,-1.428886,-0.050000,0.960452,-1.451870,0.200792,-0.215493,0.000000
0.000000,0.000000,-0.270000,0.520000,-0.300000,0.000000,0.000000,0.000000,-0.270000,0.520000,-0.300000,0.000000,-0.961363,0.809998,0.095945,-1.610158,-0.029777,0.500000,0.000000,-1.394416,-0.050000,0.961226,-1.402204,0.197715,-0.210414,0.000000
0.000000,0.000000,-0.270000,0.520000,-0.300000,0.000000,0.000000,0.000000,-0.270000,0.520000,-0.300000,0.000000,-0.920598,0.778053,0.119896,-1.539337,-0.026032,0.500000,0.000000,-1.355408,-0.050000,0.962364,-1.342686,0.194534,-0.203875,0.000000
0.000000,0.000000,-0.270000,0.520000,-0.300000,0.000000,0.000000,0.000000,-0.270000,0.520000,-0.300000,0.000000,-0.890860,0.755928,0.139143,-1.486416,-0.023884,0.500000,0.000000,-1.329068,-0.050000,0.962644,-1.298804,0.192550,-0.198980,0.000000
0.000000,0.000000,-0.270000,0.520000,-0.300000,0.000000,0.000000,0.000000,-0.270000,0.520000,-0.300000,0.000000,-0.870533,0.741556,0.153780,-1.448761,-0.022837,0.500000,0.000000,-1.311891,-0.050000,0.962020,-1.266969,0.191398,-0.195662,0.000000
0.000000,0.000000,-0.270000,0.520000,-0.300000,0.000000,0.000000,0.000000,-0.270000,0.520000,-0.300000,0.000000,-0.854649,0.731380,0.166197,-1.418416,-0.022427,0.500000,0.000000,-1.300096,-0.050000,0.961308,-1.240982,0.190889,-0.193178,0.000000
0.000000,0.000000,-0.270000,0.520000,-0.300000,0.000000,0.000000,0.000000,-0.270000,0.520000,-0.300000,0.000000,-0.841593,0.723933,0.178347,-1.392183,-0.022504,0.500000,0.000000,-1.291991,-0.050000,0.960759,-1.218819,0.190701,-0.191024,0.000000
0.000000,0.000000,-0.270000,0.520000,-0.300000,0.000000,0.000000,0.000000,-0.270000,0.520000,-0.300000,0.000000,-0.832477,0.719962,0.189959,-1.372304,-0.023141,0.500000,0.000000,-1.288655,-0.050000,0.960810,-1.202910,0.190871,-0.189192,0.000000
0.000000,0.000000,-0.270000,0.520000,-0.300000,0.000000,0.000000,0.000000,-0.270000,0.520000,-0.300000,0.000000,-0.828537,0.719030,0.201755,-1.359831,-0.024235,0.500000,0.000000,-1.290795,-0.050000,0.962276,-1.193681,0.191658,-0.187667,0.000000
0.000000,0.000000,-0.270000,0.520000,-0.300000,0.000000,0.000000,0.000000,-0.270000,0.520000,-0.300000,0.000000,-0.830088,0.721697,0.213059,-1.355888,-0.025938,0.500000,0.000000,-1.299280,-0.050000,0.965596,-1.191623,0.193324,-0.186498,0.000000
0.000000,0.000000,-0.270000,0.520000,-0.300000,0.000000,0.000000,0.000000,-0.270000,0.520000,-0.300000,0.000000,-0.841220,0.734141,0.228288,-1.365317,-0.030635,0.500000,0.000000,-1.327259,-0.050000,0.973009,-1.199803,0.197883,-0.185410,0.000000
0.000000,0.000000,-0.270000,0.520000,-0.300000,0.000000,0.000000,0.000000,-0.270000,0.520000,-0.300000,0.000000,-0.854633,0.752638,0.238086,-1.382382,-0.036622,0.500000,0.000000,-1.361078,-0.050000,0.978591,-1.212785,0.202502,-0.185188,0.000000
0.000000,0.000000,-0.270000,0.520000,-0.300000,0.000000,0.000000,0.000000,-0.270000,0.520000,-0.300000,0.000000,-0.871899,0.792323,0.240452,-1.420155,-0.045935,0.500000,0.000000,-1.410618,-0.050000,0.987968,-1.240825,0.208530,-0.185681,0.000000
0.000000,0.000000,-0.270000,0.520000,-0.300000,0.000000,0.000000,0.000000,-0.270000,0.520000,-0.300000,0.000000,-0.887176,0.828815,0.234577,-1.469283,-0.052982,0.500000,0.000000,-1.458856,-0.050000,0.991761,-1.271503,0.214566,-0.188184,0.000000
0.000000,0.000000,-0.270000,0.520000,-0.300000,0.000000,0.000000,0.000000,-0.270000,0.520000,-0.300000,0.000000,-0.901491,0.862872,0.219466,-1.529517,-0.057318,0.500000,0.000000,-1.503185,-0.050000,0.989953,-1.311487,0.219388,-0.193212,0.000000
0.000000,0.000000,-0.270000,0.520000,-0.300000,0.000000,0.000000,0.000000,-0.270000,0.520000,-0.300000,0.000000,-0.912577,0.900051,0.199195,-1.597299,-0.060415,0.500000,0.000000,-1.534221,-0.050000,0.980819,-1.362651,0.219147,-0.199764,0.000000
0.000000,0.000000,-0.270000,0.520000,-0.300000,0.000000,0.000000,0.000000,-0.270000,0.520000,-0.300000,0.000000,-0.924664,0.935642,0.181154,-1.669470,-0.062445,0.500000,0.000000,-1.560127,-0.050000,0.974013,-1.419537,0.217070,-0.205404,0.000000
0.000000,0.000000,-0.270000,0.520000,-0.300000,0.000000,0.000000,0.000000,-0.270000,0.520000,-0.300000,0.000000,-0.945110,0.965780,0.168855,-1.748262,-0.063983,0.500000,0.000000,-1.588475,-0.050000,0.970816,-1.480841,0.216334,-0.211158,0.000000
0.000000,0.000000,-0.270000,0.520000,-0.300000,0.000000,0.000000,0.000000,-0.270000,0.520000,-0.300000,0.000000,-0.961168,0.994427,0.153760,-1.800000,-0.066593,0.500000,0.000000,-1.612471,-0.050000,0.967421,-1.538725,0.215749,-0.216549,0.000000
0.000000,0.000000,-0.270000,0.520000,-0.300000,0.000000,0.000000,0.000000,-0.270000,0.520000,-0.300000,0.000000,-0.972005,1.019899,0.142030,-1.800000,-0.069990,0.500000,0.000000,-1.629301,-0.050000,0.963569,-1.585874,0.214803,-0.220812,0.000000
0.000000,0.000000,-0.270000,0.520000,-0.300000,0.000000,0.000000,0.000000,-0.270000,0.520000,-0.300000,0.000000,-0.981402,1.042690,0.134172,-1.800000,-0.073125,0.500000,0.000000,-1.641197,-0.050000,0.959664,-1.621512,0.213508,-0.224092,0.000000
0.000000,0.000000,-0.270000,0.520000,-0.300000,0.000000,0.000000,0.000000,-0.270000,0.520000,-0.300000,0.000000,-0.987004,1.052174,0.131481,-1.800000,-0.074013,0.500000,0.000000,-1.644174,-0.050000,0.957380,-1.641914,0.210879,-0.225728,0.000000
0.000000,0.000000,-0.270000,0.520000,-0.300000,0.000000,0.000000,0.000000,-0.270000,0.520000,-0.300000,0.000000,-0.990363,1.054524,0.131694,-1.800000,-0.074202,0.500000,0.000000,-1.643395,-0.050000,0.957349,-1.650913,0.208264,-0.226218,0.000000
0.000000,0.000000,-0.270000,0.520000,-0.300000,0.000000,0.000000,0.000000,-0.270000,0.520000,-0.300000,0.000000,-0.991982,1.046190,0.130929,-1.800000,-0.072094,0.500000,0.000000,-1.644356,-0.050000,0.960160,-1.647129,0.208504,-0.225774,0.000000
0.000000,0.000000,-0.270000,0.520000,-0.300000,0.000000,0.000000,0.000000,-0.270000,0.520000,-0.300000,0.000000,-0.992474,1.028439,0.130476,-1.800000,-0.068036,0.500000,0.000000,-1.643708,-0.050000,0.963653,-1.635326,0.209954,-0.224796,0.000000
0.000000,0.000000,-0.270000,0.520000,-0.300000,0.000000,0.000000,0.000000,-0.270000,0.520000,-0.300000,0.000000,-0.990321,1.002327,0.129320,-1.800000,-0.062441,0.500000,0.000000,-1.636430,-0.050000,0.966671,-1.617692,0.210335,-0.223408,0.000000
0.000000,0.000000,-0.270000,0.520000,-0.300000,0.000000,0.000000,0.000000,-0.270000,0.520000,-0.300000,0.000000,-0.980687,0.951250,0.124523,-1.800000,-0.052062,0.500000,0.000000,-1.616172,-0.050000,0.970770,-1.584535,0.209595,-0.220914,0.000000
0.000000,0.000000,-0.270000,0.520000,-0.300000,0.000000,0.000000,0.000000,-0.270000,0.520000,-0.300000,0.000000,-0.961984,0.882682,0.115246,-1.800000,-0.039006,0.500000,0.000000,-1.586273,-0.050000,0.974938,-1.541841,0.208354,-0.217921,0.000000
0.000000,0.000000,-0.270000,0.520000,-0.300000,0.000000,0.000000,0.000000,-0.270000,0.520000,-0.300000,0.000000,-0.940772,0.820849,0.102772,-1.800000,-0.028134,0.500000,0.000000,-1.557600,-0.050000,0.975707,-1.500862,0.206427,-0.215532,0.000000
0.000000,0.000000,-0.270000,0.520000,-0.300000,0.000000,0.000000,0.000000,-0.270000,0.520000,-0.300000,0.000000,-0.915023,0.748503,0.085602,-1.800000,-0.016278,0.500000,0.000000,-1.520596,-0.050000,0.971523,-1.450397,0.202359,-0.213362,0.000000
0.000000,0.000000,-0.270000,0.520000,-0.300000,0.000000,0.000000,0.000000,-0.270000,0.520000,-0.300000,0.000000,-0.890281,0.674043,0.065696,-1.762650,-0.004868,0.500000,0.000000,-1.480558,-0.050000,0.960059,-1.399250,0.196980,-0.212839,0.000000
0.000000,0.000000,-0.270000,0.520000,-0.300000,0.000000,0.000000,0.000000,-0.270000,0.520000,-0.300000,0.000000,-0.866456,0.607632,0.042616,-1.718194,0.003994,0.500000,0.000000,-1.441031,-0.050000,0.939182,-1.348889,0.191156,-0.214565,0.000000
0.000000,0.000000,-0.270000,0.520000,-0.300000,0.000000,0.000000,0.000000,-0.270000,0.520000,-0.300000,0.000000,-0.843295,0.546030,0.011223,-1.675190,0.011286,0.500000,0.000000,-1.401886,-0.050000,0.906050,-1.297505,0.184722,-0.218800,0.000000
0.000000,0.000000,-0.270000,0.520000,-0.300000,0.000000,0.000000,0.000000,-0.270000,0.520000,-0.300000,0.000000,-0.823860,0.485238,-0.025899,-1.635071,0.018114,0.500000,0.000000,-1.364480,-0.050000,0.861220,-1.247402,0.177248,-0.225252,0.000000
0.000000,0.000000,-0.270000,0.520000,-0.300000,0.000000,0.000000,0.000000,-0.270000,0.520000,-0.300000,0.000000,-0.810780,0.424242,-0.063346,-1.597981,0.024656,0.500000,0.000000,-1.331302,-0.050000,0.805396,-1.200547,0.168747,-0.233890,0.000000
0.000000,0.000000,-0.270000,0.520000,-0.300000,0.000000,0.000000,0.000000,-0.270000,0.520000,-0.300000,0.000000,-0.801403,0.363174,-0.103223,-1.563369,0.030963,0.500000,0.000000,-1.305106,-0.050000,0.742678,-1.156307,0.161057,-0.244294,0.000000
0.000000,0.000000,-0.270000,0.520000,-0.300000,0.000000,0.000000,0.000000,-0.270000,0.520000,-0.300000,0.000000,-0.793134,0.313887,-0.150860,-1.529634,0.033976,0.500000,0.000000,-1.287081,-0.050000,0.678377,-1.114062,0.155574,-0.255511,0.000000
0.000000,0.000000,-0.270000,0.520000,-0.300000,0.000000,0.000000,0.000000,-0.270000,0.520000,-0.300000,0.000000,-0.792278,0.269083,-0.211135,-1.502013,0.034707,0.491424,0.000000,-1.277389,-0.050000,0.607587,-1.076308,0.150688,-0.267459,0.000000
0.000000,0.000000,-0.270000,0.520000,-0.300000,0.000000,0.000000,0.000000,-0.270000,0.520000,-0.300000,0.000000,-0.802289,0.218744,-0.289941,-1.477033,0.032971,0.462688,0.000000,-1.277884,-0.073506,0.524685,-1.042598,0.146826,-0.280731,0.000000
0.000000,0.000000,-0.270000,0.520000,-0.300000,0.000000,0.000000,0.000000,-0.270000,0.520000,-0.300000,0.000000,-0.827493,0.176172,-0.380823,-1.457349,0.026110,0.431817,0.000000,-1.291691,-0.119361,0.458683,-1.022745,0.148122,-0.289642,0.000000
0.000000,0.000000,-0.270000,0.520000,-0.300000,0.000000,0.000000,0.000000,-0.270000,0.520000,-0.300000,0.000000,-0.863516,0.133791,-0.485566,-1.441313,0.016278,0.400919,0.000000,-1.312074,-0.171587,0.401979,-1.014081,0.151951,-0.296121,0.000000
0.000000,0.000000,-0.270000,0.520000,-0.300000,0.000000,0.000000,0.000000,-0.270000,0.520000,-0.300000,0.000000,-0.902785,0.095155,-0.580391,-1.435653,0.007396,0.377159,0.000000,-1.336265,-0.219459,0.358107,-1.020524,0.156073,-0.301454,0.000000
0.000000,0.000000,-0.270000,0.520000,-0.300000,0.000000,0.000000,0.000000,-0.270000,0.520000,-0.300000,0.000000,-0.944045,0.062406,-0.668488,-1.439634,-0.000994,0.359245,0.000000,-1.363331,-0.265119,0.324767,-1.041010,0.160628,-0.307122,0.000000
0.000000,0.000000,-0.270000,0.520000,-0.300000,0.000000,0.000000,0.000000,-0.270000,0.520000,-0.300000,0.000000,-0.987605,0.050000,-0.755283,-1.450392,-0.009344,0.344994,0.000000,-1.392125,-0.312052,0.300519,-1.073395,0.166239,-0.313682,0.000000
0.000000,0.000000,-0.270000,0.520000,-0.300000,0.000000,0.000000,0.000000,-0.270000,0.520000,-0.300000,0.000000,-1.033410,0.050000,-0.840548,-1.467381,-0.017272,0.335242,0.000000,-1.422823,-0.363797,0.286531,-1.117928,0.174009,-0.322396,0.000000
0.000000,0.000000,-0.270000,0.520000,-0.300000,0.000000,0.000000,0.000000,-0.270000,0.520000,-0.300000,0.000000,-1.081789,0.050000,-0.920611,-1.490513,-0.024972,0.331972,0.000000,-1.452597,-0.417070,0.279177,-1.170870,0.182584,-0.333444,0.000000
0.000000,0.000000,-0.270000,0.520000,-0.300000,0.000000,0.000000,0.000000,-0.270000,0.520000,-0.300000,0.000000,-1.139293,0.050000,-1.002158,-1.519660,-0.035980,0.334823,0.000000,-1.479895,-0.470676,0.276439,-1.232701,0.190173,-0.345761,0.000000
0.000000,0.000000,-0.270000,0.520000,-0.300000,0.000000,0.000000,0.000000,-0.270000,0.520000,-0.300000,0.000000,-1.187005,0.050000,-1.065560,-1.558705,-0.043054,0.341008,0.000000,-1.505978,-0.520925,0.275491,-1.299417,0.195852,-0.357893,0.000000
0.000000,0.000000,-0.270000,0.520000,-0.300000,0.000000,0.000000,0.000000,-0.270000,0.520000,-0.300000,0.000000,-1.219019,0.050000,-1.115422,-1.608448,-0.043645,0.344714,0.000000,-1.537197,-0.575009,0.277552,-1.376509,0.202461,-0.369587,0.000000
0.000000,0.000000,-0.270000,0.520000,-0.300000,0.000000,0.000000,0.000000,-0.270000,0.520000,-0.300000,0.000000,-1.241963,0.050000,-1.145821,-1.647631,-0.043779,0.347824,0.000000,-1.565697,-0.624927,0.282013,-1.442930,0.209804,-0.379264,0.000000
0.000000,0.000000,-0.270000,0.520000,-0.300000,0.000000,0.000000,0.000000,-0.270000,0.520000,-0.300000,0.000000,-1.263608,0.050000,-1.169147,-1.680810,-0.044327,0.349858,0.000000,-1.596448,-0.676316,0.287539,-1.509213,0.217742,-0.389389,0.000000
0.000000,0.000000,-0.270000,0.520000,-0.300000,0.000000,0.000000,0.000000,-0.270000,0.520000,-0.300000,0.000000,-1.276681,0.050000,-1.182716,-1.705017,-0.043529,0.352769,0.000000,-1.619362,-0.717067,0.294211,-1.566049,0.222042,-0.398336,0.000000
0.000000,0.000000,-0.270000,0.520000,-0.300000,0.000000,0.000000,0.000000,-0.270000,0.520000,-0.300000,0.000000,-1.292616,0.050000,-1.189034,-1.721502,-0.044861,0.357652,0.000000,-1.631939,-0.746314,0.305018,-1.610957,0.223034,-0.404295,0.000000
0.000000,0.000000,-0.270000,0.520000,-0.300000,0.000000,0.000000,0.000000,-0.270000,0.520000,-0.300000,0.000000,-1.310654,0.050000,-1.191861,-1.733529,-0.047874,0.361463,0.000000,-1.635781,-0.767788,0.319228,-1.640936,0.223499,-0.407232,0.000000
0.000000,0.000000,-0.270000,0.520000,-0.300000,0.000000,0.000000,0.000000,-0.270000,0.520000,-0.300000,0.000000,-1.322105,0.050000,-1.194409,-1.741509,-0.049778,0.364143,0.000000,-1.633310,-0.781097,0.330951,-1.658721,0.222635,-0.409380,0.000000
0.000000,0.000000,-0.270000,0.520000,-0.300000,0.000000,0.000000,0.000000,-0.270000,0.520000,-0.300000,0.000000,-1.320534,0.050000,-1.196988,-1.743936,-0.048885,0.365229,0.000000,-1.623249,-0.782729,0.337137,-1.662655,0.219036,-0.411279,0.000000
0.000000,0.000000,-0.270000,0.520000,-0.300000,0.000000,0.000000,0.000000,-0.270000,0.520000,-0.300000,0.000000,-1.307905,0.050000,-1.198740,-1.738535,-0.046281,0.365084,0.000000,-1.605984,-0.771216,0.336334,-1.654165,0.211839,-0.412902,0.000000
0.000000,0.000000,-0.270000,0.520000,-0.300000,0.000000,0.000000,0.000000,-0.270000,0.520000,-0.300000,0.000000,-1.290014,0.050000,-1.197413,-1.723637,-0.044079,0.365186,0.000000,-1.581526,-0.746874,0.328848,-1.633752,0.201170,-0.414242,0.000000
0.000000,0.000000,-0.270000,0.520000,-0.300000,0.000000,0.000000,0.000000,-0.270000,0.520000,-0.300000,0.000000,-1.264574,0.050000,-1.190289,-1.699958,-0.041571,0.366411,0.000000,-1.548096,-0.712151,0.316312,-1.601271,0.187790,-0.415092,0.000000
0.000000,0.000000,-0.270000,0.520000,-0.300000,0.000000,0.000000,0.000000,-0.270000,0.520000,-0.300000,0.000000,-1.233040,0.050000,-1.173053,-1.671232,-0.038917,0.370242,0.000000,-1.506574,-0.675727,0.306605,-1.560606,0.175357,-0.413393,0.000000
0.000000,0.000000,-0.270000,0.520000,-0.300000,0.000000,0.000000,0.000000,-0.270000,0.520000,-0.300000,0.000000,-1.198440,0.050000,-1.144756,-1.635862,-0.037219,0.376909,0.000000,-1.454729,-0.636481,0.305810,-1.513227,0.163742,-0.407612,0.000000
0.000000,0.000000,-0.270000,0.520000,-0.300000,0.000000,0.000000,0.000000,-0.270000,0.520000,-0.300000,0.000000,-1.168553,0.050000,-1.108112,-1.595119,-0.038195,0.386118,0.000000,-1.399867,-0.594408,0.313086,-1.466090,0.153352,-0.398432,0.000000
0.000000,0.000000,-0.270000,0.520000,-0.300000,0.000000,0.000000,0.000000,-0.270000,0.520000,-0.300000,0.000000,-1.144627,0.050000,-1.064933,-1.554570,-0.041030,0.396958,0.000000,-1.348988,-0.556050,0.330269,-1.426196,0.146476,-0.386425,0.000000
0.000000,0.000000,-0.270000,0.520000,-0.300000,0.000000,0.000000,0.000000,-0.270000,0.520000,-0.300000,0.000000,-1.116359,0.050000,-1.017132,-1.522166,-0.041027,0.406832,0.000000,-1.305378,-0.520307,0.354428,-1.396618,0.142041,-0.373392,0.000000
0.000000,0.000000,-0.270000,0.520000,-0.300000,0.000000,0.000000,0.000000,-0.270000,0.520000,-0.300000,0.000000,-1.087969,0.050000,-0.961132,-1.494766,-0.040220,0.417425,0.000000,-1.266670,-0.480675,0.384139,-1.374860,0.138019,-0.359024,0.000000
0.000000,0.000000,-0.270000,0.520000,-0.300000,0.000000,0.000000,0.000000,-0.270000,0.520000,-0.300000,0.000000,-1.062102,0.050000,-0.899312,-1.472253,-0.039620,0.428364,0.000000,-1.233908,-0.440082,0.417512,-1.361169,0.134933,-0.344420,0.000000
0.000000,0.000000,-0.270000,0.520000,-0.300000,0.000000,0.000000,0.000000,-0.270000,0.520000,-0.300000,0.000000,-1.040681,0.050000,-0.829918,-1.456014,-0.038390,0.439788,0.000000,-1.212033,-0.398996,0.455030,-1.358030,0.133497,-0.330177,0.000000
0.000000,0.000000,-0.270000,0.520000,-0.300000,0.000000,0.000000,0.000000,-0.270000,0.520000,-0.300000,0.000000,-1.026905,0.069207,-0.737159,-1.447934,-0.035615,0.454893,0.000000,-1.206108,-0.348312,0.507945,-1.366758,0.134913,-0.313228,0.000000
0.000000,0.000000,-0.270000,0.520000,-0.300000,0.000000,0.000000,0.000000,-0.270000,0.520000,-0.300000,0.000000,-1.023275,0.144495,-0.594950,-1.439981,-0.036238,0.473095,0.000000,-1.222062,-0.267541,0.605316,-1.381123,0.144599,-0.285490,0.000000
0.000000,0.000000,-0.270000,0.520000,-0.300000,0.000000,0.000000,0.000000,-0.270000,0.520000,-0.300000,0.000000,-1.024118,0.221831,-0.497667,-1.437562,-0.040686,0.479801,0.000000,-1.241949,-0.208095,0.683528,-1.385314,0.156041,-0.265699,0.000000
0.000000,0.000000,-0.270000,0.520000,-0.300000,0.000000,0.000000,0.000000,-0.270000,0.520000,-0.300000,0.000000,-1.025352,0.301214,-0.406392,-1.433382,-0.046170,0.485209,0.000000,-1.262675,-0.146020,0.757365,-1.392961,0.164038,-0.249687,0.000000
0.000000,0.000000,-0.270000,0.520000,-0.300000,0.000000,0.000000,0.000000,-0.270000,0.520000,-0.300000,0.000000,-1.025408,0.375632,-0.321678,-1.425285,-0.051115,0.490307,0.000000,-1.278130,-0.078594,0.822069,-1.409504,0.165420,-0.236977,0.000000
0.000000,0.000000,-0.270000,0.520000,-0.300000,0.000000,0.000000,0.000000,-0.270000,0.520000,-0.300000,0.000000,-1.025958,0.451074,-0.239796,-1.415919,-0.055709,0.495798,0.000000,-1.299194,-0.050000,0.891164,-1.429155,0.167859,-0.226820,0.000000
0.000000,0.000000,-0.270000,0.520000,-0.300000,0.000000,0.000000,0.000000,-0.270000,0.520000,-0.300000,0.000000,-1.024582,0.529982,-0.162731,-1.409875,-0.059952,0.499966,0.000000,-1.324838,-0.050000,0.964649,-1.451023,0.171337,-0.218434,0.000000
0.000000,0.000000,-0.270000,0.520000,-0.300000,0.000000,0.000000,0.000000,-0.270000,0.520000,-0.300000,0.000000,-1.018536,0.605758,-0.092704,-1.403852,-0.063359,0.500000,0.000000,-1.352810,-0.050000,1.030188,-1.473708,0.175242,-0.213419,0.000000
0.000000,0.000000,-0.270000,0.520000,-0.300000,0.000000,0.000000,0.000000,-0.270000,0.520000,-0.300000,0.000000,-1.009661,0.683644,-0.024944,-1.395843,-0.067807,0.500000,0.000000,-1.385456,-0.050000,1.088186,-1.498109,0.180709,-0.210352,0.000000
0.000000,0.000000,-0.270000,0.520000,-0.300000,0.000000,0.000000,0.000000,-0.270000,0.520000,-0.300000,0.000000,-1.002880,0.752936,0.037048,-1.392973,-0.071635,0.500000,0.000000,-1.420987,-0.050000,1.130200,-1.524504,0.187611,-0.210984,0.000000
0.000000,0.000000,-0.270000,0.520000,-0.300000,0.000000,0.000000,0.000000,-0.270000,0.520000,-0.300000,0.000000,-1.001168,0.811829,0.089635,-1.400643,-0.074687,0.500000,0.000000,-1.444293,-0.050000,1.152500,-1.554846,0.190666,-0.215469,0.000000
0.000000,0.000000,-0.270000,0.520000,-0.300000,0.000000,0.000000,0.000000,-0.270000,0.520000,-0.300000,0.000000,-1.001952,0.869443,0.139881,-1.410634,-0.078566,0.500000,0.000000,-1.452943,-0.050000,1.167125,-1.590680,0.187391,-0.219759,0.000000
0.000000,0.000000,-0.270000,0.520000,-0.300000,0.000000,0.000000,0.000000,-0.270000,0.520000,-0.300000,0.000000,-1.006880,0.910108,0.180678,-1.426048,-0.080771,0.500000,0.000000,-1.461328,-0.050000,1.177310,-1.620359,0.185548,-0.222131,0.000000
0.000000,0.000000,-0.270000,0.520000,-0.300000,0.000000,0.000000,0.000000,-0.270000,0.520000,-0.300000,0.000000,-1.012088,0.955344,0.221341,-1.449399,-0.082908,0.500000,0.000000,-1.484275,-0.050000,1.184824,-1.647528,0.188978,-0.224683,0.000000
0.000000,0.000000,-0.270000,0.520000,-0.300000,0.000000,0.000000,0.000000,-0.270000,0.520000,-0.300000,0.000000,-1.015160,0.979310,0.249140,-1.477840,-0.080791,0.500000,0.000000,-1.497141,-0.050000,1.181097,-1.658967,0.191985,-0.228491,0.000000
0.000000,0.000000,-0.270000,0.520000,-0.300000,0.000000,0.000000,0.000000,-0.270000,0.520000,-0.300000,0.000000,-1.017437,0.992461,0.260412,-1.509572,-0.077874,0.500000,0.000000,-1.502400,-0.050000,1.171470,-1.657781,0.192993,-0.232187,0.000000
0.000000,0.000000,-0.270000,0.520000,-0.300000,0.000000,0.000000,0.000000,-0.270000,0.520000,-0.300000,0.000000,-1.020670,0.999829,0.262704,-1.537817,-0.075562,0.500000,0.000000,-1.506914,-0.050000,1.163523,-1.650437,0.193573,-0.234479,0.000000
0.000000,0.000000,-0.270000,0.520000,-0.300000,0.000000,0.000000,0.000000,-0.270000,0.520000,-0.300000,0.000000,-1.023942,0.994000,0.255762,-1.562714,-0.071432,0.500000,0.000000,-1.510918,-0.050000,1.155949,-1.639819,0.194266,-0.236269,0.000000
0.000000,0.000000,-0.270000,0.520000,-0.300000,0.000000,0.000000,0.000000,-0.270000,0.520000,-0.300000,0.000000,-1.026432,0.972948,0.241856,-1.586989,-0.064317,0.500000,0.000000,-1.513293,-0.050000,1.145840,-1.625353,0.194837,-0.238495,0.000000
0.000000,0.000000,-0.270000,0.520000,-0.300000,0.000000,0.000000,0.000000,-0.270000,0.520000,-0.300000,0.000000,-1.028631,0.938705,0.223810,-1.607401,-0.055431,0.500000,0.000000,-1.514066,-0.050000,1.133130,-1.606542,0.195607,-0.241431,0.000000
0.000000,0.000000,-0.270000,0.520000,-0.300000,0.000000,0.000000,0.000000,-0.270000,0.520000,-0.300000,0.000000,-1.029415,0.889187,0.199065,-1.626020,-0.044509,0.500000,0.000000,-1.511188,-0.050000,1.113777,-1.585730,0.196470,-0.246301,0.000000
0.000000,0.000000,-0.270000,0.520000,-0.300000,0.000000,0.000000,0.000000,-0.270000,0.520000,-0.300000,0.000000,-1.027805,0.820170,0.159364,-1.648430,-0.030611,0.500000,0.000000,-1.502771,-0.050000,1.081822,-1.561513,0.197355,-0.254409,0.000000
0.000000,0.000000,-0.270000,0.520000,-0.300000,0.000000,0.000000,0.000000,-0.270000,0.520000,-0.300000,0.000000,-1.026699,0.755854,0.116583,-1.665116,-0.018719,0.500000,0.000000,-1.490764,-0.050000,1.042857,-1.539735,0.195983,-0.263529,0.000000
0.000000,0.000000,-0.270000,0.520000,-0.300000,0.000000,0.000000,0.000000,-0.270000,0.520000,-0.300000,0.000000,-1.021611,0.690727,0.062479,-1.678748,-0.007100,0.500000,0.000000,-1.473648,-0.050000,0.993537,-1.521543,0.191783,-0.274171,0.000000
0.000000,0.000000,-0.270000,0.520000,-0.300000,0.000000,0.000000,0.000000,-0.270000,0.520000,-0.300000,0.000000,-1.007161,0.606977,-0.023012,-1.700245,0.005743,0.500000,0.000000,-1.448540,-0.050000,0.921829,-1.504406,0.186725,-0.289645,0.000000
0.000000,0.000000,-0.270000,0.520000,-0.300000,0.000000,0.000000,0.000000,-0.270000,0.520000,-0.300000,0.000000,-0.996944,0.534168,-0.113653,-1.721784,0.012817,0.500000,0.000000,-1.433826,-0.050000,0.849897,-1.489667,0.185224,-0.305405,0.000000
0.000000,0.000000,-0.270000,0.520000,-0.300000,0.000000,0.000000,0.000000,-0.270000,0.520000,-0.300000,0.000000,-0.990291,0.473522,-0.203610,-1.739339,0.015831,0.500000,0.000000,-1.427282,-0.050000,0.781693,-1.477392,0.186158,-0.320321,0.000000
0.000000,0.000000,-0.270000,0.520000,-0.300000,0.000000,0.000000,0.000000,-0.270000,0.520000,-0.300000,0.000000,-0.985812,0.418449,-0.293789,-1.753734,0.017316,0.500000,0.000000,-1.422577,-0.072556,0.719920,-1.468356,0.187380,-0.333469,0.000000
0.000000,0.000000,-0.270000,0.520000,-0.300000,0.000000,0.000000,0.000000,-0.270000,0.520000,-0.300000,0.000000,-0.978830,0.373289,-0.383459,-1.761830,0.017960,0.500000,0.000000,-1.418493,-0.111657,0.663190,-1.463001,0.187353,-0.345031,0.000000
0.000000,0.000000,-0.270000,0.520000,-0.300000,0.000000,0.000000,0.000000,-0.270000,0.520000,-0.300000,0.000000,-0.970938,0.327097,-0.484253,-1.766859,0.017285,0.496660,0.000000,-1.412807,-0.152743,0.602495,-1.460265,0.186664,-0.356918,0.000000
0.000000,0.000000,-0.270000,0.520000,-0.300000,0.000000,0.000000,0.000000,-0.270000,0.520000,-0.300000,0.000000,-0.969247,0.279185,-0.587408,-1.770967,0.014661,0.477042,0.000000,-1.408527,-0.197723,0.543252,-1.463307,0.186494,-0.368388,0.000000
0.000000,0.000000,-0.270000,0.520000,-0.300000,0.000000,0.000000,0.000000,-0.270000,0.520000,-0.300000,0.000000,-0.972322,0.230305,-0.694239,-1.774735,0.010304,0.458517,0.000000,-1.403080,-0.248550,0.488967,-1.470766,0.187112,-0.378496,0.000000
0.000000,0.000000,-0.270000,0.520000,-0.300000,0.000000,0.000000,0.000000,-0.270000,0.520000,-0.300000,0.000000,-0.980395,0.188756,-0.787062,-1.775287,0.005425,0.447047,0.000000,-1.397397,-0.294414,0.445247,-1.481403,0.187007,-0.386987,0.000000
0.000000,0.000000,-0.270000,0.520000,-0.300000,0.000000,0.000000,0.000000,-0.270000,0.520000,-0.300000,0.000000,-0.991358,0.143295,-0.874468,-1.772478,-0.000956,0.439739,0.000000,-1.386555,-0.341424,0.401755,-1.494661,0.185590,-0.395265,0.000000
0.000000,0.000000,-0.270000,0.520000,-0.300000,0.000000,0.000000,0.000000,-0.270000,0.520000,-0.300000,0.000000,-1.012086,0.107414,-0.960657,-1.757098,-0.014232,0.435425,0.000000,-1.368789,-0.384750,0.360540,-1.510794,0.181616,-0.401914,0.000000
0.000000,0.000000,-0.270000,0.520000,-0.300000,0.000000,0.000000,0.000000,-0.270000,0.520000,-0.300000,0.000000,-1.065552,0.096561,-1.050687,-1.717788,-0.046191,0.438667,0.000000,-1.341997,-0.429493,0.318360,-1.532191,0.175575,-0.407299,0.000000
0.000000,0.000000,-0.270000,0.520000,-0.300000,0.000000,0.000000,0.000000,-0.270000,0.520000,-0.300000,0.000000,-1.107541,0.067610,-1.126642,-1.686245,-0.070407,0.437499,0.000000,-1.318616,-0.472485,0.284875,-1.549729,0.172918,-0.411496,0.000000
0.000000,0.000000,-0.270000,0.520000,-0.300000,0.000000,0.000000,0.000000,-0.270000,0.520000,-0.300000,0.000000,-1.135418,0.050000,-1.191076,-1.661647,-0.085309,0.431855,0.000000,-1.298146,-0.507226,0.256580,-1.562420,0.171501,-0.415670,0.000000
0.000000,0.000000,-0.270000,0.520000,-0.300000,0.000000,0.000000,0.000000,-0.270000,0.520000,-0.300000,0.000000,-1.154456,0.050000,-1.244933,-1.643426,-0.093438,0.426852,0.000000,-1.276949,-0.525131,0.231015,-1.572009,0.167530,-0.419680,0.000000
0.000000,0.000000,-0.270000,0.520000,-0.300000,0.000000,0.000000,0.000000,-0.270000,0.520000,-0.300000,0.000000,-1.173270,0.050000,-1.283131,-1.628530,-0.098741,0.425937,0.000000,-1.253220,-0.535844,0.206879,-1.579630,0.163209,-0.423161,0.000000
0.000000,0.000000,-0.270000,0.520000,-0.300000,0.000000,0.000000,0.000000,-0.270000,0.520000,-0.300000,0.000000,-1.190226,0.050000,-1.297688,-1.617697,-0.102014,0.428882,0.000000,-1.228730,-0.546994,0.189264,-1.583526,0.162424,-0.426134,0.000000
0.000000,0.000000,-0.270000,0.520000,-0.300000,0.000000,0.000000,0.000000,-0.270000,0.520000,-0.300000,0.000000,-1.204724,0.050000,-1.292604,-1.612330,-0.104122,0.434455,0.000000,-1.200641,-0.545723,0.176142,-1.586809,0.160645,-0.429097,0.000000
0.000000,0.000000,-0.270000,0.520000,-0.300000,0.000000,0.000000,0.000000,-0.270000,0.520000,-0.300000,0.000000,-1.218191,0.050000,-1.275216,-1.610380,-0.106203,0.440542,0.000000,-1.169688,-0.533950,0.166708,-1.589018,0.157731,-0.431337,0.000000
0.000000,0.000000,-0.270000,0.520000,-0.300000,0.000000,0.000000,0.000000,-0.270000,0.520000,-0.300000,0.000000,-1.234325,0.050000,-1.255564,-1.608074,-0.109442,0.445165,0.000000,-1.135537,-0.517613,0.159113,-1.587645,0.154899,-0.433083,0.000000
0.000000,0.000000,-0.270000,0.520000,-0.300000,0.000000,0.000000,0.000000,-0.270000,0.520000,-0.300000,0.000000,-1.252478,0.050000,-1.239645,-1.601766,-0.113230,0.448316,0.000000,-1.100337,-0.495854,0.151273,-1.585989,0.151418,-0.434775,0.000000
0.000000,0.000000,-0.270000,0.520000,-0.300000,0.000000,0.000000,0.000000,-0.270000,0.520000,-0.300000,0.000000,-1.271625,0.050000,-1.229741,-1.594341,-0.116540,0.451048,0.000000,-1.071141,-0.471502,0.143389,-1.586747,0.147636,-0.436438,0.000000
0.000000,0.000000,-0.270000,0.520000,-0.300000,0.000000,0.000000,0.000000,-0.270000,0.520000,-0.300000,0.000000,-1.291662,0.050000,-1.221938,-1.586627,-0.119867,0.454333,0.000000,-1.047227,-0.451757,0.136835,-1.590850,0.145709,-0.437970,0.000000
0.000000,0.000000,-0.270000,0.520000,-0.300000,0.000000,0.000000,0.000000,-0.270000,0.520000,-0.300000,0.000000,-1.303388,0.050000,-1.216876,-1.582748,-0.121765,0.456733,0.000000,-1.034498,-0.443456,0.134253,-1.595161,0.145862,-0.438700,0.000000
0.000000,0.000000,-0.270000,0.520000,-0.300000,0.000000,0.000000,0.000000,-0.270000,0.520000,-0.300000,0.000000,-1.309290,0.050000,-1.213194,-1.580887,-0.122613,0.458537,0.000000,-1.028706,-0.439428,0.133875,-1.600637,0.146353,-0.438916,0.000000
0.000000,0.000000,-0.270000,0.520000,-0.300000,0.000000,0.000000,0.000000,-0.270000,0.520000,-0.300000,0.000000,-1.310584,0.050000,-1.210373,-1.578205,-0.122430,0.460108,0.000000,-1.028023,-0.439117,0.134337,-1.609905,0.147768,-0.438995,0.000000
0.000000,0.000000,-0.270000,0.520000,-0.300000,0.000000,0.000000,0.000000,-0.270000,0.520000,-0.300000,0.000000,-1.305196,0.050000,-1.209932,-1.574195,-0.120745,0.460909,0.000000,-1.034573,-0.446025,0.134618,-1.623231,0.151047,-0.439225,0.000000
0.000000,0.000000,-0.270000,0.520000,-0.300000,0.000000,0.000000,0.000000,-0.270000,0.520000,-0.300000,0.000000,-1.292074,0.050000,-1.212986,-1.568614,-0.117599,0.460587,0.000000,-1.047805,-0.460550,0.134960,-1.640347,0.156221,-0.439612,0.000000
0.000000,0.000000,-0.270000,0.520000,-0.300000,0.000000,0.000000,0.000000,-0.270000,0.520000,-0.300000,0.000000,-1.248818,0.050000,-1.226404,-1.566307,-0.107268,0.457468,0.000000,-1.080235,-0.501550,0.139604,-1.677025,0.168314,-0.439379,0.000000
0.000000,0.000000,-0.270000,0.520000,-0.300000,0.000000,0.000000,0.000000,-0.270000,0.520000,-0.300000,0.000000,-1.189014,0.050000,-1.240022,-1.568360,-0.091944,0.451293,0.000000,-1.104795,-0.536393,0.145425,-1.702221,0.177243,-0.438559,0.000000
0.000000,0.000000,-0.270000,0.520000,-0.300000,0.000000,0.000000,0.000000,-0.270000,0.520000,-0.300000,0.000000,-1.104483,0.050000,-1.264761,-1.568312,-0.071467,0.439867,0.000000,-1.135277,-0.584149,0.154745,-1.728642,0.187901,-0.436940,0.000000
0.000000,0.000000,-0.270000,0.520000,-0.300000,0.000000,0.000000,0.000000,-0.270000,0.520000,-0.300000,0.000000,-1.043690,0.050000,-1.288050,-1.565614,-0.059262,0.430262,0.000000,-1.159332,-0.623814,0.163467,-1.744601,0.195473,-0.435221,0.000000
0.000000,0.000000,-0.270000,0.520000,-0.300000,0.000000,0.000000,0.000000,-0.270000,0.520000,-0.300000,0.000000,-0.987778,0.050000,-1.310445,-1.564281,-0.048866,0.420930,0.000000,-1.182364,-0.661350,0.173340,-1.757851,0.201934,-0.433231,0.000000
0.000000,0.000000,-0.270000,0.520000,-0.300000,0.000000,0.000000,0.000000,-0.270000,0.520000,-0.300000,0.000000,-0.959284,0.050000,-1.322354,-1.564002,-0.044362,0.415694,0.000000,-1.195422,-0.681570,0.178959,-1.764188,0.205112,-0.432089,0.000000
0.000000,0.000000,-0.270000,0.520000,-0.300000,0.000000,0.000000,0.000000,-0.270000,0.520000,-0.300000,0.000000,-0.936289,0.050000,-1.334936,-1.564561,-0.041216,0.410157,0.000000,-1.209186,-0.700794,0.184771,-1.769547,0.207892,-0.430846,0.000000
0.000000,0.000000,-0.270000,0.520000,-0.300000,0.000000,0.000000,0.000000,-0.270000,0.520000,-0.300000,0.000000,-0.922652,0.050000,-1.347158,-1.567452,-0.040026,0.404895,0.000000,-1.221866,-0.717025,0.191360,-1.772741,0.209755,-0.429428,0.000000
0.000000,0.000000,-0.270000,0.520000,-0.300000,0.000000,0.000000,0.000000,-0.270000,0.520000,-0.300000,0.000000,-0.922475,0.050000,-1.359625,-1.574918,-0.041928,0.399481,0.000000,-1.234444,-0.730192,0.201083,-1.772709,0.210088,-0.427447,0.000000
0.000000,0.000000,-0.270000,0.520000,-0.300000,0.000000,0.000000,0.000000,-0.270000,0.520000,-0.300000,0.000000,-0.943389,0.050000,-1.372229,-1.589913,-0.049387,0.393295,0.000000,-1.249738,-0.737343,0.219107,-1.766425,0.206530,-0.424067,0.000000
0.000000,0.000000,-0.270000,0.520000,-0.300000,0.000000,0.000000,0.000000,-0.270000,0.520000,-0.300000,0.000000,-0.989853,0.050000,-1.374154,-1.608635,-0.062007,0.389976,0.000000,-1.263568,-0.727959,0.243590,-1.751496,0.197421,-0.419845,0.000000
0.000000,0.000000,-0.270000,0.520000,-0.300000,0.000000,0.000000,0.000000,-0.270000,0.520000,-0.300000,0.000000,-1.047805,0.050000,-1.363834,-1.622836,-0.074601,0.390485,0.000000,-1.271095,-0.710117,0.268347,-1.732547,0.187850,-0.415948,0.000000
0.000000,0.000000,-0.270000,0.520000,-0.300000,0.000000,0.000000,0.000000,-0.270000,0.520000,-0.300000,0.000000,-1.109517,0.050000,-1.347694,-1.629559,-0.084916,0.393135,0.000000,-1.269254,-0.691558,0.290859,-1.712508,0.180759,-0.413102,0.000000
0.000000,0.000000,-0.270000,0.520000,-0.300000,0.000000,0.000000,0.000000,-0.270000,0.520000,-0.300000,0.000000,-1.163483,0.050000,-1.325257,-1.631507,-0.091019,0.398356,0.000000,-1.255279,-0.670675,0.311592,-1.693114,0.174953,-0.410987,0.000000
0.000000,0.000000,-0.270000,0.520000,-0.300000,0.000000,0.000000,0.000000,-0.270000,0.520000,-0.300000,0.000000,-1.207640,0.050000,-1.302638,-1.628452,-0.093360,0.404235,0.000000,-1.230639,-0.641406,0.327852,-1.675390,0.167655,-0.410120,0.000000
0.000000,0.000000,-0.270000,0.520000,-0.300000,0.000000,0.000000,0.000000,-0.270000,0.520000,-0.300000,0.000000,-1.252617,0.050000,-1.284578,-1.621344,-0.094006,0.408397,0.000000,-1.195424,-0.603689,0.334089,-1.657689,0.159277,-0.412449,0.000000
0.000000,0.000000,-0.270000,0.520000,-0.300000,0.000000,0.000000,0.000000,-0.270000,0.520000,-0.300000,0.000000,-1.286516,0.050000,-1.271820,-1.615265,-0.093268,0.411004,0.000000,-1.160408,-0.573359,0.327494,-1.639757,0.153674,-0.417503,0.000000
0.000000,0.000000,-0.270000,0.520000,-0.300000,0.000000,0.000000,0.000000,-0.270000,0.520000,-0.300000,0.000000,-1.307445,0.050000,-1.262191,-1.611744,-0.091300,0.412791,0.000000,-1.126785,-0.543711,0.310712,-1.620935,0.147830,-0.423613,0.000000
0.000000,0.000000,-0.270000,0.520000,-0.300000,0.000000,0.000000,0.000000,-0.270000,0.520000,-0.300000,0.000000,-1.314782,0.050000,-1.257696,-1.610029,-0.089390,0.413352,0.000000,-1.106499,-0.523578,0.295983,-1.608348,0.143345,-0.427374,0.000000
0.000000,0.000000,-0.270000,0.520000,-0.300000,0.000000,0.000000,0.000000,-0.270000,0.520000,-0.300000,0.000000,-1.319233,0.050000,-1.254479,-1.606878,-0.087099,0.413382,0.000000,-1.083955,-0.503223,0.279207,-1.595134,0.139008,-0.431254,0.000000
0.000000,0.000000,-0.270000,0.520000,-0.300000,0.000000,0.000000,0.000000,-0.270000,0.520000,-0.300000,0.000000,-1.320483,0.050000,-1.253574,-1.602640,-0.084415,0.412741,0.000000,-1.062257,-0.488206,0.263566,-1.583755,0.136570,-0.434875,0.000000
0.000000,0.000000,-0.270000,0.520000,-0.300000,0.000000,0.000000,0.000000,-0.270000,0.520000,-0.300000,0.000000,-1.318700,0.050000,-1.254255,-1.598527,-0.081267,0.411658,0.000000,-1.044503,-0.479999,0.249708,-1.575992,0.136399,-0.438256,0.000000
0.000000,0.000000,-0.270000,0.520000,-0.300000,0.000000,0.000000,0.000000,-0.270000,0.520000,-0.300000,0.000000,-1.313462,0.050000,-1.255769,-1.595036,-0.077561,0.410416,0.000000,-1.032087,-0.478531,0.238019,-1.572662,0.138348,-0.441313,0.000000
0.000000,0.000000,-0.270000,0.520000,-0.300000,0.000000,0.000000,0.000000,-0.270000,0.520000,-0.300000,0.000000,-1.302736,0.050000,-1.256730,-1.591233,-0.073117,0.409309,0.000000,-1.024410,-0.483108,0.229810,-1.573794,0.142071,-0.443647,0.000000
0.000000,0.000000,-0.270000,0.520000,-0.300000,0.000000,0.000000,0.000000,-0.270000,0.520000,-0.300000,0.000000,-1.286272,0.050000,-1.256855,-1.586094,-0.067955,0.408295,0.000000,-1.021012,-0.492017,0.226295,-1.579286,0.146996,-0.444890,0.000000
0.000000,0.000000,-0.270000,0.520000,-0.300000,0.000000,0.000000,0.000000,-0.270000,0.520000,-0.300000,0.000000,-1.262436,0.050000,-1.256759,-1.578132,-0.062164,0.406952,0.000000,-1.021206,-0.503997,0.228092,-1.589676,0.152668,-0.444831,0.000000
0.000000,0.000000,-0.270000,0.520000,-0.300000,0.000000,0.000000,0.000000,-0.270000,0.520000,-0.300000,0.000000,-1.230757,0.050000,-1.257903,-1.566647,-0.055911,0.404654,0.000000,-1.023322,-0.517925,0.234298,-1.603419,0.158456,-0.443394,0.000000
0.000000,0.000000,-0.270000,0.520000,-0.300000,0.000000,0.000000,0.000000,-0.270000,0.520000,-0.300000,0.000000,-1.192044,0.050000,-1.261957,-1.550857,-0.049462,0.400835,0.000000,-1.026835,-0.529709,0.243596,-1.619214,0.162674,-0.440246,0.000000
0.000000,0.000000,-0.270000,0.520000,-0.300000,0.000000,0.000000,0.000000,-0.270000,0.520000,-0.300000,0.000000,-1.148354,0.050000,-1.270978,-1.529588,-0.043741,0.395099,0.000000,-1.031719,-0.538021,0.254413,-1.635559,0.164483,-0.434888,0.000000
0.000000,0.000000,-0.270000,0.520000,-0.300000,0.000000,0.000000,0.000000,-0.270000,0.520000,-0.300000,0.000000,-1.098791,0.050000,-1.284809,-1.504174,-0.038041,0.387444,0.000000,-1.038590,-0.547028,0.265772,-1.650383,0.165007,-0.427248,0.000000
0.000000,0.000000,-0.270000,0.520000,-0.300000,0.000000,0.000000,0.000000,-0.270000,0.520000,-0.300000,0.000000,-1.000065,0.050000,-1.315473,-1.460130,-0.027049,0.369520,0.000000,-1.056450,-0.562497,0.286796,-1.672408,0.161377,-0.408220,0.000000
0.000000,0.000000,-0.270000,0.520000,-0.300000,0.000000,0.000000,0.000000,-0.270000,0.520000,-0.300000,0.000000,-0.860927,0.050000,-1.349039,-1.415075,-0.014368,0.342816,0.000000,-1.086097,-0.588041,0.316212,-1.693341,0.150535,-0.375832,0.000000
0.000000,0.000000,-0.270000,0.520000,-0.300000,0.000000,0.000000,0.000000,-0.270000,0.520000,-0.300000,0.000000,-0.726515,0.050000,-1.355732,-1.385375,-0.004857,0.319467,0.000000,-1.115087,-0.616094,0.342277,-1.701702,0.135711,-0.341413,0.000000
0.000000,0.000000,-0.270000,0.520000,-0.300000,0.000000,0.000000,0.000000,-0.270000,0.520000,-0.300000,0.000000,-0.602916,0.098301,-1.337197,-1.357335,-0.001442,0.301033,0.000000,-1.146037,-0.639085,0.366887,-1.704985,0.116105,-0.303253,0.000000
0.000000,0.000000,-0.270000,0.520000,-0.300000,0.000000,0.000000,0.000000,-0.270000,0.520000,-0.300000,0.000000,-0.499275,0.184708,-1.300533,-1.321448,-0.000902,0.290491,0.000000,-1.172798,-0.611099,0.384332,-1.715360,0.081997,-0.263096,0.000000
0.000000,0.000000,-0.270000,0.520000,-0.300000,0.000000,0.000000,0.000000,-0.270000,0.520000,-0.300000,0.000000,-0.362275,0.270559,-1.222063,-1.287454,0.002780,0.285112,0.000000,-1.212072,-0.593715,0.421192,-1.719312,0.039808,-0.202444,0.000000
0.000000,0.000000,-0.270000,0.520000,-0.300000,0.000000,0.000000,0.000000,-0.270000,0.520000,-0.300000,0.000000,-0.207359,0.340161,-1.107875,-1.263125,0.004528,0.286235,0.000000,-1.276038,-0.629886,0.479867,-1.713314,0.010362,-0.132375,0.000000
0.000000,0.000000,-0.270000,0.520000,-0.300000,0.000000,0.000000,0.000000,-0.270000,0.520000,-0.300000,0.000000,-0.080631,0.375564,-1.006299,-1.228884,0.007592,0.286916,0.000000,-1.340873,-0.684306,0.541902,-1.718121,0.006521,-0.085429,0.000000
0.000000,0.000000,-0.270000,0.520000,-0.300000,0.000000,0.000000,0.000000,-0.270000,0.520000,-0.300000,0.000000,0.066728,0.381830,-0.869895,-1.163968,0.016493,0.280306,0.000000,-1.430154,-0.747455,0.630681,-1.743611,0.017898,-0.045578,0.000000
0.000000,0.000000,-0.270000,0.520000,-0.300000,0.000000,0.000000,0.000000,-0.270000,0.520000,-0.300000,0.000000,0.176856,0.361855,-0.740910,-1.093731,0.022927,0.274903,0.000000,-1.514400,-0.786246,0.712994,-1.779031,0.032386,-0.024607,0.000000
0.000000,0.000000,-0.270000,0.520000,-0.300000,0.000000,0.000000,0.000000,-0.270000,0.520000,-0.300000,0.000000,0.264905,0.316343,-0.605698,-1.019653,0.031237,0.275586,0.000000,-1.598360,-0.814711,0.797862,-1.800000,0.050692,-0.016687,0.000000
0.000000,0.000000,-0.270000,0.520000,-0.300000,0.000000,0.000000,0.000000,-0.270000,0.520000,-0.300000,0.000000,0.316185,0.274492,-0.508603,-0.970055,0.039736,0.281772,0.000000,-1.651601,-0.827085,0.858067,-1.800000,0.064632,-0.014748,0.000000
0.000000,0.000000,-0.270000,0.520000,-0.300000,0.000000,0.000000,0.000000,-0.270000,0.520000,-0.300000,0.000000,0.379248,0.199475,-0.361053,-0.897943,0.054938,0.296207,0.000000,-1.731004,-0.838689,0.955483,-1.800000,0.085420,-0.014203,0.000000
0.000000,0.000000,-0.270000,0.520000,-0.300000,0.000000,0.000000,0.000000,-0.270000,0.520000,-0.300000,0.000000,0.410127,0.159622,-0.292166,-0.863593,0.060997,0.303474,0.000000,-1.765524,-0.838954,1.006288,-1.800000,0.092794,-0.016880,0.000000
0.000000,0.000000,-0.270000,0.520000,-0.300000,0.000000,0.000000,0.000000,-0.270000,0.520000,-0.300000,0.000000,0.447317,0.110585,-0.214991,-0.822228,0.070392,0.310558,0.000000,-1.791701,-0.832253,1.057686,-1.800000,0.095143,-0.022336,0.000000
0.000000,0.000000,-0.270000,0.520000,-0.300000,0.000000,0.000000,0.000000,-0.270000,0.520000,-0.300000,0.000000,0.474845,0.072661,-0.157926,-0.790285,0.076967,0.315652,0.000000,-1.800000,-0.829600,1.094806,-1.800000,0.096478,-0.027467,0.000000
0.000000,0.000000,-0.270000,0.520000,-0.300000,0.000000,0.000000,0.000000,-0.270000,0.520000,-0.300000,0.000000,0.505533,0.050000,-0.092271,-0.753628,0.085131,0.322209,0.000000,-1.800000,-0.830379,1.132353,-1.800000,0.098197,-0.033630,0.000000
0.000000,0.000000,-0.270000,0.520000,-0.300000,0.000000,0.000000,0.000000,-0.270000,0.520000,-0.300000,0.000000,0.521353,0.050000,-0.057097,-0.736747,0.090342,0.326288,0.000000,-1.800000,-0.828793,1.150294,-1.800000,0.099064,-0.036196,0.000000
0.000000,0.000000,-0.270000,0.520000,-0.300000,0.000000,0.000000,0.000000,-0.270000,0.520000,-0.300000,0.000000,0.542797,0.050000,0.007806,-0.711290,0.100462,0.335628,0.000000,-1.800000,-0.824268,1.178769,-1.800000,0.100026,-0.040277,0.000000
0.000000,0.000000,-0.270000,0.520000,-0.300000,0.000000,0.000000,0.000000,-0.270000,0.520000,-0.300000,0.000000,0.555210,0.050000,0.046589,-0.696570,0.106308,0.341434,0.000000,-1.800000,-0.822259,1.193097,-1.800000,0.100636,-0.043372,0.000000
0.000000,0.000000,-0.270000,0.520000,-0.300000,0.000000,0.000000,0.000000,-0.270000,0.520000,-0.300000,0.000000,0.566325,0.050000,0.081512,-0.682548,0.112336,0.345281,0.000000,-1.800000,-0.821447,1.201579,-1.800000,0.101460,-0.046717,0.000000
0.000000,0.000000,-0.270000,0.520000,-0.300000,0.000000,0.000000,0.000000,-0.270000,0.520000,-0.300000,0.000000,0.576604,0.050000,0.117004,-0.668187,0.118797,0.348253,0.000000,-1.800000,-0.820934,1.208486,-1.800000,0.102510,-0.050476,0.000000
0.000000,0.000000,-0.270000,0.520000,-0.300000,0.000000,0.000000,0.000000,-0.270000,0.520000,-0.300000,0.000000,0.585507,0.050000,0.150341,-0.654316,0.124697,0.350870,0.000000,-1.800000,-0.820836,1.215102,-1.800000,0.103647,-0.054370,0.000000
0.000000,0.000000,-0.270000,0.520000,-0.300000,0.000000,0.000000,0.000000,-0.270000,0.520000,-0.300000,0.000000,0.592288,0.050000,0.179019,-0.641468,0.129296,0.353240,0.000000,-1.800000,-0.822318,1.221666,-1.800000,0.104999,-0.058300,0.000000
0.000000,0.000000,-0.270000,0.520000,-0.300000,0.000000,0.000000,0.000000,-0.270000,0.520000,-0.300000,0.000000,0.596562,0.050000,0.200867,-0.629908,0.132185,0.354879,0.000000,-1.800000,-0.826778,1.228080,-1.800000,0.106900,-0.062187,0.000000
0.000000,0.000000,-0.270000,0.520000,-0.300000,0.000000,0.000000,0.000000,-0.270000,0.520000,-0.300000,0.000000,0.598560,0.050000,0.214660,-0.619720,0.133152,0.355605,0.000000,-1.800000,-0.836150,1.234095,-1.800000,0.109861,-0.065966,0.000000
0.000000,0.000000,-0.270000,0.520000,-0.300000,0.000000,0.000000,0.000000,-0.270000,0.520000,-0.300000,0.000000,0.598992,0.050000,0.223659,-0.609419,0.132571,0.355426,0.000000,-1.800000,-0.857101,1.239541,-1.800000,0.116293,-0.070574,0.000000
0.000000,0.000000,-0.270000,0.520000,-0.300000,0.000000,0.000000,0.000000,-0.270000,0.520000,-0.300000,0.000000,0.596865,0.050000,0.227934,-0.600498,0.130338,0.355231,0.000000,-1.800000,-0.891419,1.243957,-1.800000,0.127082,-0.075815,0.000000
0.000000,0.000000,-0.270000,0.520000,-0.300000,0.000000,0.000000,0.000000,-0.270000,0.520000,-0.300000,0.000000,0.593067,0.050000,0.228879,-0.596203,0.128236,0.355384,0.000000,-1.800000,-0.926612,1.245695,-1.800000,0.137796,-0.079451,0.000000
0.000000,0.000000,-0.270000,0.520000,-0.300000,0.000000,0.000000,0.000000,-0.270000,0.520000,-0.300000,0.000000,0.585212,0.050000,0.230638,-0.593910,0.125240,0.356079,0.000000,-1.800000,-0.991359,1.248069,-1.800000,0.157854,-0.084908,0.000000
0.000000,0.000000,-0.270000,0.520000,-0.300000,0.000000,0.000000,0.000000,-0.270000,0.520000,-0.300000,0.000000,0.575860,0.050000,0.234622,-0.594485,0.122266,0.357570,0.000000,-1.800000,-1.061809,1.253147,-1.800000,0.181160,-0.091131,0.000000
0.000000,0.000000,-0.270000,0.520000,-0.300000,0.000000,0.000000,0.000000,-0.270000,0.520000,-0.300000,0.000000,0.565343,0.050000,0.241763,-0.597049,0.119090,0.360255,0.000000,-1.800000,-1.140859,1.262360,-1.800000,0.209459,-0.098805,0.000000
0.000000,0.000000,-0.270000,0.520000,-0.300000,0.000000,0.000000,0.000000,-0.270000,0.520000,-0.300000,0.000000,0.556270,0.050000,0.251005,-0.599916,0.116306,0.363695,0.000000,-1.800000,-1.215025,1.274066,-1.759105,0.237674,-0.106519,0.000000
0.000000,0.000000,-0.270000,0.520000,-0.300000,0.000000,0.000000,0.000000,-0.270000,0.520000,-0.300000,0.000000,0.547232,0.050000,0.260962,-0.603706,0.113941,0.367033,0.000000,-1.800000,-1.286494,1.287168,-1.702892,0.265570,-0.114184,0.000000
0.000000,0.000000,-0.270000,0.520000,-0.300000,0.000000,0.000000,0.000000,-0.270000,0.520000,-0.300000,0.000000,0.538674,0.050000,0.271566,-0.608220,0.111661,0.370219,0.000000,-1.800000,-1.359519,1.300977,-1.640647,0.293505,-0.122115,0.000000
0.000000,0.000000,-0.270000,0.520000,-0.300000,0.000000,0.000000,0.000000,-0.270000,0.520000,-0.300000,0.000000,0.530884,0.050000,0.282555,-0.613261,0.108845,0.373812,0.000000,-1.800000,-1.435212,1.314975,-1.567362,0.320841,-0.130893,0.000000
0.000000,0.000000,-0.270000,0.520000,-0.300000,0.000000,0.000000,0.000000,-0.270000,0.520000,-0.300000,0.000000,0.524775,0.050000,0.292666,-0.617822,0.106195,0.377334,0.000000,-1.800000,-1.495592,1.326141,-1.487252,0.341594,-0.138704,0.000000
0.000000,0.000000,-0.270000,0.520000,-0.300000,0.000000,0.000000,0.000000,-0.270000,0.520000,-0.300000,0.000000,0.520810,0.050000,0.301130,-0.621706,0.103636,0.380518,0.000000,-1.800000,-1.500000,1.323105,-1.394680,0.345843,-0.144248,0.000000
0.000000,0.000000,-0.270000,0.520000,-0.300000,0.000000,0.000000,0.000000,-0.270000,0.520000,-0.300000,0.000000,0.517485,0.050000,0.308722,-0.624851,0.100716,0.383414,0.000000,-1.800000,-1.500000,1.312610,-1.266717,0.324308,-0.143789,0.000000
0.000000,0.000000,-0.270000,0.520000,-0.300000,0.000000,0.000000,0.000000,-0.270000,0.520000,-0.300000,0.000000,0.513656,0.050000,0.318426,-0.627427,0.098802,0.386018,0.000000,-1.800000,-1.500000,1.322497,-1.125656,0.309422,-0.142369,0.000000
0.000000,0.000000,-0.270000,0.520000,-0.300000,0.000000,0.000000,0.000000,-0.270000,0.520000,-0.300000,0.000000,0.510964,0.050000,0.330652,-0.628640,0.098316,0.388541,0.000000,-1.800000,-1.500000,1.340015,-1.017489,0.310052,-0.145086,0.000000
0.000000,0.000000,-0.270000,0.520000,-0.300000,0.000000,0.000000,0.000000,-0.270000,0.520000,-0.300000,0.000000,0.509839,0.050000,0.344193,-0.628606,0.098804,0.391324,0.000000,-1.800000,-1.500000,1.341096,-0.964018,0.311940,-0.151919,0.000000
0.000000,0.000000,-0.270000,0.520000,-0.300000,0.000000,0.000000,0.000000,-0.270000,0.520000,-0.300000,0.000000,0.509013,0.050000,0.366951,-0.627386,0.100568,0.396120,0.000000,-1.800000,-1.500000,1.332989,-0.930186,0.306985,-0.158206,0.000000
0.000000,0.000000,-0.270000,0.520000,-0.300000,0.000000,0.000000,0.000000,-0.270000,0.520000,-0.300000,0.000000,0.509469,0.050000,0.393953,-0.624863,0.102482,0.401640,0.000000,-1.800000,-1.500000,1.332304,-0.904284,0.299046,-0.159643,0.000000
0.000000,0.000000,-0.270000,0.520000,-0.300000,0.000000,0.000000,0.000000,-0.270000,0.520000,-0.300000,0.000000,0.510077,0.050000,0.423633,-0.622983,0.104170,0.407169,0.000000,-1.800000,-1.500000,1.335155,-0.884650,0.290501,-0.158761,0.000000
0.000000,0.000000,-0.270000,0.520000,-0.300000,0.000000,0.000000,0.000000,-0.270000,0.520000,-0.300000,0.000000,0.505952,0.050000,0.460555,-0.625355,0.106880,0.412693,0.000000,-1.800000,-1.500000,1.336601,-0.871499,0.282870,-0.157507,0.000000
0.000000,0.000000,-0.270000,0.520000,-0.300000,0.000000,0.000000,0.000000,-0.270000,0.520000,-0.300000,0.000000,0.495536,0.050000,0.496201,-0.633145,0.110004,0.417212,0.000000,-1.800000,-1.500000,1.336811,-0.863760,0.277262,-0.156442,0.000000
0.000000,0.000000,-0.270000,0.520000,-0.300000,0.000000,0.000000,0.000000,-0.270000,0.520000,-0.300000,0.000000,0.473726,0.050000,0.534768,-0.653129,0.113352,0.421753,0.000000,-1.800000,-1.500000,1.340612,-0.859962,0.273343,-0.154950,0.000000
0.000000,0.000000,-0.270000,0.520000,-0.300000,0.000000,0.000000,0.000000,-0.270000,0.520000,-0.300000,0.000000,0.441163,0.050000,0.580800,-0.682686,0.116877,0.426699,0.000000,-1.800000,-1.500000,1.347388,-0.857127,0.269384,-0.152987,0.000000
0.000000,0.000000,-0.270000,0.520000,-0.300000,0.000000,0.000000,0.000000,-0.270000,0.520000,-0.300000,0.000000,0.390677,0.050000,0.634550,-0.731102,0.118636,0.431921,0.000000,-1.800000,-1.500000,1.359627,-0.857985,0.267253,-0.152781,0.000000
0.000000,0.000000,-0.270000,0.520000,-0.300000,0.000000,0.000000,0.000000,-0.270000,0.520000,-0.300000,0.000000,0.326469,0.050000,0.684698,-0.789842,0.117396,0.434586,0.000000,-1.800000,-1.500000,1.373016,-0.859939,0.266307,-0.156011,0.000000
0.000000,0.000000,-0.270000,0.520000,-0.300000,0.000000,0.000000,0.000000,-0.270000,0.520000,-0.300000,0.000000,0.242593,0.050000,0.727148,-0.865119,0.109178,0.435905,0.000000,-1.800000,-1.500000,1.385062,-0.863378,0.263540,-0.162976,0.000000
0.000000,0.000000,-0.270000,0.520000,-0.300000,0.000000,0.000000,0.000000,-0.270000,0.520000,-0.300000,0.000000,0.173591,0.133135,0.741051,-0.932821,0.094355,0.436206,0.000000,-1.800000,-1.500000,1.395720,-0.864616,0.254297,-0.165916,0.000000
0.000000,0.000000,-0.270000,0.520000,-0.300000,0.000000,0.000000,0.000000,-0.270000,0.520000,-0.300000,0.000000,0.112495,0.262568,0.730713,-0.996517,0.070726,0.432079,0.000000,-1.800000,-1.500000,1.409984,-0.856656,0.236066,-0.162251,0.000000
0.000000,0.000000,-0.270000,0.520000,-0.300000,0.000000,0.000000,0.000000,-0.270000,0.520000,-0.300000,0.000000,0.054814,0.391540,0.706434,-1.055976,0.047609,0.419383,0.000000,-1.800000,-1.486538,1.421059,-0.841125,0.207452,-0.148504,0.000000
0.000000,0.000000,-0.270000,0.520000,-0.300000,0.000000,0.000000,0.000000,-0.270000,0.520000,-0.300000,0.000000,-0.004422,0.527950,0.668386,-1.122081,0.025015,0.393881,0.000000,-1.800000,-1.460382,1.423162,-0.813625,0.165078,-0.123085,0.000000
0.000000,0.000000,-0.270000,0.520000,-0.300000,0.000000,0.000000,0.000000,-0.270000,0.520000,-0.300000,0.000000,-0.079699,0.676086,0.616742,-1.200588,0.006073,0.356387,0.000000,-1.800000,-1.427058,1.403420,-0.762969,0.102506,-0.086515,0.000000
0.000000,0.000000,-0.270000,0.520000,-0.300000,0.000000,0.000000,0.000000,-0.270000,0.520000,-0.300000,0.000000,-0.159436,0.802641,0.560064,-1.274052,-0.004516,0.315039,0.000000,-1.800000,-1.379899,1.347460,-0.690915,0.034434,-0.050356,0.000000
0.000000,0.000000,-0.270000,0.520000,-0.300000,0.000000,0.000000,0.000000,-0.270000,0.520000,-0.300000,0.000000,-0.240192,0.914339,0.498778,-1.347638,-0.010308,0.274320,0.000000,-1.744967,-1.309760,1.244742,-0.591167,-0.021344,-0.027425,0.000000
0.000000,0.000000,-0.270000,0.520000,-0.300000,0.000000,0.000000,0.000000,-0.270000,0.520000,-0.300000,0.000000,-0.336897,1.004625,0.437037,-1.427708,-0.010725,0.239097,0.000000,-1.571909,-1.211955,1.091509,-0.465123,-0.048541,-0.032856,0.000000
0.000000,0.000000,-0.270000,0.520000,-0.300000,0.000000,0.000000,0.000000,-0.270000,0.520000,-0.300000,0.000000,-0.445266,1.063331,0.367005,-1.518302,-0.006665,0.210284,0.000000,-1.350243,-1.087103,0.889886,-0.340330,-0.046223,-0.059675,0.000000
0.000000,0.000000,-0.270000,0.520000,-0.300000,0.000000,0.000000,0.000000,-0.270000,0.520000,-0.300000,0.000000,-0.556976,1.085961,0.280971,-1.619601,0.002941,0.189548,0.000000,-1.109146,-0.962980,0.677892,-0.250756,-0.022871,-0.097389,0.000000
0.000000,0.000000,-0.270000,0.520000,-0.300000,0.000000,0.000000,0.000000,-0.270000,0.520000,-0.300000,0.000000,-0.675863,1.066334,0.183047,-1.731011,0.018538,0.174449,0.000000,-0.877570,-0.860444,0.504560,-0.217119,0.011452,-0.137399,0.000000
0.000000,0.000000,-0.270000,0.520000,-0.300000,0.000000,0.000000,0.000000,-0.270000,0.520000,-0.300000,0.000000,-0.790418,1.017693,0.075707,-1.800000,0.035381,0.162139,0.000000,-0.681181,-0.775267,0.380847,-0.217645,0.040304,-0.165694,0.000000
0.000000,0.000000,-0.270000,0.520000,-0.300000,0.000000,0.000000,0.000000,-0.270000,0.520000,-0.300000,0.000000,-0.895741,0.959374,-0.043340,-1.800000,0.050432,0.152202,0.000000,-0.515479,-0.690383,0.275216,-0.218311,0.057087,-0.177485,0.000000
0.000000,0.000000,-0.270000,0.520000,-0.300000,0.000000,0.000000,0.000000,-0.270000,0.520000,-0.300000,0.000000,-0.989565,0.896651,-0.168220,-1.800000,0.063644,0.142347,0.000000,-0.372185,-0.604877,0.198931,-0.217083,0.067108,-0.176155,0.000000
0.000000,0.000000,-0.270000,0.520000,-0.300000,0.000000,0.000000,0.000000,-0.270000,0.520000,-0.300000,0.000000,-1.067671,0.837876,-0.291254,-1.800000,0.074867,0.129023,0.000000,-0.255112,-0.525455,0.150944,-0.210986,0.071847,-0.167093,0.000000
0.000000,0.000000,-0.270000,0.520000,-0.300000,0.000000,0.000000,0.000000,-0.270000,0.520000,-0.300000,0.000000,-1.127107,0.790738,-0.410730,-1.800000,0.084346,0.111502,0.000000,-0.163807,-0.455373,0.122049,-0.197316,0.071781,-0.152683,0.000000
0.000000,0.000000,-0.270000,0.520000,-0.300000,0.000000,0.000000,0.000000,-0.270000,0.520000,-0.300000,0.000000,-1.167969,0.754108,-0.522551,-1.800000,0.093310,0.090935,0.000000,-0.096219,-0.395883,0.103645,-0.178654,0.068041,-0.136338,0.000000
0.000000,0.000000,-0.270000,0.520000,-0.300000,0.000000,0.000000,0.000000,-0.270000,0.520000,-0.300000,0.000000,-1.197856,0.731896,-0.605443,-1.800000,0.099015,0.075433,0.000000,-0.049486,-0.350141,0.094703,-0.162934,0.064076,-0.123764,0.000000
0.000000,0.000000,-0.270000,0.520000,-0.300000,0.000000,0.000000,0.000000,-0.270000,0.520000,-0.300000,0.000000,-1.222395,0.719042,-0.665783,-1.800000,0.101930,0.068467,0.000000,-0.013095,-0.311671,0.093793,-0.149333,0.061180,-0.116884,0.000000
0.000000,0.000000,-0.270000,0.520000,-0.300000,0.000000,0.000000,0.000000,-0.270000,0.520000,-0.300000,0.000000,-1.243441,0.710085,-0.712217,-1.800000,0.103516,0.065277,0.000000,0.014289,-0.282082,0.095140,-0.141179,0.059590,-0.113171,0.000000
0.000000,0.000000,-0.270000,0.520000,-0.300000,0.000000,0.000000,0.000000,-0.270000,0.520000,-0.300000,0.000000,-1.253194,0.704527,-0.734056,-1.800000,0.104487,0.063810,0.000000,0.026780,-0.267928,0.094320,-0.136070,0.058780,-0.111556,0.000000
0.000000,0.000000,-0.270000,0.520000,-0.300000,0.000000,0.000000,0.000000,-0.270000,0.520000,-0.300000,0.000000,-1.260603,0.698705,-0.750008,-1.800000,0.105386,0.062366,0.000000,0.036253,-0.257215,0.088321,-0.129891,0.057188,-0.110546,0.000000
0.000000,0.000000,-0.270000,0.520000,-0.300000,0.000000,0.000000,0.000000,-0.270000,0.520000,-0.300000,0.000000,-1.268433,0.692203,-0.765408,-1.800000,0.106124,0.061149,0.000000,0.047468,-0.246546,0.076641,-0.121524,0.054646,-0.110025,0.000000
0.000000,0.000000,-0.270000,0.520000,-0.300000,0.000000,0.000000,0.000000,-0.270000,0.520000,-0.300000,0.000000,-1.278604,0.683883,-0.784371,-1.800000,0.106732,0.060782,0.000000,0.066712,-0.231603,0.055658,-0.107619,0.050918,-0.110017,0.000000
0.000000,0.000000,-0.270000,0.520000,-0.300000,0.000000,0.000000,0.000000,-0.270000,0.520000,-0.300000,0.000000,-1.286666,0.676266,-0.801866,-1.800000,0.107294,0.062392,0.000000,0.089758,-0.214447,0.033173,-0.093382,0.047792,-0.110610,0.000000
0.000000,0.000000,-0.270000,0.520000,-0.300000,0.000000,0.000000,0.000000,-0.270000,0.520000,-0.300000,0.000000,-1.289571,0.672471,-0.810566,-1.800000,0.107632,0.066211,0.000000,0.110185,-0.198720,0.017718,-0.083681,0.046642,-0.111321,0.000000
0.000000,0.000000,-0.270000,0.520000,-0.300000,0.000000,0.000000,0.000000,-0.270000,0.520000,-0.300000,0.000000,-1.290228,0.677046,-0.810342,-1.800000,0.106755,0.070269,0.000000,0.128265,-0.183464,0.013348,-0.079434,0.047987,-0.110729,0.000000
0.000000,0.000000,-0.270000,0.520000,-0.300000,0.000000,0.000000,0.000000,-0.270000,0.520000,-0.300000,0.000000,-1.298987,0.703725,-0.797066,-1.800000,0.100862,0.074934,0.000000,0.143420,-0.162702,0.023933,-0.085368,0.052459,-0.106554,0.000000
0.000000,0.000000,-0.270000,0.520000,-0.300000,0.000000,0.000000,0.000000,-0.270000,0.520000,-0.300000,0.000000,-1.321388,0.750284,-0.769774,-1.800000,0.089423,0.083524,0.000000,0.151535,-0.140541,0.042631,-0.101216,0.057955,-0.100936,0.000000
0.000000,0.000000,-0.270000,0.520000,-0.300000,0.000000,0.000000,0.000000,-0.270000,0.520000,-0.300000,0.000000,-1.351916,0.819198,-0.724645,-1.800000,0.074114,0.100443,0.000000,0.158087,-0.124073,0.064767,-0.121817,0.063305,-0.097005,0.000000
0.000000,0.000000,-0.270000,0.520000,-0.300000,0.000000,0.000000,0.000000,-0.270000,0.520000,-0.300000,0.000000,-1.385746,0.903985,-0.671130,-1.800000,0.057560,0.126492,0.000000,0.167852,-0.113219,0.084578,-0.144093,0.067585,-0.096514,0.000000
0.000000,0.000000,-0.270000,0.520000,-0.300000,0.000000,0.000000,0.000000,-0.270000,0.520000,-0.300000,0.000000,-1.421180,1.004427,-0.622768,-1.800000,0.038658,0.157236,0.000000,0.179259,-0.108050,0.095884,-0.164803,0.069849,-0.099368,0.000000
0.000000,0.000000,-0.270000,0.520000,-0.300000,0.000000,0.000000,0.000000,-0.270000,0.520000,-0.300000,0.000000,-1.450723,1.092752,-0.586580,-1.800000,0.020712,0.183310,0.000000,0.190198,-0.102970,0.097207,-0.179759,0.070128,-0.101127,0.000000
0.000000,0.000000,-0.270000,0.520000,-0.300000,0.000000,0.000000,0.000000,-0.270000,0.520000,-0.300000,0.000000,-1.476981,1.182632,-0.554657,-1.800000,0.002059,0.215794,0.000000,0.200219,-0.097868,0.092616,-0.194101,0.069629,-0.103161,0.000000
0.000000,0.000000,-0.270000,0.520000,-0.300000,0.000000,0.000000,0.000000,-0.270000,0.520000,-0.300000,0.000000,-1.496912,1.290320,-0.531914,-1.800000,-0.019754,0.253642,0.000000,0.209603,-0.093818,0.088821,-0.209997,0.069535,-0.106038,0.000000
0.000000,0.000000,-0.270000,0.520000,-0.300000,0.000000,0.000000,0.000000,-0.270000,0.520000,-0.300000,0.000000,-1.508105,1.394125,-0.517415,-1.746981,-0.040407,0.288863,0.000000,0.219898,-0.091830,0.086314,-0.223072,0.069834,-0.109326,0.000000
0.000000,0.000000,-0.270000,0.520000,-0.300000,0.000000,0.000000,0.000000,-0.270000,0.520000,-0.300000,0.000000,-1.513021,1.482769,-0.506516,-1.680561,-0.057855,0.320010,0.000000,0.230045,-0.091822,0.086206,-0.234791,0.070930,-0.113222,0.000000
0.000000,0.000000,-0.270000,0.520000,-0.300000,0.000000,0.000000,0.000000,-0.270000,0.520000,-0.300000,0.000000,-1.516184,1.500000,-0.497063,-1.609515,-0.073625,0.349724,0.000000,0.239211,-0.093613,0.089202,-0.245357,0.072949,-0.118114,0.000000
0.000000,0.000000,-0.270000,0.520000,-0.300000,0.000000,0.000000,0.000000,-0.270000,0.520000,-0.300000,0.000000,-1.517178,1.500000,-0.490686,-1.532760,-0.085649,0.377315,0.000000,0.245624,-0.095754,0.093968,-0.255738,0.075312,-0.122993,0.000000
0.000000,0.000000,-0.270000,0.520000,-0.300000,0.000000,0.000000,0.000000,-0.270000,0.520000,-0.300000,0.000000,-1.516889,1.500000,-0.486891,-1.449865,-0.096118,0.404254,0.000000,0.250198,-0.097376,0.095932,-0.266828,0.077058,-0.128179,0.000000
0.000000,0.000000,-0.270000,0.520000,-0.300000,0.000000,0.000000,0.000000,-0.270000,0.520000,-0.300000,0.000000,-1.515671,1.500000,-0.486716,-1.368805,-0.104808,0.426191,0.000000,0.252175,-0.097933,0.092832,-0.276993,0.077573,-0.132848,0.000000
0.000000,0.000000,-0.270000,0.520000,-0.300000,0.000000,0.000000,0.000000,-0.270000,0.520000,-0.300000,0.000000,-1.510179,1.500000,-0.494300,-1.279887,-0.113869,0.442013,0.000000,0.251238,-0.097967,0.086274,-0.287617,0.077279,-0.137405,0.000000
0.000000,0.000000,-0.270000,0.520000,-0.300000,0.000000,0.000000,0.000000,-0.270000,0.520000,-0.300000,0.000000,-1.499505,1.500000,-0.509105,-1.200145,-0.121935,0.448565,0.000000,0.249381,-0.098104,0.077944,-0.297876,0.076785,-0.142506,0.000000
0.000000,0.000000,-0.270000,0.520000,-0.300000,0.000000,0.000000,0.000000,-0.270000,0.520000,-0.300000,0.000000,-1.491778,1.500000,-0.519563,-1.151672,-0.125791,0.448957,0.000000,0.247377,-0.099187,0.071153,-0.306189,0.076591,-0.146830,0.000000
0.000000,0.000000,-0.270000,0.520000,-0.300000,0.000000,0.000000,0.000000,-0.270000,0.520000,-0.300000,0.000000,-1.486819,1.500000,-0.527477,-1.121153,-0.124590,0.449426,0.000000,0.242206,-0.101674,0.060908,-0.315984,0.076083,-0.152452,0.000000
0.000000,0.000000,-0.270000,0.520000,-0.300000,0.000000,0.000000,0.000000,-0.270000,0.520000,-0.300000,0.000000,-1.486270,1.500000,-0.530021,-1.108446,-0.122063,0.450203,0.000000,0.238071,-0.102597,0.053370,-0.321933,0.075591,-0.155696,0.000000
0.000000,0.000000,-0.270000,0.520000,-0.300000,0.000000,0.000000,0.000000,-0.270000,0.520000,-0.300000,0.000000,-1.486509,1.500000,-0.530670,-1.101170,-0.120090,0.451233,0.000000,0.233573,-0.106047,0.050307,-0.327043,0.076040,-0.158480,0.000000
0.000000,0.000000,-0.270000,0.520000,-0.300000,0.000000,0.000000,0.000000,-0.270000,0.520000,-0.300000,0.000000,-1.486117,1.500000,-0.531002,-1.093954,-0.117744,0.452759,0.000000,0.225305,-0.116278,0.049360,-0.336209,0.077934,-0.163812,0.000000
0.000000,0.000000,-0.270000,0.520000,-0.300000,0.000000,0.000000,0.000000,-0.270000,0.520000,-0.300000,0.000000,-1.486471,1.500000,-0.531234,-1.088629,-0.115219,0.454955,0.000000,0.208543,-0.131612,0.045856,-0.350954,0.080087,-0.171589,0.000000
0.000000,0.000000,-0.270000,0.520000,-0.300000,0.000000,0.000000,0.000000,-0.270000,0.520000,-0.300000,0.000000,-1.483865,1.500000,-0.533861,-1.087154,-0.114030,0.457124,0.000000,0.184970,-0.147259,0.038052,-0.369992,0.081117,-0.179339,0.000000
0.000000,0.000000,-0.270000,0.520000,-0.300000,0.000000,0.000000,0.000000,-0.270000,0.520000,-0.300000,0.000000,-1.475687,1.500000,-0.541517,-1.087398,-0.114716,0.459438,0.000000,0.151367,-0.164572,0.028002,-0.397372,0.081463,-0.187130,0.000000
0.000000,0.000000,-0.270000,0.520000,-0.300000,0.000000,0.000000,0.000000,-0.270000,0.520000,-0.300000,0.000000,-1.462820,1.500000,-0.554172,-1.088057,-0.116665,0.461684,0.000000,0.105048,-0.184886,0.017889,-0.436257,0.081731,-0.195051,0.000000
0.000000,0.000000,-0.270000,0.520000,-0.300000,0.000000,0.000000,0.000000,-0.270000,0.520000,-0.300000,0.000000,-1.449574,1.500000,-0.567720,-1.085226,-0.118040,0.464059,0.000000,0.044566,-0.209365,0.011138,-0.489751,0.082768,-0.203746,0.000000
0.000000,0.000000,-0.270000,0.520000,-0.300000,0.000000,0.000000,0.000000,-0.270000,0.520000,-0.300000,0.000000,-1.436532,1.500000,-0.583156,-1.073111,-0.116390,0.467194,0.000000,-0.036927,-0.242389,0.008869,-0.563840,0.085121,-0.214920,0.000000
0.000000,0.000000,-0.270000,0.520000,-0.300000,0.000000,0.000000,0.000000,-0.270000,0.520000,-0.300000,0.000000,-1.428726,1.500000,-0.594863,-1.044784,-0.108324,0.476155,0.000000,-0.135845,-0.283736,0.015716,-0.658201,0.089057,-0.228973,0.000000
0.000000,0.000000,-0.270000,0.520000,-0.300000,0.000000,0.000000,0.000000,-0.270000,0.520000,-0.300000,0.000000,-1.422467,1.500000,-0.603730,-0.994296,-0.093885,0.494438,0.000000,-0.242620,-0.337382,0.041039,-0.766428,0.096422,-0.243101,0.000000
0.000000,0.000000,-0.270000,0.520000,-0.300000,0.000000,0.000000,0.000000,-0.270000,0.520000,-0.300000,0.000000,-1.411114,1.500000,-0.609991,-0.922337,-0.075449,0.500000,0.000000,-0.344707,-0.395118,0.078655,-0.874501,0.105005,-0.253940,0.000000
0.000000,0.000000,-0.270000,0.520000,-0.300000,0.000000,0.000000,0.000000,-0.270000,0.520000,-0.300000,0.000000,-1.389091,1.500000,-0.602810,-0.810809,-0.048123,0.500000,0.000000,-0.456462,-0.470100,0.135726,-0.995717,0.116218,-0.262218,0.000000
0.000000,0.000000,-0.270000,0.520000,-0.300000,0.000000,0.000000,0.000000,-0.270000,0.520000,-0.300000,0.000000,-1.354582,1.486970,-0.565186,-0.692890,-0.018599,0.500000,0.000000,-0.557903,-0.532541,0.190119,-1.104479,0.124195,-0.266275,0.000000
0.000000,0.000000,-0.270000,0.520000,-0.300000,0.000000,0.000000,0.000000,-0.270000,0.520000,-0.300000,0.000000,-1.303161,1.382738,-0.494142,-0.571824,0.009768,0.500000,0.000000,-0.658583,-0.573325,0.242587,-1.212954,0.125986,-0.271918,0.000000
0.000000,0.000000,-0.270000,0.520000,-0.300000,0.000000,0.000000,0.000000,-0.270000,0.520000,-0.300000,0.000000,-1.235918,1.302467,-0.420259,-0.463405,0.028221,0.500000,0.000000,-0.742593,-0.609391,0.293670,-1.304732,0.131226,-0.273565,0.000000
0.000000,0.000000,-0.270000,0.520000,-0.300000,0.000000,0.000000,0.000000,-0.270000,0.520000,-0.300000,0.000000,-1.035511,1.132192,-0.211268,-0.279228,0.047121,0.500000,0.000000,-0.907413,-0.673920,0.405647,-1.453057,0.134068,-0.269185,0.000000
0.000000,0.000000,-0.270000,0.520000,-0.300000,0.000000,0.000000,0.000000,-0.270000,0.520000,-0.300000,0.000000,-0.793541,0.979875,0.013393,-0.214340,0.042443,0.500000,0.000000,-1.045667,-0.703273,0.489209,-1.539638,0.125183,-0.259899,0.000000
0.000000,0.000000,-0.270000,0.520000,-0.300000,0.000000,0.000000,0.000000,-0.270000,0.520000,-0.300000,0.000000,-0.545379,0.820868,0.220053,-0.215515,0.035267,0.500000,0.000000,-1.174829,-0.708951,0.562824,-1.610794,0.115344,-0.246243,0.000000
0.000000,0.000000,-0.270000,0.520000,-0.300000,0.000000,0.000000,0.000000,-0.270000,0.520000,-0.300000,0.000000,-0.315954,0.647991,0.373496,-0.252851,0.027735,0.500000,0.000000,-1.294312,-0.696377,0.634141,-1.675927,0.103531,-0.230090,0.000000
0.000000,0.000000,-0.270000,0.520000,-0.300000,0.000000,0.000000,0.000000,-0.270000,0.520000,-0.300000,0.000000,-0.134464,0.485003,0.449637,-0.290400,0.021752,0.484703,0.000000,-1.394767,-0.666229,0.695782,-1.734014,0.087733,-0.215508,0.000000
0.000000,0.000000,-0.270000,0.520000,-0.300000,0.000000,0.000000,0.000000,-0.270000,0.520000,-0.300000,0.000000,-0.015128,0.356909,0.461824,-0.297433,0.020879,0.436934,0.000000,-1.466658,-0.623020,0.743210,-1.788125,0.069759,-0.203441,0.000000
0.000000,0.000000,-0.270000,0.520000,-0.300000,0.000000,0.000000,0.000000,-0.270000,0.520000,-0.300000,0.000000,0.068857,0.252202,0.449686,-0.281481,0.026449,0.391539,0.000000,-1.518036,-0.569919,0.784840,-1.800000,0.048595,-0.191041,0.000000
0.000000,0.000000,-0.270000,0.520000,-0.300000,0.000000,0.000000,0.000000,-0.270000,0.520000,-0.300000,0.000000,0.130192,0.169482,0.426832,-0.253578,0.037157,0.351640,0.000000,-1.550567,-0.512394,0.824095,-1.800000,0.024220,-0.177681,0.000000
0.000000,0.000000,-0.270000,0.520000,-0.300000,0.000000,0.000000,0.000000,-0.270000,0.520000,-0.300000,0.000000,0.172042,0.104307,0.404981,-0.225135,0.051274,0.318363,0.000000,-1.567639,-0.457188,0.864640,-1.800000,-0.002512,-0.162839,0.000000
0.000000,0.000000,-0.270000,0.520000,-0.300000,0.000000,0.000000,0.000000,-0.270000,0.520000,-0.300000,0.000000,0.199275,0.057819,0.376361,-0.204652,0.060520,0.295547,0.000000,-1.575598,-0.420582,0.897382,-1.800000,-0.024737,-0.150124,0.000000
0.000000,0.000000,-0.270000,0.520000,-0.300000,0.000000,0.000000,0.000000,-0.270000,0.520000,-0.300000,0.000000,0.221050,0.050000,0.342712,-0.188652,0.065404,0.280659,0.000000,-1.585693,-0.407869,0.922804,-1.800000,-0.040018,-0.140438,0.000000
0.000000,0.000000,-0.270000,0.520000,-0.300000,0.000000,0.000000,0.000000,-0.270000,0.520000,-0.300000,0.000000,0.240688,0.050000,0.314263,-0.178386,0.069700,0.271620,0.000000,-1.603945,-0.419699,0.949336,-1.800000,-0.047076,-0.132309,0.000000
0.000000,0.000000,-0.270000,0.520000,-0.300000,0.000000,0.000000,0.000000,-0.270000,0.520000,-0.300000,0.000000,0.257207,0.050000,0.296992,-0.171907,0.073092,0.266838,0.000000,-1.616751,-0.430772,0.978520,-1.800000,-0.051078,-0.125953,0.000000
0.000000,0.000000,-0.270000,0.520000,-0.300000,0.000000,0.000000,0.000000,-0.270000,0.520000,-0.300000,0.000000,0.269287,0.050000,0.293896,-0.167104,0.076046,0.263226,0.000000,-1.620224,-0.431113,1.003124,-1.800000,-0.054323,-0.121522,0.000000
0.000000,0.000000,-0.270000,0.520000,-0.300000,0.000000,0.000000,0.000000,-0.270000,0.520000,-0.300000,0.000000,0.282055,0.050000,0.298848,-0.162060,0.079912,0.260850,0.000000,-1.621014,-0.426831,1.026551,-1.800000,-0.057666,-0.117788,0.000000
0.000000,0.000000,-0.270000,0.520000,-0.300000,0.000000,0.000000,0.000000,-0.270000,0.520000,-0.300000,0.000000,0.294212,0.050000,0.302395,-0.157752,0.082433,0.260458,0.000000,-1.620369,-0.420293,1.045712,-1.800000,-0.060651,-0.115075,0.000000
0.000000,0.000000,-0.270000,0.520000,-0.300000,0.000000,0.000000,0.000000,-0.270000,0.520000,-0.300000,0.000000,0.302336,0.050000,0.306394,-0.156087,0.084115,0.260637,0.000000,-1.618682,-0.414107,1.057605,-1.800000,-0.062760,-0.113580,0.000000
0.000000,0.000000,-0.270000,0.520000,-0.300000,0.000000,0.000000,0.000000,-0.270000,0.520000,-0.300000,0.000000,0.310955,0.050000,0.314438,-0.155047,0.086528,0.261181,0.000000,-1.615954,-0.406453,1.067879,-1.800000,-0.065294,-0.112923,0.000000
0.000000,0.000000,-0.270000,0.520000,-0.300000,0.000000,0.000000,0.000000,-0.270000,0.520000,-0.300000,0.000000,0.318210,0.050000,0.322559,-0.154998,0.088733,0.261859,0.000000,-1.612892,-0.400158,1.074471,-1.800000,-0.067655,-0.113328,0.000000
0.000000,0.000000,-0.270000,0.520000,-0.300000,0.000000,0.000000,0.000000,-0.270000,0.520000,-0.300000,0.000000,0.322707,0.050000,0.327765,-0.155938,0.090039,0.262233,0.000000,-1.609522,-0.397422,1.076357,-1.800000,-0.069253,-0.114551,0.000000
0.000000,0.000000,-0.270000,0.520000,-0.300000,0.000000,0.000000,0.000000,-0.270000,0.520000,-0.300000,0.000000,0.325894,0.050000,0.331742,-0.157618,0.091026,0.262110,0.000000,-1.605704,-0.397835,1.075372,-1.800000,-0.070402,-0.116507,0.000000
0.000000,0.000000,-0.270000,0.520000,-0.300000,0.000000,0.000000,0.000000,-0.270000,0.520000,-0.300000,0.000000,0.328082,0.050000,0.333512,-0.159620,0.091587,0.261403,0.000000,-1.602310,-0.403010,1.071942,-1.800000,-0.070749,-0.119052,0.000000
0.000000,0.000000,-0.270000,0.520000,-0.300000,0.000000,0.000000,0.000000,-0.270000,0.520000,-0.300000,0.000000,0.329085,0.050000,0.331102,-0.161852,0.091464,0.260017,0.000000,-1.602739,-0.418719,1.064251,-1.800000,-0.068769,-0.122565,0.000000
0.000000,0.000000,-0.270000,0.520000,-0.300000,0.000000,0.000000,0.000000,-0.270000,0.520000,-0.300000,0.000000,0.328727,0.050000,0.320094,-0.169674,0.090375,0.257084,0.000000,-1.616185,-0.469098,1.041055,-1.800000,-0.058800,-0.131122,0.000000
0.000000,0.000000,-0.270000,0.520000,-0.300000,0.000000,0.000000,0.000000,-0.270000,0.520000,-0.300000,0.000000,0.327469,0.050000,0.306338,-0.184302,0.089620,0.255229,0.000000,-1.643876,-0.545444,1.011802,-1.800000,-0.041180,-0.142819,0.000000
0.000000,0.000000,-0.270000,0.520000,-0.300000,0.000000,0.000000,0.000000,-0.270000,0.520000,-0.300000,0.000000,0.327927,0.050000,0.292977,-0.201083,0.089336,0.255106,0.000000,-1.676153,-0.633728,0.991097,-1.800000,-0.019655,-0.153928,0.000000
0.000000,0.000000,-0.270000,0.520000,-0.300000,0.000000,0.000000,0.000000,-0.270000,0.520000,-0.300000,0.000000,0.331432,0.050000,0.289501,-0.217812,0.091097,0.257782,0.000000,-1.709813,-0.737328,0.981348,-1.800000,0.006720,-0.164076,0.000000
0.000000,0.000000,-0.270000,0.520000,-0.300000,0.000000,0.000000,0.000000,-0.270000,0.520000,-0.300000,0.000000,0.337007,0.050000,0.289460,-0.234474,0.093218,0.262339,0.000000,-1.749518,-0.858154,0.984480,-1.777564,0.041104,-0.173237,0.000000
0.000000,0.000000,-0.270000,0.520000,-0.300000,0.000000,0.000000,0.000000,-0.270000,0.520000,-0.300000,0.000000,0.342161,0.050000,0.288720,-0.249970,0.094606,0.266841,0.000000,-1.788503,-0.980936,0.998372,-1.720337,0.078737,-0.180516,0.000000
0.000000,0.000000,-0.270000,0.520000,-0.300000,0.000000,0.000000,0.000000,-0.270000,0.520000,-0.300000,0.000000,0.346763,0.050000,0.289391,-0.264469,0.095340,0.271959,0.000000,-1.800000,-1.108743,1.019274,-1.662728,0.120187,-0.185480,0.000000
0.000000,0.000000,-0.270000,0.520000,-0.300000,0.000000,0.000000,0.000000,-0.270000,0.520000,-0.300000,0.000000,0.350573,0.050000,0.291402,-0.276291,0.095386,0.277838,0.000000,-1.800000,-1.228236,1.039546,-1.605341,0.159378,-0.188596,0.000000
0.000000,0.000000,-0.270000,0.520000,-0.300000,0.000000,0.000000,0.000000,-0.270000,0.520000,-0.300000,0.000000,0.353468,0.050000,0.293373,-0.286046,0.095012,0.283909,0.000000,-1.800000,-1.336274,1.054259,-1.544808,0.192854,-0.191204,0.000000
0.000000,0.000000,-0.270000,0.520000,-0.300000,0.000000,0.000000,0.000000,-0.270000,0.520000,-0.300000,0.000000,0.355699,0.050000,0.295480,-0.294931,0.094274,0.290110,0.000000,-1.800000,-1.435943,1.062636,-1.475130,0.220129,-0.194096,0.000000
0.000000,0.000000,-0.270000,0.520000,-0.300000,0.000000,0.000000,0.000000,-0.270000,0.520000,-0.300000,0.000000,0.358125,0.050000,0.298402,-0.303336,0.093540,0.295829,0.000000,-1.800000,-1.500000,1.067345,-1.392879,0.241647,-0.197305,0.000000
0.000000,0.000000,-0.270000,0.520000,-0.300000,0.000000,0.000000,0.000000,-0.270000,0.520000,-0.300000,0.000000,0.361529,0.050000,0.302507,-0.310508,0.092978,0.300788,0.000000,-1.800000,-1.500000,1.071485,-1.294932,0.257285,-0.200398,0.000000
0.000000,0.000000,-0.270000,0.520000,-0.300000,0.000000,0.000000,0.000000,-0.270000,0.520000,-0.300000,0.000000,0.365575,0.050000,0.312301,-0.316670,0.093252,0.306301,0.000000,-1.800000,-1.500000,1.081575,-1.174848,0.268765,-0.202213,0.000000
0.000000,0.000000,-0.270000,0.520000,-0.300000,0.000000,0.000000,0.000000,-0.270000,0.520000,-0.300000,0.000000,0.368660,0.050000,0.323371,-0.321740,0.093779,0.311112,0.000000,-1.800000,-1.500000,1.098266,-1.068203,0.279606,-0.203578,0.000000
0.000000,0.000000,-0.270000,0.520000,-0.300000,0.000000,0.000000,0.000000,-0.270000,0.520000,-0.300000,0.000000,0.370993,0.050000,0.339815,-0.325209,0.095390,0.316128,0.000000,-1.800000,-1.500000,1.102021,-1.001511,0.283709,-0.204720,0.000000
0.000000,0.000000,-0.270000,0.520000,-0.300000,0.000000,0.000000,0.000000,-0.270000,0.520000,-0.300000,0.000000,0.372021,0.050000,0.359410,-0.328175,0.097379,0.321632,0.000000,-1.800000,-1.500000,1.096122,-0.964063,0.280759,-0.203439,0.000000
0.000000,0.000000,-0.270000,0.520000,-0.300000,0.000000,0.000000,0.000000,-0.270000,0.520000,-0.300000,0.000000,0.372553,0.050000,0.379492,-0.330941,0.098586,0.328746,0.000000,-1.800000,-1.500000,1.091071,-0.938265,0.272429,-0.199104,0.000000
0.000000,0.000000,-0.270000,0.520000,-0.300000,0.000000,0.000000,0.000000,-0.270000,0.520000,-0.300000,0.000000,0.374781,0.050000,0.392066,-0.333332,0.097651,0.336152,0.000000,-1.800000,-1.500000,1.089551,-0.918747,0.262250,-0.193780,0.000000
0.000000,0.000000,-0.270000,0.520000,-0.300000,0.000000,0.000000,0.000000,-0.270000,0.520000,-0.300000,0.000000,0.376739,0.050000,0.398627,-0.337254,0.094849,0.342769,0.000000,-1.800000,-1.500000,1.088531,-0.906152,0.254027,-0.189252,0.000000
0.000000,0.000000,-0.270000,0.520000,-0.300000,0.000000,0.000000,0.000000,-0.270000,0.520000,-0.300000,0.000000,0.372580,0.050000,0.400395,-0.344403,0.091118,0.347994,0.000000,-1.800000,-1.500000,1.086474,-0.898580,0.248915,-0.187084,0.000000
0.000000,0.000000,-0.270000,0.520000,-0.300000,0.000000,0.000000,0.000000,-0.270000,0.520000,-0.300000,0.000000,0.361143,0.050000,0.403123,-0.357314,0.088374,0.351818,0.000000,-1.800000,-1.500000,1.084383,-0.895376,0.246146,-0.186952,0.000000
0.000000,0.000000,-0.270000,0.520000,-0.300000,0.000000,0.000000,0.000000,-0.270000,0.520000,-0.300000,0.000000,0.344309,0.050000,0.409606,-0.375668,0.086421,0.355514,0.000000,-1.800000,-1.500000,1.084727,-0.893774,0.244378,-0.187087,0.000000
0.000000,0.000000,-0.270000,0.520000,-0.300000,0.000000,0.000000,0.000000,-0.270000,0.520000,-0.300000,0.000000,0.322202,0.050000,0.418861,-0.400873,0.084861,0.359260,0.000000,-1.800000,-1.500000,1.089081,-0.894891,0.244019,-0.187418,0.000000
0.000000,0.000000,-0.270000,0.520000,-0.300000,0.000000,0.000000,0.000000,-0.270000,0.520000,-0.300000,0.000000,0.282328,0.060708,0.433141,-0.448617,0.080775,0.365626,0.000000,-1.800000,-1.500000,1.099076,-0.899676,0.244956,-0.189152,0.000000
0.000000,0.000000,-0.270000,0.520000,-0.300000,0.000000,0.000000,0.000000,-0.270000,0.520000,-0.300000,0.000000,0.227539,0.140644,0.448924,-0.516217,0.072359,0.374499,0.000000,-1.785739,-1.500000,1.111199,-0.906700,0.246173,-0.193150,0.000000
0.000000,0.000000,-0.270000,0.520000,-0.300000,0.000000,0.000000,0.000000,-0.270000,0.520000,-0.300000,0.000000,0.165087,0.223844,0.463000,-0.592827,0.062816,0.386790,0.000000,-1.778408,-1.500000,1.117216,-0.915142,0.243393,-0.196990,0.000000
0.000000,0.000000,-0.270000,0.520000,-0.300000,0.000000,0.000000,0.000000,-0.270000,0.520000,-0.300000,0.000000,0.090214,0.311662,0.495208,-0.681556,0.058730,0.414770,0.000000,-1.774121,-1.500000,1.121799,-0.914346,0.233912,-0.196657,0.000000
0.000000,0.000000,-0.270000,0.520000,-0.300000,0.000000,0.000000,0.000000,-0.270000,0.520000,-0.300000,0.000000,0.036994,0.442357,0.475310,-0.778395,0.039111,0.444637,0.000000,-1.771788,-1.500000,1.123954,-0.893093,0.208779,-0.189253,0.000000
0.000000,0.000000,-0.270000,0.520000,-0.300000,0.000000,0.000000,0.000000,-0.270000,0.520000,-0.300000,0.000000,0.001826,0.595344,0.417031,-0.867658,0.003441,0.441031,0.000000,-1.767260,-1.496838,1.119683,-0.847022,0.172848,-0.177093,0.000000
0.000000,0.000000,-0.270000,0.520000,-0.300000,0.000000,0.000000,0.000000,-0.270000,0.520000,-0.300000,0.000000,-0.054411,0.730737,0.394613,-0.946794,-0.021147,0.422656,0.000000,-1.752456,-1.453442,1.108985,-0.786982,0.137472,-0.160097,0.000000
0.000000,0.000000,-0.270000,0.520000,-0.300000,0.000000,0.000000,0.000000,-0.270000,0.520000,-0.300000,0.000000,-0.123677,0.872930,0.366368,-1.038446,-0.043274,0.391696,0.000000,-1.722910,-1.393817,1.075426,-0.703480,0.093249,-0.138056,0.000000
0.000000,0.000000,-0.270000,0.520000,-0.300000,0.000000,0.000000,0.000000,-0.270000,0.520000,-0.300000,0.000000,-0.203568,1.000140,0.338043,-1.137731,-0.058631,0.353288,0.000000,-1.666152,-1.320359,1.010688,-0.601557,0.048516,-0.118540,0.000000
0.000000,0.000000,-0.270000,0.520000,-0.300000,0.000000,0.000000,0.000000,-0.270000,0.520000,-0.300000,0.000000,-0.290815,1.105747,0.308317,-1.243733,-0.066160,0.314968,0.000000,-1.569438,-1.238587,0.915860,-0.488438,0.015697,-0.109949,0.000000
0.000000,0.000000,-0.270000,0.520000,-0.300000,0.000000,0.000000,0.000000,-0.270000,0.520000,-0.300000,0.000000,-0.384560,1.189107,0.274576,-1.354052,-0.066433,0.277749,0.000000,-1.430042,-1.149583,0.791157,-0.376611,0.003099,-0.119326,0.000000
0.000000,0.000000,-0.270000,0.520000,-0.300000,0.000000,0.000000,0.000000,-0.270000,0.520000,-0.300000,0.000000,-0.492343,1.235262,0.242647,-1.468382,-0.057892,0.247201,0.000000,-1.257256,-1.047850,0.640173,-0.287400,0.005141,-0.138526,0.000000
0.000000,0.000000,-0.270000,0.520000,-0.300000,0.000000,0.000000,0.000000,-0.270000,0.520000,-0.300000,0.000000,-0.604546,1.244139,0.198496,-1.587012,-0.043387,0.219046,0.000000,-1.060951,-0.942000,0.485276,-0.228044,0.016364,-0.159516,0.000000
0.000000,0.000000,-0.270000,0.520000,-0.300000,0.000000,0.000000,0.000000,-0.270000,0.520000,-0.300000,0.000000,-0.720735,1.202808,0.139310,-1.713531,-0.020704,0.199351,0.000000,-0.876493,-0.844026,0.353692,-0.198851,0.029667,-0.173558,0.000000
0.000000,0.000000,-0.270000,0.520000,-0.300000,0.000000,0.000000,0.000000,-0.270000,0.520000,-0.300000,0.000000,-0.835528,1.133763,0.045901,-1.800000,0.004283,0.187593,0.000000,-0.700396,-0.748542,0.245048,-0.187314,0.042200,-0.179007,0.000000
0.000000,0.000000,-0.270000,0.520000,-0.300000,0.000000,0.000000,0.000000,-0.270000,0.520000,-0.300000,0.000000,-0.949122,1.050132,-0.079352,-1.800000,0.027006,0.183302,0.000000,-0.535065,-0.654213,0.156451,-0.182315,0.051603,-0.172683,0.000000
0.000000,0.000000,-0.270000,0.520000,-0.300000,0.000000,0.000000,0.000000,-0.270000,0.520000,-0.300000,0.000000,-1.050623,0.960445,-0.213947,-1.800000,0.046568,0.180726,0.000000,-0.402003,-0.564056,0.093273,-0.178674,0.053127,-0.156928,0.000000
0.000000,0.000000,-0.270000,0.520000,-0.300000,0.000000,0.000000,0.000000,-0.270000,0.520000,-0.300000,0.000000,-1.141671,0.872582,-0.355614,-1.800000,0.063205,0.169522,0.000000,-0.291257,-0.481764,0.046490,-0.169170,0.047650,-0.139601,0.000000
0.000000,0.000000,-0.270000,0.520000,-0.300000,0.000000,0.000000,0.000000,-0.270000,0.520000,-0.300000,0.000000,-1.212928,0.795416,-0.489353,-1.800000,0.077504,0.152140,0.000000,-0.205820,-0.416779,0.018893,-0.149466,0.039628,-0.126025,0.000000
0.000000,0.000000,-0.270000,0.520000,-0.300000,0.000000,0.000000,0.000000,-0.270000,0.520000,-0.300000,0.000000,-1.266483,0.739811,-0.604372,-1.800000,0.087206,0.133122,0.000000,-0.146330,-0.365069,-0.005704,-0.120821,0.028814,-0.113954,0.000000
0.000000,0.000000,-0.270000,0.520000,-0.300000,0.000000,0.000000,0.000000,-0.270000,0.520000,-0.300000,0.000000,-1.304565,0.702607,-0.696883,-1.800000,0.093066,0.119265,0.000000,-0.107769,-0.322135,-0.033245,-0.092870,0.017353,-0.105063,0.000000
0.000000,0.000000,-0.270000,0.520000,-0.300000,0.000000,0.000000,0.000000,-0.270000,0.520000,-0.300000,0.000000,-1.328157,0.677662,-0.773811,-1.800000,0.097107,0.108154,0.000000,-0.080627,-0.286348,-0.053737,-0.071829,0.009792,-0.101648,0.000000
0.000000,0.000000,-0.270000,0.520000,-0.300000,0.000000,0.000000,0.000000,-0.270000,0.520000,-0.300000,0.000000,-1.341489,0.660189,-0.828279,-1.800000,0.099987,0.101126,0.000000,-0.061837,-0.259296,-0.064491,-0.060181,0.007010,-0.101045,0.000000
0.000000,0.000000,-0.270000,0.520000,-0.300000,0.000000,0.000000,0.000000,-0.270000,0.520000,-0.300000,0.000000,-1.349613,0.646140,-0.864381,-1.800000,0.101984,0.097079,0.000000,-0.049593,-0.238919,-0.072847,-0.054154,0.006284,-0.100363,0.000000
0.000000,0.000000,-0.270000,0.520000,-0.300000,0.000000,0.000000,0.000000,-0.270000,0.520000,-0.300000,0.000000,-1.359063,0.632188,-0.891964,-1.800000,0.103196,0.094631,0.000000,-0.039904,-0.221027,-0.082620,-0.050286,0.005815,-0.099905,0.000000
0.000000,0.000000,-0.270000,0.520000,-0.300000,0.000000,0.000000,0.000000,-0.270000,0.520000,-0.300000,0.000000,-1.368051,0.621397,-0.908170,-1.800000,0.103745,0.093048,0.000000,-0.034684,-0.208323,-0.094737,-0.047810,0.004521,-0.099878,0.000000
0.000000,0.000000,-0.270000,0.520000,-0.300000,0.000000,0.000000,0.000000,-0.270000,0.520000,-0.300000,0.000000,-1.380772,0.606817,-0.928758,-1.800000,0.104044,0.090068,0.000000,-0.024196,-0.190305,-0.113957,-0.044199,0.002551,-0.099768,0.000000
0.000000,0.000000,-0.270000,0.520000,-0.300000,0.000000,0.000000,0.000000,-0.270000,0.520000,-0.300000,0.000000,-1.391090,0.595380,-0.943663,-1.800000,0.103974,0.090624,0.000000,-0.010536,-0.174088,-0.132942,-0.040042,0.000968,-0.100426,0.000000
0.000000,0.000000,-0.270000,0.520000,-0.300000,0.000000,0.000000,0.000000,-0.270000,0.520000,-0.300000,0.000000,-1.396470,0.593209,-0.951349,-1.800000,0.103287,0.093749,0.000000,0.003860,-0.160038,-0.146253,-0.036988,0.000864,-0.101428,0.000000
0.000000,0.000000,-0.270000,0.520000,-0.300000,0.000000,0.000000,0.000000,-0.270000,0.520000,-0.300000,0.000000,-1.395828,0.598942,-0.950317,-1.800000,0.102179,0.099573,0.000000,0.019770,-0.147298,-0.149037,-0.036383,0.003144,-0.101962,0.000000
0.000000,0.000000,-0.270000,0.520000,-0.300000,0.000000,0.000000,0.000000,-0.270000,0.520000,-0.300000,0.000000,-1.391087,0.616308,-0.940665,-1.800000,0.099930,0.107532,0.000000,0.037511,-0.136588,-0.139138,-0.038514,0.007950,-0.101661,0.000000
0.000000,0.000000,-0.270000,0.520000,-0.300000,0.000000,0.000000,0.000000,-0.270000,0.520000,-0.300000,0.000000,-1.390798,0.667992,-0.911380,-1.800000,0.092018,0.121702,0.000000,0.059954,-0.127461,-0.110340,-0.048936,0.016610,-0.100053,0.000000
0.000000,0.000000,-0.270000,0.520000,-0.300000,0.000000,0.000000,0.000000,-0.270000,0.520000,-0.300000,0.000000,-1.403558,0.753281,-0.867571,-1.800000,0.077807,0.142443,0.000000,0.082028,-0.122603,-0.074369,-0.071234,0.025633,-0.098413,0.000000
0.000000,0.000000,-0.270000,0.520000,-0.300000,0.000000,0.000000,0.000000,-0.270000,0.520000,-0.300000,0.000000,-1.419487,0.839218,-0.830299,-1.800000,0.063766,0.160202,0.000000,0.095030,-0.123322,-0.057370,-0.091458,0.028633,-0.099069,0.000000
0.000000,0.000000,-0.270000,0.520000,-0.300000,0.000000,0.000000,0.000000,-0.270000,0.520000,-0.300000,0.000000,-1.439276,0.938734,-0.789094,-1.800000,0.048188,0.181204,0.000000,0.104504,-0.125659,-0.053365,-0.112324,0.028065,-0.102472,0.000000
0.000000,0.000000,-0.270000,0.520000,-0.300000,0.000000,0.000000,0.000000,-0.270000,0.520000,-0.300000,0.000000,-1.466339,1.059961,-0.746599,-1.800000,0.027550,0.210712,0.000000,0.116144,-0.126308,-0.061612,-0.134622,0.024557,-0.107451,0.000000
0.000000,0.000000,-0.270000,0.520000,-0.300000,0.000000,0.000000,0.000000,-0.270000,0.520000,-0.300000,0.000000,-1.490324,1.181016,-0.715786,-1.800000,0.005875,0.246045,0.000000,0.127528,-0.124021,-0.073782,-0.154668,0.021058,-0.112325,0.000000
0.000000,0.000000,-0.270000,0.520000,-0.300000,0.000000,0.000000,0.000000,-0.270000,0.520000,-0.300000,0.000000,-1.511066,1.311783,-0.690111,-1.800000,-0.018403,0.289296,0.000000,0.139869,-0.121253,-0.086854,-0.173544,0.018706,-0.118179,0.000000
0.000000,0.000000,-0.270000,0.520000,-0.300000,0.000000,0.000000,0.000000,-0.270000,0.520000,-0.300000,0.000000,-1.529171,1.459108,-0.671363,-1.773369,-0.049822,0.332244,0.000000,0.154950,-0.118341,-0.098981,-0.190975,0.017625,-0.125617,0.000000
0.000000,0.000000,-0.270000,0.520000,-0.300000,0.000000,0.000000,0.000000,-0.270000,0.520000,-0.300000,0.000000,-1.541053,1.500000,-0.656256,-1.710495,-0.076879,0.369019,0.000000,0.170714,-0.116137,-0.103319,-0.203634,0.018719,-0.132131,0.000000
0.000000,0.000000,-0.270000,0.520000,-0.300000,0.000000,0.000000,0.000000,-0.270000,0.520000,-0.300000,0.000000,-1.551083,1.500000,-0.640722,-1.631469,-0.095137,0.402615,0.000000,0.186401,-0.116268,-0.098982,-0.212774,0.022484,-0.137975,0.000000
0.000000,0.000000,-0.270000,0.520000,-0.300000,0.000000,0.000000,0.000000,-0.270000,0.520000,-0.300000,0.000000,-1.562605,1.500000,-0.626911,-1.537417,-0.101937,0.426472,0.000000,0.196806,-0.117493,-0.094010,-0.219806,0.026235,-0.142243,0.000000
0.000000,0.000000,-0.270000,0.520000,-0.300000,0.000000,0.000000,0.000000,-0.270000,0.520000,-0.300000,0.000000,-1.580250,1.500000,-0.614498,-1.392159,-0.102994,0.452536,0.000000,0.207159,-0.118524,-0.088389,-0.229442,0.030919,-0.147116,0.000000
0.000000,0.000000,-0.270000,0.520000,-0.300000,0.000000,0.000000,0.000000,-0.270000,0.520000,-0.300000,0.000000,-1.586105,1.500000,-0.618132,-1.274508,-0.104627,0.466158,0.000000,0.214217,-0.119406,-0.084690,-0.236713,0.034305,-0.150462,0.000000
0.000000,0.000000,-0.270000,0.520000,-0.300000,0.000000,0.000000,0.000000,-0.270000,0.520000,-0.300000,0.000000,-1.581748,1.500000,-0.633641,-1.185318,-0.107634,0.471483,0.000000,0.217804,-0.122556,-0.082930,-0.243519,0.037287,-0.154883,0.000000
0.000000,0.000000,-0.270000,0.520000,-0.300000,0.000000,0.000000,0.000000,-0.270000,0.520000,-0.300000,0.000000,-1.577178,1.500000,-0.648407,-1.134211,-0.106239,0.473647,0.000000,0.219757,-0.128576,-0.081583,-0.250299,0.040784,-0.160785,0.000000
0.000000,0.000000,-0.270000,0.520000,-0.300000,0.000000,0.000000,0.000000,-0.270000,0.520000,-0.300000,0.000000,-1.575597,1.500000,-0.658907,-1.104903,-0.101623,0.475450,0.000000,0.219055,-0.136168,-0.084187,-0.257016,0.043805,-0.166681,0.000000
0.000000,0.000000,-0.270000,0.520000,-0.300000,0.000000,0.000000,0.000000,-0.270000,0.520000,-0.300000,0.000000,-1.576794,1.500000,-0.666365,-1.080070,-0.095796,0.480038,0.000000,0.214705,-0.146698,-0.092072,-0.264927,0.045980,-0.173243,0.000000
0.000000,0.000000,-0.270000,0.520000,-0.300000,0.000000,0.000000,0.000000,-0.270000,0.520000,-0.300000,0.000000,-1.579683,1.500000,-0.668125,-1.067059,-0.091583,0.483772,0.000000,0.210097,-0.156097,-0.099496,-0.271943,0.047025,-0.178216,0.000000
0.000000,0.000000,-0.270000,0.520000,-0.300000,0.000000,0.000000,0.000000,-0.270000,0.520000,-0.300000,0.000000,-1.584021,1.500000,-0.665868,-1.061595,-0.088557,0.486255,0.000000,0.203088,-0.166872,-0.105953,-0.281393,0.047602,-0.182896,0.000000
0.000000,0.000000,-0.270000,0.520000,-0.300000,0.000000,0.000000,0.000000,-0.270000,0.520000,-0.300000,0.000000,-1.592064,1.500000,-0.660967,-1.054313,-0.082090,0.489574,0.000000,0.187795,-0.188955,-0.110466,-0.302886,0.050222,-0.191578,0.000000
0.000000,0.000000,-0.270000,0.520000,-0.300000,0.000000,0.000000,0.000000,-0.270000,0.520000,-0.300000,0.000000,-1.597368,1.500000,-0.659302,-1.039315,-0.072645,0.492695,0.000000,0.171933,-0.216301,-0.101625,-0.330587,0.056739,-0.201762,0.000000
0.000000,0.000000,-0.270000,0.520000,-0.300000,0.000000,0.000000,0.000000,-0.270000,0.520000,-0.300000,0.000000,-1.594325,1.500000,-0.664146,-1.011429,-0.062217,0.494396,0.000000,0.162170,-0.243784,-0.063972,-0.358627,0.068676,-0.209901,0.000000
0.000000,0.000000,-0.270000,0.520000,-0.300000,0.000000,0.000000,0.000000,-0.270000,0.520000,-0.300000,0.000000,-1.586782,1.500000,-0.671123,-0.970018,-0.050072,0.494983,0.000000,0.155263,-0.271061,-0.003535,-0.387177,0.083526,-0.215678,0.000000
0.000000,0.000000,-0.270000,0.520000,-0.300000,0.000000,0.000000,0.000000,-0.270000,0.520000,-0.300000,0.000000,-1.571874,1.500000,-0.678578,-0.910461,-0.033211,0.490781,0.000000,0.149850,-0.300125,0.078710,-0.415271,0.100111,-0.218265,0.000000
0.000000,0.000000,-0.270000,0.520000,-0.300000,0.000000,0.000000,0.000000,-0.270000,0.520000,-0.300000,0.000000,-1.551251,1.500000,-0.670265,-0.815309,-0.006088,0.482621,0.000000,0.144851,-0.342287,0.208866,-0.446321,0.122649,-0.216539,0.000000
0.000000,0.000000,-0.270000,0.520000,-0.300000,0.000000,0.000000,0.000000,-0.270000,0.520000,-0.300000,0.000000,-1.518284,1.499185,-0.648730,-0.722740,0.016474,0.473850,0.000000,0.132980,-0.377354,0.333908,-0.470685,0.139934,-0.206564,0.000000
0.000000,0.000000,-0.270000,0.520000,-0.300000,0.000000,0.000000,0.000000,-0.270000,0.520000,-0.300000,0.000000,-1.473092,1.404135,-0.611766,-0.633909,0.036369,0.463960,0.000000,0.107666,-0.405143,0.454592,-0.497725,0.152821,-0.191581,0.000000
0.000000,0.000000,-0.270000,0.520000,-0.300000,0.000000,0.000000,0.000000,-0.270000,0.520000,-0.300000,0.000000,-1.399376,1.272079,-0.534933,-0.527896,0.058223,0.453595,0.000000,0.055059,-0.430682,0.605967,-0.539907,0.163007,-0.170595,0.000000
0.000000,0.000000,-0.270000,0.520000,-0.300000,0.000000,0.000000,0.000000,-0.270000,0.520000,-0.300000,0.000000,-1.323190,1.162639,-0.451269,-0.457465,0.070142,0.445403,0.000000,-0.005231,-0.441655,0.729098,-0.580262,0.167117,-0.154954,0.000000
0.000000,0.000000,-0.270000,0.520000,-0.300000,0.000000,0.000000,0.000000,-0.270000,0.520000,-0.300000,0.000000,-1.252994,1.070114,-0.371055,-0.410376,0.077688,0.438302,0.000000,-0.076194,-0.440320,0.839000,-0.624999,0.170726,-0.142971,0.000000
0.000000,0.000000,-0.270000,0.520000,-0.300000,0.000000,0.000000,0.000000,-0.270000,0.520000,-0.300000,0.000000,-1.168370,0.970326,-0.269703,-0.379961,0.081297,0.431565,0.000000,-0.196532,-0.417836,0.964124,-0.684829,0.172076,-0.129396,0.000000
0.000000,0.000000,-0.270000,0.520000,-0.300000,0.000000,0.000000,0.000000,-0.270000,0.520000,-0.300000,0.000000,-1.113055,0.920989,-0.206203,-0.382437,0.077680,0.430724,0.000000,-0.302135,-0.383735,1.028782,-0.721983,0.170444,-0.121093,0.000000
0.000000,0.000000,-0.270000,0.520000,-0.300000,0.000000,0.000000,0.000000,-0.270000,0.520000,-0.300000,0.000000,-1.055623,0.884061,-0.139781,-0.415671,0.066011,0.434862,0.000000,-0.465210,-0.315058,1.080241,-0.752250,0.171273,-0.108411,0.000000
0.000000,0.000000,-0.270000,0.520000,-0.300000,0.000000,0.000000,0.000000,-0.270000,0.520000,-0.300000,0.000000,-0.982603,0.869966,-0.061851,-0.494657,0.040484,0.450825,0.000000,-0.647372,-0.197703,1.088124,-0.715714,0.166810,-0.082183,0.000000
0.000000,0.000000,-0.270000,0.520000,-0.300000,0.000000,0.000000,0.000000,-0.270000,0.520000,-0.300000,0.000000,-0.922983,0.870328,0.007289,-0.579964,0.015945,0.468940,0.000000,-0.779434,-0.066738,1.059807,-0.659142,0.161801,-0.066608,0.000000
0.000000,0.000000,-0.270000,0.520000,-0.300000,0.000000,0.000000,0.000000,-0.270000,0.520000,-0.300000,0.000000,-0.891739,0.878702,0.058993,-0.650327,-0.001802,0.481917,0.000000,-0.873029,-0.050000,1.046399,-0.641994,0.160332,-0.066302,0.000000
0.000000,0.000000,-0.270000,0.520000,-0.300000,0.000000,0.000000,0.000000,-0.270000,0.520000,-0.300000,0.000000,-0.870866,0.892367,0.096712,-0.716126,-0.017145,0.491131,0.000000,-0.960726,-0.050000,1.058053,-0.655281,0.163012,-0.066251,0.000000
0.000000,0.000000,-0.270000,0.520000,-0.300000,0.000000,0.000000,0.000000,-0.270000,0.520000,-0.300000,0.000000,-0.859166,0.909799,0.127419,-0.783640,-0.029914,0.498417,0.000000,-1.045424,-0.050000,1.084334,-0.689957,0.168787,-0.064823,0.000000
0.000000,0.000000,-0.270000,0.520000,-0.300000,0.000000,0.000000,0.000000,-0.270000,0.520000,-0.300000,0.000000,-0.854218,0.930563,0.155310,-0.857795,-0.040247,0.500000,0.000000,-1.128325,-0.050000,1.120523,-0.741645,0.178140,-0.065786,0.000000
0.000000,0.000000,-0.270000,0.520000,-0.300000,0.000000,0.000000,0.000000,-0.270000,0.520000,-0.300000,0.000000,-0.853022,0.955564,0.179760,-0.937732,-0.049132,0.500000,0.000000,-1.213402,-0.050000,1.156546,-0.808059,0.191287,-0.074777,0.000000
0.000000,0.000000,-0.270000,0.520000,-0.300000,0.000000,0.000000,0.000000,-0.270000,0.520000,-0.300000,0.000000,-0.854270,0.978477,0.199914,-1.032491,-0.056048,0.500000,0.000000,-1.290417,-0.050000,1.176481,-0.907213,0.202353,-0.093921,0.000000
0.000000,0.000000,-0.270000,0.520000,-0.300000,0.000000,0.000000,0.000000,-0.270000,0.520000,-0.300000,0.000000,-0.852418,1.001705,0.219643,-1.135902,-0.062415,0.500000,0.000000,-1.342226,-0.050000,1.173097,-1.045928,0.203047,-0.118260,0.000000
0.000000,0.000000,-0.270000,0.520000,-0.300000,0.000000,0.000000,0.000000,-0.270000,0.520000,-0.300000,0.000000,-0.846299,1.027952,0.240713,-1.235834,-0.068332,0.500000,0.000000,-1.363314,-0.050000,1.159391,-1.205466,0.191805,-0.135416,0.000000
0.000000,0.000000,-0.270000,0.520000,-0.300000,0.000000,0.000000,0.000000,-0.270000,0.520000,-0.300000,0.000000,-0.835662,1.056185,0.261763,-1.338658,-0.072513,0.500000,0.000000,-1.381997,-0.050000,1.158928,-1.370017,0.180335,-0.144735,0.000000
0.000000,0.000000,-0.270000,0.520000,-0.300000,0.000000,0.000000,0.000000,-0.270000,0.520000,-0.300000,0.000000,-0.824427,1.082334,0.283425,-1.423760,-0.075889,0.500000,0.000000,-1.406323,-0.050000,1.164017,-1.501238,0.176240,-0.153209,0.000000
0.000000,0.000000,-0.270000,0.520000,-0.300000,0.000000,0.000000,0.000000,-0.270000,0.520000,-0.300000,0.000000,-0.818777,1.118987,0.311360,-1.491702,-0.082770,0.500000,0.000000,-1.435908,-0.050000,1.170989,-1.602331,0.176911,-0.161374,0.000000
0.000000,0.000000,-0.270000,0.520000,-0.300000,0.000000,0.000000,0.000000,-0.270000,0.520000,-0.300000,0.000000,-0.815027,1.147944,0.332344,-1.563114,-0.086236,0.500000,0.000000,-1.457262,-0.050000,1.173979,-1.664083,0.179584,-0.169507,0.000000
0.000000,0.000000,-0.270000,0.520000,-0.300000,0.000000,0.000000,0.000000,-0.270000,0.520000,-0.300000,0.000000,-0.817766,1.153236,0.342455,-1.599507,-0.085455,0.500000,0.000000,-1.462629,-0.050000,1.176931,-1.677536,0.180071,-0.172649,0.000000
0.000000,0.000000,-0.270000,0.520000,-0.300000,0.000000,0.000000,0.000000,-0.270000,0.520000,-0.300000,0.000000,-0.828146,1.144713,0.351647,-1.618460,-0.082574,0.500000,0.000000,-1.463759,-0.050000,1.182881,-1.673991,0.179628,-0.172698,0.000000
0.000000,0.000000,-0.270000,0.520000,-0.300000,0.000000,0.000000,0.000000,-0.270000,0.520000,-0.300000,0.000000,-0.843264,1.119157,0.360756,-1.636415,-0.075800,0.500000,0.000000,-1.460796,-0.050000,1.190720,-1.661015,0.178651,-0.172097,0.000000
0.000000,0.000000,-0.270000,0.520000,-0.300000,0.000000,0.000000,0.000000,-0.270000,0.520000,-0.300000,0.000000,-0.852152,1.085489,0.364652,-1.642057,-0.068070,0.500000,0.000000,-1.453814,-0.050000,1.196574,-1.640785,0.177737,-0.171616,0.000000
0.000000,0.000000,-0.270000,0.520000,-0.300000,0.000000,0.000000,0.000000,-0.270000,0.520000,-0.300000,0.000000,-0.856182,1.026074,0.365823,-1.635161,-0.057044,0.500000,0.000000,-1.434959,-0.050000,1.199471,-1.599742,0.176668,-0.172082,0.000000
0.000000,0.000000,-0.270000,0.520000,-0.300000,0.000000,0.000000,0.000000,-0.270000,0.520000,-0.300000,0.000000,-0.850569,0.948981,0.356248,-1.620077,-0.043644,0.500000,0.000000,-1.405863,-0.050000,1.193752,-1.547884,0.175081,-0.174465,0.000000
0.000000,0.000000,-0.270000,0.520000,-0.300000,0.000000,0.000000,0.000000,-0.270000,0.520000,-0.300000,0.000000,-0.839832,0.862611,0.334913,-1.601324,-0.029120,0.500000,0.000000,-1.367591,-0.050000,1.173341,-1.494165,0.171799,-0.180039,0.000000
0.000000,0.000000,-0.270000,0.520000,-0.300000,0.000000,0.000000,0.000000,-0.270000,0.520000,-0.300000,0.000000,-0.827358,0.778774,0.304631,-1.578648,-0.016148,0.500000,0.000000,-1.330638,-0.050000,1.142172,-1.433578,0.169796,-0.188454,0.000000
0.000000,0.000000,-0.270000,0.520000,-0.300000,0.000000,0.000000,0.000000,-0.270000,0.520000,-0.300000,0.000000,-0.817362,0.707104,0.269857,-1.550730,-0.006657,0.500000,0.000000,-1.302545,-0.050000,1.099928,-1.368977,0.169143,-0.199403,0.000000
0.000000,0.000000,-0.270000,0.520000,-0.300000,0.000000,0.000000,0.000000,-0.270000,0.520000,-0.300000,0.000000,-0.809431,0.644926,0.233375,-1.518449,0.000149,0.500000,0.000000,-1.276469,-0.050000,1.046522,-1.305506,0.167028,-0.211598,0.000000
0.000000,0.000000,-0.270000,0.520000,-0.300000,0.000000,0.000000,0.000000,-0.270000,0.520000,-0.300000,0.000000,-0.801460,0.582510,0.187869,-1.485961,0.006309,0.500000,0.000000,-1.250205,-0.050000,0.981141,-1.243624,0.164037,-0.225070,0.000000
0.000000,0.000000,-0.270000,0.520000,-0.300000,0.000000,0.000000,0.000000,-0.270000,0.520000,-0.300000,0.000000,-0.803219,0.514934,0.132559,-1.454666,0.012075,0.500000,0.000000,-1.229784,-0.050000,0.901492,-1.182691,0.160420,-0.240533,0.000000
0.000000,0.000000,-0.270000,0.520000,-0.300000,0.000000,0.000000,0.000000,-0.270000,0.520000,-0.300000,0.000000,-0.818400,0.435068,0.055919,-1.422382,0.016241,0.500000,0.000000,-1.218868,-0.050000,0.798983,-1.118355,0.157691,-0.260332,0.000000
0.000000,0.000000,-0.270000,0.520000,-0.300000,0.000000,0.000000,0.000000,-0.270000,0.520000,-0.300000,0.000000,-0.851713,0.357574,-0.042881,-1.390197,0.013673,0.500000,0.000000,-1.222867,-0.050000,0.686705,-1.057443,0.157786,-0.280898,0.000000
0.000000,0.000000,-0.270000,0.520000,-0.300000,0.000000,0.000000,0.000000,-0.270000,0.520000,-0.300000,0.000000,-0.890758,0.294963,-0.140620,-1.366742,0.007744,0.500000,0.000000,-1.235927,-0.053103,0.590777,-1.014648,0.159172,-0.296714,0.000000
0.000000,0.000000,-0.270000,0.520000,-0.300000,0.000000,0.000000,0.000000,-0.270000,0.520000,-0.300000,0.000000,-0.934144,0.231661,-0.253126,-1.347173,-0.000611,0.486785,0.000000,-1.255751,-0.107018,0.503741,-0.983913,0.163410,-0.309381,0.000000
0.000000,0.000000,-0.270000,0.520000,-0.300000,0.000000,0.000000,0.000000,-0.270000,0.520000,-0.300000,0.000000,-0.974578,0.178131,-0.363360,-1.334067,-0.009977,0.472138,0.000000,-1.279169,-0.166715,0.437769,-0.971228,0.169533,-0.318554,0.000000
0.000000,0.000000,-0.270000,0.520000,-0.300000,0.000000,0.000000,0.000000,-0.270000,0.520000,-0.300000,0.000000,-1.010222,0.127892,-0.475622,-1.327000,-0.018773,0.458062,0.000000,-1.304350,-0.227191,0.378538,-0.972949,0.175681,-0.327773,0.000000
0.000000,0.000000,-0.270000,0.520000,-0.300000,0.000000,0.000000,0.000000,-0.270000,0.520000,-0.300000,0.000000,-1.037254,0.072112,-0.588448,-1.326162,-0.024626,0.440406,0.000000,-1.329830,-0.288591,0.328489,-0.988647,0.182371,-0.337490,0.000000
0.000000,0.000000,-0.270000,0.520000,-0.300000,0.000000,0.000000,0.000000,-0.270000,0.520000,-0.300000,0.000000,-1.059297,0.050000,-0.698289,-1.330091,-0.028139,0.419262,0.000000,-1.355897,-0.345241,0.277833,-1.022174,0.186570,-0.347732,0.000000
0.000000,0.000000,-0.270000,0.520000,-0.300000,0.000000,0.000000,0.000000,-0.270000,0.520000,-0.300000,0.000000,-1.088118,0.050000,-0.815364,-1.342643,-0.035517,0.398166,0.000000,-1.377965,-0.405988,0.243910,-1.078022,0.192920,-0.357845,0.000000
0.000000,0.000000,-0.270000,0.520000,-0.300000,0.000000,0.000000,0.000000,-0.270000,0.520000,-0.300000,0.000000,-1.130206,0.050000,-0.935960,-1.366421,-0.048032,0.384743,0.000000,-1.399153,-0.471966,0.230424,-1.157878,0.201386,-0.368818,0.000000
0.000000,0.000000,-0.270000,0.520000,-0.300000,0.000000,0.000000,0.000000,-0.270000,0.520000,-0.300000,0.000000,-1.167412,0.050000,-1.047155,-1.409425,-0.056604,0.380367,0.000000,-1.420658,-0.547209,0.228194,-1.251372,0.211388,-0.381903,0.000000
0.000000,0.000000,-0.270000,0.520000,-0.300000,0.000000,0.000000,0.000000,-0.270000,0.520000,-0.300000,0.000000,-1.184175,0.050000,-1.132410,-1.462795,-0.056896,0.378125,0.000000,-1.445407,-0.620479,0.230974,-1.342889,0.221396,-0.395250,0.000000
0.000000,0.000000,-0.270000,0.520000,-0.300000,0.000000,0.000000,0.000000,-0.270000,0.520000,-0.300000,0.000000,-1.204228,0.050000,-1.208969,-1.515061,-0.058541,0.376516,0.000000,-1.477669,-0.698202,0.236031,-1.443097,0.231047,-0.410230,0.000000
0.000000,0.000000,-0.270000,0.520000,-0.300000,0.000000,0.000000,0.000000,-0.270000,0.520000,-0.300000,0.000000,-1.231346,0.050000,-1.265672,-1.555619,-0.064599,0.381969,0.000000,-1.508885,-0.779654,0.242864,-1.541607,0.240348,-0.424691,0.000000
0.000000,0.000000,-0.270000,0.520000,-0.300000,0.000000,0.000000,0.000000,-0.270000,0.520000,-0.300000,0.000000,-1.247371,0.050000,-1.292372,-1.581927,-0.067831,0.387353,0.000000,-1.533651,-0.839314,0.249697,-1.609583,0.248348,-0.433640,0.000000
0.000000,0.000000,-0.270000,0.520000,-0.300000,0.000000,0.000000,0.000000,-0.270000,0.520000,-0.300000,0.000000,-1.263321,0.050000,-1.315616,-1.606059,-0.070686,0.390338,0.000000,-1.556606,-0.900903,0.264013,-1.676821,0.257841,-0.440208,0.000000
0.000000,0.000000,-0.270000,0.520000,-0.300000,0.000000,0.000000,0.000000,-0.270000,0.520000,-0.300000,0.000000,-1.280645,0.050000,-1.336989,-1.615069,-0.075368,0.391363,0.000000,-1.558003,-0.923268,0.280415,-1.714074,0.256311,-0.441962,0.000000
0.000000,0.000000,-0.270000,0.520000,-0.300000,0.000000,0.000000,0.000000,-0.270000,0.520000,-0.300000,0.000000,-1.287646,0.050000,-1.350745,-1.616344,-0.078333,0.393204,0.000000,-1.548598,-0.924259,0.292870,-1.732713,0.248600,-0.442820,0.000000
0.000000,0.000000,-0.270000,0.520000,-0.300000,0.000000,0.000000,0.000000,-0.270000,0.520000,-0.300000,0.000000,-1.286026,0.050000,-1.354071,-1.612105,-0.079445,0.395386,0.000000,-1.534981,-0.908735,0.299013,-1.735130,0.238878,-0.442583,0.000000
0.000000,0.000000,-0.270000,0.520000,-0.300000,0.000000,0.000000,0.000000,-0.270000,0.520000,-0.300000,0.000000,-1.279603,0.050000,-1.350742,-1.604492,-0.079897,0.398408,0.000000,-1.519468,-0.886135,0.300994,-1.731750,0.228402,-0.442827,0.000000
0.000000,0.000000,-0.270000,0.520000,-0.300000,0.000000,0.000000,0.000000,-0.270000,0.520000,-0.300000,0.000000,-1.267996,0.050000,-1.342865,-1.594536,-0.079190,0.401590,0.000000,-1.502734,-0.861094,0.299780,-1.723405,0.218574,-0.443432,0.000000
0.000000,0.000000,-0.270000,0.520000,-0.300000,0.000000,0.000000,0.000000,-0.270000,0.520000,-0.300000,0.000000,-1.254228,0.050000,-1.333883,-1.584176,-0.077664,0.403888,0.000000,-1.485586,-0.840628,0.300597,-1.712589,0.211417,-0.442820,0.000000
0.000000,0.000000,-0.270000,0.520000,-0.300000,0.000000,0.000000,0.000000,-0.270000,0.520000,-0.300000,0.000000,-1.229394,0.050000,-1.315898,-1.563755,-0.074275,0.407267,0.000000,-1.452018,-0.806847,0.308490,-1.689484,0.200409,-0.439014,0.000000
0.000000,0.000000,-0.270000,0.520000,-0.300000,0.000000,0.000000,0.000000,-0.270000,0.520000,-0.300000,0.000000,-1.206183,0.050000,-1.289751,-1.526508,-0.073504,0.414060,0.000000,-1.398894,-0.757948,0.327093,-1.653626,0.186134,-0.430312,0.000000
0.000000,0.000000,-0.270000,0.520000,-0.300000,0.000000,0.000000,0.000000,-0.270000,0.520000,-0.300000,0.000000,-1.196858,0.050000,-1.258892,-1.486314,-0.077877,0.425086,0.000000,-1.343924,-0.710468,0.351600,-1.620250,0.174475,-0.418878,0.000000
0.000000,0.000000,-0.270000,0.520000,-0.300000,0.000000,0.000000,0.000000,-0.270000,0.520000,-0.300000,0.000000,-1.172267,0.050000,-1.214616,-1.458339,-0.077121,0.436138,0.000000,-1.295101,-0.667722,0.381651,-1.599140,0.165536,-0.407082,0.000000
0.000000,0.000000,-0.270000,0.520000,-0.300000,0.000000,0.000000,0.000000,-0.270000,0.520000,-0.300000,0.000000,-1.128714,0.050000,-1.152748,-1.435238,-0.070141,0.446632,0.000000,-1.245996,-0.619973,0.421062,-1.582689,0.157111,-0.392939,0.000000
0.000000,0.000000,-0.270000,0.520000,-0.300000,0.000000,0.000000,0.000000,-0.270000,0.520000,-0.300000,0.000000,-1.083614,0.050000,-1.086572,-1.415897,-0.062079,0.456253,0.000000,-1.203199,-0.574544,0.460750,-1.570034,0.150472,-0.379083,0.000000
0.000000,0.000000,-0.270000,0.520000,-0.300000,0.000000,0.000000,0.000000,-0.270000,0.520000,-0.300000,0.000000,-1.042542,0.050000,-1.010351,-1.401014,-0.054473,0.467462,0.000000,-1.165090,-0.528968,0.502118,-1.559505,0.145472,-0.364832,0.000000
0.000000,0.000000,-0.270000,0.520000,-0.300000,0.000000,0.000000,0.000000,-0.270000,0.520000,-0.300000,0.000000,-1.008258,0.050000,-0.907210,-1.392234,-0.047309,0.482019,0.000000,-1.135008,-0.468917,0.550924,-1.553414,0.141063,-0.347790,0.000000
0.000000,0.000000,-0.270000,0.520000,-0.300000,0.000000,0.000000,0.000000,-0.270000,0.520000,-0.300000,0.000000,-0.992294,0.050000,-0.796507,-1.386527,-0.044518,0.495317,0.000000,-1.120373,-0.404439,0.608607,-1.549854,0.140203,-0.328471,0.000000
0.000000,0.000000,-0.270000,0.520000,-0.300000,0.000000,0.000000,0.000000,-0.270000,0.520000,-0.300000,0.000000,-0.985952,0.087818,-0.657625,-1.384190,-0.043466,0.500000,0.000000,-1.123639,-0.328044,0.693646,-1.537200,0.147411,-0.301648,0.000000
0.000000,0.000000,-0.270000,0.520000,-0.300000,0.000000,0.000000,0.000000,-0.270000,0.520000,-0.300000,0.000000,-0.982308,0.145626,-0.544760,-1.386053,-0.042304,0.500000,0.000000,-1.137472,-0.262673,0.764490,-1.514276,0.156707,-0.280570,0.000000
0.000000,0.000000,-0.270000,0.520000,-0.300000,0.000000,0.000000,0.000000,-0.270000,0.520000,-0.300000,0.000000,-0.983671,0.211284,-0.440300,-1.386418,-0.043505,0.500000,0.000000,-1.151711,-0.183758,0.826367,-1.489491,0.160165,-0.262483,0.000000
0.000000,0.000000,-0.270000,0.520000,-0.300000,0.000000,0.000000,0.000000,-0.270000,0.520000,-0.300000,0.000000,-0.986286,0.278986,-0.342438,-1.383118,-0.045552,0.500000,0.000000,-1.169512,-0.105760,0.885698,-1.466413,0.162015,-0.247189,0.000000
0.000000,0.000000,-0.270000,0.520000,-0.300000,0.000000,0.000000,0.000000,-0.270000,0.520000,-0.300000,0.000000,-0.988493,0.331938,-0.253718,-1.380376,-0.045159,0.500000,0.000000,-1.188486,-0.050455,0.937791,-1.449317,0.164018,-0.235611,0.000000
0.000000,0.000000,-0.270000,0.520000,-0.300000,0.000000,0.000000,0.000000,-0.270000,0.520000,-0.300000,0.000000,-0.997783,0.376338,-0.167223,-1.384029,-0.043683,0.500000,0.000000,-1.209554,-0.050000,0.990687,-1.438029,0.166531,-0.225178,0.000000
0.000000,0.000000,-0.270000,0.520000,-0.300000,0.000000,0.000000,0.000000,-0.270000,0.520000,-0.300000,0.000000,-1.011908,0.421298,-0.086325,-1.393500,-0.043864,0.500000,0.000000,-1.231089,-0.050000,1.033264,-1.432128,0.168215,-0.219154,0.000000
0.000000,0.000000,-0.270000,0.520000,-0.300000,0.000000,0.000000,0.000000,-0.270000,0.520000,-0.300000,0.000000,-1.025316,0.466757,-0.022485,-1.403034,-0.047090,0.500000,0.000000,-1.253901,-0.050000,1.061138,-1.434267,0.169588,-0.217173,0.000000
0.000000,0.000000,-0.270000,0.520000,-0.300000,0.000000,0.000000,0.000000,-0.270000,0.520000,-0.300000,0.000000,-1.043178,0.527998,0.038803,-1.416252,-0.054828,0.500000,0.000000,-1.298990,-0.050000,1.095441,-1.452968,0.175777,-0.214012,0.000000
0.000000,0.000000,-0.270000,0.520000,-0.300000,0.000000,0.000000,0.000000,-0.270000,0.520000,-0.300000,0.000000,-1.072943,0.603050,0.121551,-1.445769,-0.059489,0.500000,0.000000,-1.374989,-0.050000,1.131498,-1.476902,0.188585,-0.212952,0.000000
0.000000,0.000000,-0.270000,0.520000,-0.300000,0.000000,0.000000,0.000000,-0.270000,0.520000,-0.300000,0.000000,-1.094566,0.655912,0.164114,-1.480644,-0.061112,0.500000,0.000000,-1.438615,-0.050000,1.139147,-1.505610,0.199145,-0.215995,0.000000
0.000000,0.000000,-0.270000,0.520000,-0.300000,0.000000,0.000000,0.000000,-0.270000,0.520000,-0.300000,0.000000,-1.110610,0.704902,0.185285,-1.515374,-0.064971,0.500000,0.000000,-1.487928,-0.050000,1.139410,-1.548792,0.202769,-0.219252,0.000000
0.000000,0.000000,-0.270000,0.520000,-0.300000,0.000000,0.000000,0.000000,-0.270000,0.520000,-0.300000,0.000000,-1.122716,0.736468,0.189154,-1.547921,-0.066293,0.500000,0.000000,-1.519231,-0.050000,1.138130,-1.592029,0.200296,-0.222355,0.000000
0.000000,0.000000,-0.270000,0.520000,-0.300000,0.000000,0.000000,0.000000,-0.270000,0.520000,-0.300000,0.000000,-1.134214,0.758131,0.185135,-1.576364,-0.066084,0.500000,0.000000,-1.538451,-0.050000,1.136174,-1.620478,0.196358,-0.224702,0.000000
0.000000,0.000000,-0.270000,0.520000,-0.300000,0.000000,0.000000,0.000000,-0.270000,0.520000,-0.300000,0.000000,-1.140085,0.772617,0.181524,-1.590191,-0.066474,0.500000,0.000000,-1.546200,-0.050000,1.134469,-1.634841,0.192612,-0.225451,0.000000
0.000000,0.000000,-0.270000,0.520000,-0.300000,0.000000,0.000000,0.000000,-0.270000,0.520000,-0.300000,0.000000,-1.141445,0.779302,0.178394,-1.594977,-0.065844,0.500000,0.000000,-1.545021,-0.050000,1.132435,-1.638235,0.188288,-0.225536,0.000000
0.000000,0.000000,-0.270000,0.520000,-0.300000,0.000000,0.000000,0.000000,-0.270000,0.520000,-0.300000,0.000000,-1.134230,0.776183,0.173641,-1.589328,-0.063529,0.500000,0.000000,-1.534006,-0.050000,1.128735,-1.628614,0.183856,-0.225477,0.000000
0.000000,0.000000,-0.270000,0.520000,-0.300000,0.000000,0.000000,0.000000,-0.270000,0.520000,-0.300000,0.000000,-1.122721,0.768233,0.169710,-1.577507,-0.061083,0.500000,0.000000,-1.518373,-0.050000,1.124289,-1.613335,0.180340,-0.225458,0.000000
0.000000,0.000000,-0.270000,0.520000,-0.300000,0.000000,0.000000,0.000000,-0.270000,0.520000,-0.300000,0.000000,-1.104331,0.754331,0.166675,-1.557199,-0.057878,0.500000,0.000000,-1.493376,-0.050000,1.118290,-1.589797,0.176027,-0.225218,0.000000
0.000000,0.000000,-0.270000,0.520000,-0.300000,0.000000,0.000000,0.000000,-0.270000,0.520000,-0.300000,0.000000,-1.078104,0.732122,0.165198,-1.527798,-0.053153,0.500000,0.000000,-1.457512,-0.050000,1.111624,-1.555537,0.170614,-0.224162,0.000000
0.000000,0.000000,-0.270000,0.520000,-0.300000,0.000000,0.000000,0.000000,-0.270000,0.520000,-0.300000,0.000000,-1.054982,0.713898,0.168837,-1.500324,-0.049713,0.500000,0.000000,-1.426005,-0.050000,1.109113,-1.525107,0.166314,-0.222312,0.000000
0.000000,0.000000,-0.270000,0.520000,-0.300000,0.000000,0.000000,0.000000,-0.270000,0.520000,-0.300000,0.000000,-1.028722,0.695278,0.175618,-1.467404,-0.046593,0.500000,0.000000,-1.392031,-0.050000,1.108672,-1.491543,0.161661,-0.219554,0.000000
0.000000,0.000000,-0.270000,0.520000,-0.300000,0.000000,0.000000,0.000000,-0.270000,0.520000,-0.300000,0.000000,-0.996709,0.669026,0.189939,-1.423427,-0.042164,0.500000,0.000000,-1.349095,-0.050000,1.109863,-1.447817,0.155891,-0.215144,0.000000
0.000000,0.000000,-0.270000,0.520000,-0.300000,0.000000,0.000000,0.000000,-0.270000,0.520000,-0.300000,0.000000,-0.967448,0.648111,0.205838,-1.383316,-0.038969,0.500000,0.000000,-1.312342,-0.050000,1.111844,-1.408730,0.151575,-0.210731,0.000000
0.000000,0.000000,-0.270000,0.520000,-0.300000,0.000000,0.000000,0.000000,-0.270000,0.520000,-0.300000,0.000000,-0.936529,0.626672,0.223805,-1.342333,-0.035959,0.500000,0.000000,-1.274641,-0.050000,1.114077,-1.367051,0.147806,-0.205778,0.000000
0.000000,0.000000,-0.270000,0.520000,-0.300000,0.000000,0.000000,0.000000,-0.270000,0.520000,-0.300000,0.000000,-0.918895,0.608591,0.238271,-1.317901,-0.033062,0.500000,0.000000,-1.249152,-0.050000,1.115767,-1.337336,0.145707,-0.202102,0.000000
0.000000,0.000000,-0.270000,0.520000,-0.300000,0.000000,0.000000,0.000000,-0.270000,0.520000,-0.300000,0.000000,-0.904889,0.592544,0.251267,-1.298550,-0.030550,0.500000,0.000000,-1.229380,-0.050000,1.119236,-1.307943,0.145272,-0.198326,0.000000
0.000000,0.000000,-0.270000,0.520000,-0.300000,0.000000,0.000000,0.000000,-0.270000,0.520000,-0.300000,0.000000,-0.894559,0.580472,0.263325,-1.285284,-0.028910,0.500000,0.000000,-1.214515,-0.050000,1.123962,-1.281123,0.146152,-0.194578,0.000000
0.000000,0.000000,-0.270000,0.520000,-0.300000,0.000000,0.000000,0.000000,-0.270000,0.520000,-0.300000,0.000000,-0.888516,0.570191,0.276347,-1.279133,-0.027701,0.500000,0.000000,-1.203498,-0.050000,1.131517,-1.255681,0.148420,-0.190342,0.000000
0.000000,0.000000,-0.270000,0.520000,-0.300000,0.000000,0.000000,0.000000,-0.270000,0.520000,-0.300000,0.000000,-0.887123,0.572035,0.285753,-1.283449,-0.028824,0.500000,0.000000,-1.202821,-0.050000,1.141501,-1.240878,0.152477,-0.186950,0.000000
0.000000,0.000000,-0.270000,0.520000,-0.300000,0.000000,0.000000,0.000000,-0.270000,0.520000,-0.300000,0.000000,-0.895004,0.594075,0.294390,-1.316331,-0.034510,0.500000,0.000000,-1.229678,-0.050000,1.159275,-1.234694,0.165736,-0.183614,0.000000
0.000000,0.000000,-0.270000,0.520000,-0.300000,0.000000,0.000000,0.000000,-0.270000,0.520000,-0.300000,0.000000,-0.905650,0.627701,0.298678,-1.365256,-0.042421,0.500000,0.000000,-1.275482,-0.050000,1.165628,-1.240170,0.183241,-0.184914,0.000000
0.000000,0.000000,-0.270000,0.520000,-0.300000,0.000000,0.000000,0.000000,-0.270000,0.520000,-0.300000,0.000000,-0.919338,0.669685,0.287349,-1.425018,-0.048617,0.500000,0.000000,-1.327877,-0.050000,1.154134,-1.262176,0.197114,-0.190519,0.000000
0.000000,0.000000,-0.270000,0.520000,-0.300000,0.000000,0.000000,0.000000,-0.270000,0.520000,-0.300000,0.000000,-0.937522,0.712602,0.271977,-1.488172,-0.051773,0.500000,0.000000,-1.370258,-0.050000,1.132183,-1.315152,0.200563,-0.197162,0.000000
0.000000,0.000000,-0.270000,0.520000,-0.300000,0.000000,0.000000,0.000000,-0.270000,0.520000,-0.300000,0.000000,-0.953366,0.758137,0.253237,-1.546396,-0.055331,0.500000,0.000000,-1.416893,-0.050000,1.112666,-1.383438,0.201938,-0.204252,0.000000
0.000000,0.000000,-0.270000,0.520000,-0.300000,0.000000,0.000000,0.000000,-0.270000,0.520000,-0.300000,0.000000,-0.973537,0.800719,0.230696,-1.605185,-0.057733,0.500000,0.000000,-1.472802,-0.050000,1.093093,-1.453749,0.204882,-0.212147,0.000000
0.000000,0.000000,-0.270000,0.520000,-0.300000,0.000000,0.000000,0.000000,-0.270000,0.520000,-0.300000,0.000000,-0.996023,0.834862,0.211524,-1.656775,-0.058248,0.500000,0.000000,-1.520797,-0.050000,1.075459,-1.517689,0.205701,-0.219242,0.000000
0.000000,0.000000,-0.270000,0.520000,-0.300000,0.000000,0.000000,0.000000,-0.270000,0.520000,-0.300000,0.000000,-1.010968,0.865910,0.198721,-1.689198,-0.059489,0.500000,0.000000,-1.552053,-0.050000,1.062557,-1.574553,0.201987,-0.224414,0.000000
0.000000,0.000000,-0.270000,0.520000,-0.300000,0.000000,0.000000,0.000000,-0.270000,0.520000,-0.300000,0.000000,-1.020862,0.884772,0.191640,-1.705547,-0.059988,0.500000,0.000000,-1.577180,-0.050000,1.056145,-1.618287,0.198761,-0.226965,0.000000
0.000000,0.000000,-0.270000,0.520000,-0.300000,0.000000,0.000000,0.000000,-0.270000,0.520000,-0.300000,0.000000,-1.033018,0.889952,0.191862,-1.715807,-0.058999,0.500000,0.000000,-1.594015,-0.050000,1.056620,-1.646462,0.195927,-0.227038,0.000000
0.000000,0.000000,-0.270000,0.520000,-0.300000,0.000000,0.000000,0.000000,-0.270000,0.520000,-0.300000,0.000000,-1.045835,0.892858,0.196684,-1.723312,-0.059115,0.500000,0.000000,-1.603146,-0.050000,1.062729,-1.664792,0.192475,-0.225154,0.000000
0.000000,0.000000,-0.270000,0.520000,-0.300000,0.000000,0.000000,0.000000,-0.270000,0.520000,-0.300000,0.000000,-1.051966,0.895483,0.199211,-1.726340,-0.059655,0.500000,0.000000,-1.606659,-0.050000,1.071420,-1.673286,0.189438,-0.222621,0.000000
0.000000,0.000000,-0.270000,0.520000,-0.300000,0.000000,0.000000,0.000000,-0.270000,0.520000,-0.300000,0.000000,-1.058637,0.891203,0.205413,-1.724655,-0.059108,0.500000,0.000000,-1.607951,-0.050000,1.085844,-1.673908,0.186144,-0.218471,0.000000
0.000000,0.000000,-0.270000,0.520000,-0.300000,0.000000,0.000000,0.000000,-0.270000,0.520000,-0.300000,0.000000,-1.061059,0.877305,0.212410,-1.713642,-0.056859,0.500000,0.000000,-1.606959,-0.050000,1.103190,-1.660625,0.183987,-0.213349,0.000000
0.000000,0.000000,-0.270000,0.520000,-0.300000,0.000000,0.000000,0.000000,-0.270000,0.520000,-0.300000,0.000000,-1.058707,0.850627,0.222268,-1.691986,-0.052367,0.500000,0.000000,-1.599578,-0.050000,1.118670,-1.634780,0.182390,-0.208504,0.000000
0.000000,0.000000,-0.270000,0.520000,-0.300000,0.000000,0.000000,0.000000,-0.270000,0.520000,-0.300000,0.000000,-1.043581,0.794817,0.239959,-1.644309,-0.043348,0.500000,0.000000,-1.570375,-0.050000,1.131105,-1.583934,0.178721,-0.203511,0.000000
0.000000,0.000000,-0.270000,0.520000,-0.300000,0.000000,0.000000,0.000000,-0.270000,0.520000,-0.300000,0.000000,-1.017874,0.736980,0.257017,-1.586105,-0.035190,0.500000,0.000000,-1.530494,-0.050000,1.134142,-1.526697,0.174337,-0.200533,0.000000
0.000000,0.000000,-0.270000,0.520000,-0.300000,0.000000,0.000000,0.000000,-0.270000,0.520000,-0.300000,0.000000,-0.991648,0.688116,0.270701,-1.530729,-0.029298,0.500000,0.000000,-1.493958,-0.050000,1.128348,-1.470432,0.171937,-0.199976,0.000000
0.000000,0.000000,-0.270000,0.520000,-0.300000,0.000000,0.000000,0.000000,-0.270000,0.520000,-0.300000,0.000000,-0.962214,0.637109,0.280173,-1.472239,-0.023387,0.500000,0.000000,-1.449714,-0.050000,1.111634,-1.410122,0.168094,-0.200845,0.000000
0.000000,0.000000,-0.270000,0.520000,-0.300000,0.000000,0.000000,0.000000,-0.270000,0.520000,-0.300000,0.000000,-0.928677,0.573380,0.281323,-1.408269,-0.016100,0.500000,0.000000,-1.388307,-0.050000,1.076139,-1.340761,0.161014,-0.204312,0.000000
0.000000,0.000000,-0.270000,0.520000,-0.300000,0.000000,0.000000,0.000000,-0.270000,0.520000,-0.300000,0.000000,-0.902715,0.514972,0.260716,-1.358684,-0.010038,0.500000,0.000000,-1.335968,-0.050000,1.022994,-1.281816,0.153217,-0.211957,0.000000
0.000000,0.000000,-0.270000,0.520000,-0.300000,0.000000,0.000000,0.000000,-0.270000,0.520000,-0.300000,0.000000,-0.881440,0.460784,0.223571,-1.318411,-0.005198,0.500000,0.000000,-1.296666,-0.050000,0.961712,-1.229969,0.147067,-0.222142,0.000000
0.000000,0.000000,-0.270000,0.520000,-0.300000,0.000000,0.000000,0.000000,-0.270000,0.520000,-0.300000,0.000000,-0.867302,0.408239,0.173246,-1.287073,-0.000620,0.500000,0.000000,-1.269604,-0.050000,0.897196,-1.182844,0.142575,-0.233408,0.000000
0.000000,0.000000,-0.270000,0.520000,-0.300000,0.000000,0.000000,0.000000,-0.270000,0.520000,-0.300000,0.000000,-0.857815,0.342436,0.102271,-1.263428,0.005088,0.500000,0.000000,-1.244653,-0.050000,0.817568,-1.132683,0.139330,-0.247504,0.000000
0.000000,0.000000,-0.270000,0.520000,-0.300000,0.000000,0.000000,0.000000,-0.270000,0.520000,-0.300000,0.000000,-0.853600,0.255455,-0.012579,-1.248841,0.009447,0.500000,0.000000,-1.224594,-0.050000,0.706395,-1.080518,0.138092,-0.266804,0.000000
0.000000,0.000000,-0.270000,0.520000,-0.300000,0.000000,0.000000,0.000000,-0.270000,0.520000,-0.300000,0.000000,-0.865439,0.183859,-0.129949,-1.252225,0.008963,0.500000,0.000000,-1.227114,-0.050000,0.605204,-1.050918,0.140113,-0.283667,0.000000
0.000000,0.000000,-0.270000,0.520000,-0.300000,0.000000,0.000000,0.000000,-0.270000,0.520000,-0.300000,0.000000,-0.882138,0.118235,-0.253430,-1.263502,0.005887,0.486611,0.000000,-1.243183,-0.078169,0.509477,-1.036586,0.144069,-0.299226,0.000000
0.000000,0.000000,-0.270000,0.520000,-0.300000,0.000000,0.000000,0.000000,-0.270000,0.520000,-0.300000,0.000000,-0.901750,0.060149,-0.383993,-1.275769,-0.000234,0.452449,0.000000,-1.267890,-0.125760,0.420384,-1.037816,0.148471,-0.314150,0.000000
0.000000,0.000000,-0.270000,0.520000,-0.300000,0.000000,0.000000,0.000000,-0.270000,0.520000,-0.300000,0.000000,-0.930517,0.050000,-0.516104,-1.291006,-0.009924,0.419333,0.000000,-1.294941,-0.182655,0.345301,-1.049926,0.155365,-0.327590,0.000000
0.000000,0.000000,-0.270000,0.520000,-0.300000,0.000000,0.000000,0.000000,-0.270000,0.520000,-0.300000,0.000000,-0.965910,0.050000,-0.638065,-1.312343,-0.018818,0.395105,0.000000,-1.321840,-0.245180,0.288700,-1.069527,0.164096,-0.338513,0.000000
0.000000,0.000000,-0.270000,0.520000,-0.300000,0.000000,0.000000,0.000000,-0.270000,0.520000,-0.300000,0.000000,-1.003031,0.050000,-0.757692,-1.342519,-0.024710,0.375588,0.000000,-1.348721,-0.312474,0.244264,-1.100096,0.172729,-0.348589,0.000000
0.000000,0.000000,-0.270000,0.520000,-0.300000,0.000000,0.000000,0.000000,-0.270000,0.520000,-0.300000,0.000000,-1.045053,0.050000,-0.875244,-1.378871,-0.030222,0.360025,0.000000,-1.376726,-0.380657,0.209953,-1.140082,0.180002,-0.358263,0.000000
0.000000,0.000000,-0.270000,0.520000,-0.300000,0.000000,0.000000,0.000000,-0.270000,0.520000,-0.300000,0.000000,-1.103981,0.050000,-0.992482,-1.418592,-0.040222,0.350749,0.000000,-1.409125,-0.449101,0.184500,-1.191871,0.185454,-0.368671,0.000000
0.000000,0.000000,-0.270000,0.520000,-0.300000,0.000000,0.000000,0.000000,-0.270000,0.520000,-0.300000,0.000000,-1.209724,0.050000,-1.118200,-1.444263,-0.070431,0.362659,0.000000,-1.442097,-0.518745,0.165001,-1.255332,0.188614,-0.381058,0.000000
0.000000,0.000000,-0.270000,0.520000,-0.300000,0.000000,0.000000,0.000000,-0.270000,0.520000,-0.300000,0.000000,-1.297549,0.050000,-1.207402,-1.472415,-0.095989,0.382119,0.000000,-1.473816,-0.575225,0.151784,-1.319298,0.189994,-0.392393,0.000000
0.000000,0.000000,-0.270000,0.520000,-0.300000,0.000000,0.000000,0.000000,-0.270000,0.520000,-0.300000,0.000000,-1.346806,0.050000,-1.254800,-1.508791,-0.105705,0.393149,0.000000,-1.513933,-0.633261,0.147909,-1.387870,0.196265,-0.401935,0.000000
0.000000,0.000000,-0.270000,0.520000,-0.300000,0.000000,0.000000,0.000000,-0.270000,0.520000,-0.300000,0.000000,-1.385623,0.050000,-1.287186,-1.544741,-0.111076,0.405028,0.000000,-1.557819,-0.709757,0.154734,-1.470638,0.206954,-0.411456,0.000000
0.000000,0.000000,-0.270000,0.520000,-0.300000,0.000000,0.000000,0.000000,-0.270000,0.520000,-0.300000,0.000000,-1.409501,0.050000,-1.302008,-1.572409,-0.112067,0.415282,0.000000,-1.596472,-0.770599,0.165710,-1.548446,0.213933,-0.418680,0.000000
0.000000,0.000000,-0.270000,0.520000,-0.300000,0.000000,0.000000,0.000000,-0.270000,0.520000,-0.300000,0.000000,-1.428933,0.050000,-1.308181,-1.591367,-0.112888,0.420706,0.000000,-1.622574,-0.805807,0.176767,-1.603343,0.216547,-0.422422,0.000000
0.000000,0.000000,-0.270000,0.520000,-0.300000,0.000000,0.000000,0.000000,-0.270000,0.520000,-0.300000,0.000000,-1.452431,0.050000,-1.315086,-1.608225,-0.114883,0.422506,0.000000,-1.641336,-0.838062,0.193642,-1.651549,0.218872,-0.424190,0.000000
0.000000,0.000000,-0.270000,0.520000,-0.300000,0.000000,0.000000,0.000000,-0.270000,0.520000,-0.300000,0.000000,-1.462049,0.050000,-1.325901,-1.611592,-0.115577,0.420151,0.000000,-1.638121,-0.845980,0.206310,-1.664313,0.217996,-0.423499,0.000000
0.000000,0.000000,-0.270000,0.520000,-0.300000,0.000000,0.000000,0.000000,-0.270000,0.520000,-0.300000,0.000000,-1.464538,0.050000,-1.342612,-1.607947,-0.115190,0.416249,0.000000,-1.623269,-0.848645,0.221503,-1.670778,0.214258,-0.422497,0.000000
0.000000,0.000000,-0.270000,0.520000,-0.300000,0.000000,0.000000,0.000000,-0.270000,0.520000,-0.300000,0.000000,-1.450044,0.050000,-1.354643,-1.593411,-0.112615,0.413241,0.000000,-1.597756,-0.837218,0.227471,-1.656725,0.207265,-0.421618,0.000000
0.000000,0.000000,-0.270000,0.520000,-0.300000,0.000000,0.000000,0.000000,-0.270000,0.520000,-0.300000,0.000000,-1.421061,0.050000,-1.362317,-1.570652,-0.107718,0.410530,0.000000,-1.565182,-0.810276,0.223909,-1.628300,0.196066,-0.421426,0.000000
0.000000,0.000000,-0.270000,0.520000,-0.300000,0.000000,0.000000,0.000000,-0.270000,0.520000,-0.300000,0.000000,-1.381366,0.050000,-1.362238,-1.541017,-0.101406,0.408876,0.000000,-1.527392,-0.772409,0.213582,-1.590380,0.182660,-0.421236,0.000000
0.000000,0.000000,-0.270000,0.520000,-0.300000,0.000000,0.000000,0.000000,-0.270000,0.520000,-0.300000,0.000000,-1.338118,0.050000,-1.351301,-1.509767,-0.094937,0.409321,0.000000,-1.486567,-0.733260,0.206072,-1.551605,0.170547,-0.419329,0.000000
0.000000,0.000000,-0.270000,0.520000,-0.300000,0.000000,0.000000,0.000000,-0.270000,0.520000,-0.300000,0.000000,-1.294156,0.050000,-1.330657,-1.478569,-0.088758,0.411954,0.000000,-1.441104,-0.694602,0.207288,-1.514380,0.159962,-0.414862,0.000000
0.000000,0.000000,-0.270000,0.520000,-0.300000,0.000000,0.000000,0.000000,-0.270000,0.520000,-0.300000,0.000000,-1.238532,0.050000,-1.289977,-1.445701,-0.080351,0.417696,0.000000,-1.382896,-0.648257,0.220117,-1.473626,0.149122,-0.406173,0.000000
0.000000,0.000000,-0.270000,0.520000,-0.300000,0.000000,0.000000,0.000000,-0.270000,0.520000,-0.300000,0.000000,-1.172900,0.050000,-1.232910,-1.425859,-0.067506,0.423642,0.000000,-1.327804,-0.604926,0.241837,-1.440693,0.141244,-0.395029,0.000000
0.000000,0.000000,-0.270000,0.520000,-0.300000,0.000000,0.000000,0.000000,-0.270000,0.520000,-0.300000,0.000000,-1.111993,0.050000,-1.169160,-1.405646,-0.056709,0.430097,0.000000,-1.274512,-0.561326,0.272505,-1.416347,0.135206,-0.381838,0.000000
0.000000,0.000000,-0.270000,0.520000,-0.300000,0.000000,0.000000,0.000000,-0.270000,0.520000,-0.300000,0.000000,-1.063191,0.050000,-1.093825,-1.381364,-0.050504,0.438640,0.000000,-1.221785,-0.506303,0.314274,-1.400198,0.128466,-0.365571,0.000000
0.000000,0.000000,-0.270000,0.520000,-0.300000,0.000000,0.000000,0.000000,-0.270000,0.520000,-0.300000,0.000000,-1.026017,0.050000,-1.011270,-1.363945,-0.046479,0.448441,0.000000,-1.177677,-0.450538,0.361893,-1.393072,0.123655,-0.348844,0.000000
0.000000,0.000000,-0.270000,0.520000,-0.300000,0.000000,0.000000,0.000000,-0.270000,0.520000,-0.300000,0.000000,-0.999288,0.050000,-0.921981,-1.356395,-0.043354,0.460079,0.000000,-1.146042,-0.400860,0.413846,-1.395399,0.122828,-0.333356,0.000000
0.000000,0.000000,-0.270000,0.520000,-0.300000,0.000000,0.000000,0.000000,-0.270000,0.520000,-0.300000,0.000000,-0.988258,0.050000,-0.826009,-1.360929,-0.040693,0.475760,0.000000,-1.131036,-0.356071,0.471840,-1.403954,0.125684,-0.318518,0.000000
0.000000,0.000000,-0.270000,0.520000,-0.300000,0.000000,0.000000,0.000000,-0.270000,0.520000,-0.300000,0.000000,-0.989733,0.050000,-0.665098,-1.377410,-0.037497,0.499858,0.000000,-1.130401,-0.282692,0.577121,-1.416019,0.135375,-0.293858,0.000000
0.000000,0.000000,-0.270000,0.520000,-0.300000,0.000000,0.000000,0.000000,-0.270000,0.520000,-0.300000,0.000000,-0.991751,0.108630,-0.537192,-1.386261,-0.040709,0.500000,0.000000,-1.142829,-0.216361,0.678540,-1.412111,0.149742,-0.273783,0.000000
0.000000,0.000000,-0.270000,0.520000,-0.300000,0.000000,0.000000,0.000000,-0.270000,0.520000,-0.300000,0.000000,-0.993179,0.213873,-0.440843,-1.385713,-0.048883,0.500000,0.000000,-1.163752,-0.153592,0.767363,-1.404268,0.162792,-0.259371,0.000000
0.000000,0.000000,-0.270000,0.520000,-0.300000,0.000000,0.000000,0.000000,-0.270000,0.520000,-0.300000,0.000000,-0.995591,0.293399,-0.346743,-1.387716,-0.052331,0.500000,0.000000,-1.185535,-0.087256,0.846898,-1.407446,0.169975,-0.247473,0.000000
0.000000,0.000000,-0.270000,0.520000,-0.300000,0.000000,0.000000,0.000000,-0.270000,0.520000,-0.300000,0.000000,-0.995751,0.363814,-0.255022,-1.390500,-0.053963,0.500000,0.000000,-1.208161,-0.050000,0.926289,-1.415882,0.175019,-0.237397,0.000000
0.000000,0.000000,-0.270000,0.520000,-0.300000,0.000000,0.000000,0.000000,-0.270000,0.520000,-0.300000,0.000000,-0.992315,0.433871,-0.173893,-1.392657,-0.057210,0.500000,0.000000,-1.229956,-0.050000,0.995023,-1.428222,0.178092,-0.230758,0.000000
0.000000,0.000000,-0.270000,0.520000,-0.300000,0.000000,0.000000,0.000000,-0.270000,0.520000,-0.300000,0.000000,-0.986363,0.506882,-0.098301,-1.392575,-0.062055,0.500000,0.000000,-1.257050,-0.050000,1.045948,-1.444793,0.180730,-0.229279,0.000000
0.000000,0.000000,-0.270000,0.520000,-0.300000,0.000000,0.000000,0.000000,-0.270000,0.520000,-0.300000,0.000000,-0.981891,0.578296,-0.023211,-1.395954,-0.065869,0.500000,0.000000,-1.296881,-0.050000,1.093665,-1.461956,0.186636,-0.229523,0.000000
0.000000,0.000000,-0.270000,0.520000,-0.300000,0.000000,0.000000,0.000000,-0.270000,0.520000,-0.300000,0.000000,-0.979909,0.642008,0.046150,-1.408807,-0.068578,0.500000,0.000000,-1.340319,-0.050000,1.131769,-1.477728,0.194244,-0.232463,0.000000
0.000000,0.000000,-0.270000,0.520000,-0.300000,0.000000,0.000000,0.000000,-0.270000,0.520000,-0.300000,0.000000,-0.980495,0.700219,0.109899,-1.429273,-0.072433,0.500000,0.000000,-1.382273,-0.050000,1.159060,-1.493679,0.201403,-0.237160,0.000000
0.000000,0.000000,-0.270000,0.520000,-0.300000,0.000000,0.000000,0.000000,-0.270000,0.520000,-0.300000,0.000000,-0.986663,0.743493,0.166574,-1.452139,-0.075990,0.500000,0.000000,-1.414946,-0.050000,1.173994,-1.513527,0.204979,-0.240975,0.000000
0.000000,0.000000,-0.270000,0.520000,-0.300000,0.000000,0.000000,0.000000,-0.270000,0.520000,-0.300000,0.000000,-0.994037,0.781177,0.205987,-1.477861,-0.079715,0.500000,0.000000,-1.438918,-0.050000,1.181534,-1.532136,0.205152,-0.243417,0.000000
0.000000,0.000000,-0.270000,0.520000,-0.300000,0.000000,0.000000,0.000000,-0.270000,0.520000,-0.300000,0.000000,-1.004480,0.828730,0.241297,-1.516613,-0.083310,0.500000,0.000000,-1.469072,-0.050000,1.184662,-1.543469,0.204770,-0.246776,0.000000
0.000000,0.000000,-0.270000,0.520000,-0.300000,0.000000,0.000000,0.000000,-0.270000,0.520000,-0.300000,0.000000,-1.009816,0.861100,0.254882,-1.551638,-0.083809,0.500000,0.000000,-1.495807,-0.050000,1.184874,-1.543485,0.205433,-0.249415,0.000000
0.000000,0.000000,-0.270000,0.520000,-0.300000,0.000000,0.000000,0.000000,-0.270000,0.520000,-0.300000,0.000000,-1.013820,0.876294,0.255993,-1.577085,-0.082428,0.500000,0.000000,-1.519994,-0.050000,1.185771,-1.538977,0.207731,-0.250898,0.000000
0.000000,0.000000,-0.270000,0.520000,-0.300000,0.000000,0.000000,0.000000,-0.270000,0.520000,-0.300000,0.000000,-1.016519,0.876872,0.251161,-1.590667,-0.079896,0.500000,0.000000,-1.534632,-0.050000,1.185314,-1.531946,0.209192,-0.251958,0.000000
0.000000,0.000000,-0.270000,0.520000,-0.300000,0.000000,0.000000,0.000000,-0.270000,0.520000,-0.300000,0.000000,-1.016344,0.862770,0.239658,-1.599357,-0.074626,0.500000,0.000000,-1.539591,-0.050000,1.180694,-1.520059,0.208558,-0.253506,0.000000
0.000000,0.000000,-0.270000,0.520000,-0.300000,0.000000,0.000000,0.000000,-0.270000,0.520000,-0.300000,0.000000,-1.012908,0.834783,0.224522,-1.601663,-0.067125,0.500000,0.000000,-1.534980,-0.050000,1.172942,-1.505110,0.205934,-0.255303,0.000000
0.000000,0.000000,-0.270000,0.520000,-0.300000,0.000000,0.000000,0.000000,-0.270000,0.520000,-0.300000,0.000000,-1.008059,0.798531,0.204016,-1.601178,-0.058477,0.500000,0.000000,-1.525730,-0.050000,1.162097,-1.488835,0.202379,-0.257586,0.000000
0.000000,0.000000,-0.270000,0.520000,-0.300000,0.000000,0.000000,0.000000,-0.270000,0.520000,-0.300000,0.000000,-1.001031,0.749527,0.178131,-1.600395,-0.047634,0.500000,0.000000,-1.511212,-0.050000,1.148088,-1.468192,0.198600,-0.260393,0.000000
0.000000,0.000000,-0.270000,0.520000,-0.300000,0.000000,0.000000,0.000000,-0.270000,0.520000,-0.300000,0.000000,-0.992080,0.704070,0.150414,-1.595467,-0.038840,0.500000,0.000000,-1.501411,-0.050000,1.132094,-1.450355,0.196284,-0.263915,0.000000
0.000000,0.000000,-0.270000,0.520000,-0.300000,0.000000,0.000000,0.000000,-0.270000,0.520000,-0.300000,0.000000,-0.975714,0.653304,0.105007,-1.592388,-0.030272,0.500000,0.000000,-1.490374,-0.050000,1.103631,-1.431300,0.194877,-0.270747,0.000000
0.000000,0.000000,-0.270000,0.520000,-0.300000,0.000000,0.000000,0.000000,-0.270000,0.520000,-0.300000,0.000000,-0.962155,0.598275,0.052032,-1.594622,-0.021146,0.500000,0.000000,-1.478180,-0.050000,1.063488,-1.414703,0.192914,-0.279775,0.000000
0.000000,0.000000,-0.270000,0.520000,-0.300000,0.000000,0.000000,0.000000,-0.270000,0.520000,-0.300000,0.000000,-0.949860,0.544614,-0.007312,-1.598700,-0.013348,0.500000,0.000000,-1.464519,-0.050000,1.013641,-1.401677,0.189647,-0.290572,0.000000
0.000000,0.000000,-0.270000,0.520000,-0.300000,0.000000,0.000000,0.000000,-0.270000,0.520000,-0.300000,0.000000,-0.940260,0.494109,-0.073790,-1.604969,-0.007357,0.500000,0.000000,-1.456247,-0.050000,0.959846,-1.389077,0.187690,-0.302471,0.000000
0.000000,0.000000,-0.270000,0.520000,-0.300000,0.000000,0.000000,0.000000,-0.270000,0.520000,-0.300000,0.000000,-0.932722,0.428673,-0.162710,-1.616934,-0.001597,0.500000,0.000000,-1.458274,-0.050000,0.891866,-1.376478,0.189873,-0.318768,0.000000
0.000000,0.000000,-0.270000,0.520000,-0.300000,0.000000,0.000000,0.000000,-0.270000,0.520000,-0.300000,0.000000,-0.921937,0.369492,-0.262640,-1.625184,0.001449,0.500000,0.000000,-1.466915,-0.050000,0.830079,-1.370600,0.193085,-0.333128,0.000000
0.000000,0.000000,-0.270000,0.520000,-0.300000,0.000000,0.000000,0.000000,-0.270000,0.520000,-0.300000,0.000000,-0.907493,0.312985,-0.377733,-1.629799,0.001798,0.500000,0.000000,-1.478818,-0.052610,0.775278,-1.370907,0.196666,-0.344756,0.000000
0.000000,0.000000,-0.270000,0.520000,-0.300000,0.000000,0.000000,0.000000,-0.270000,0.520000,-0.300000,0.000000,-0.895292,0.260261,-0.492796,-1.633092,0.000064,0.500000,0.000000,-1.492376,-0.112273,0.730645,-1.375906,0.200516,-0.353617,0.000000
0.000000,0.000000,-0.270000,0.520000,-0.300000,0.000000,0.000000,0.000000,-0.270000,0.520000,-0.300000,0.000000,-0.886049,0.205529,-0.604352,-1.637042,-0.002481,0.494208,0.000000,-1.506165,-0.181130,0.687633,-1.384608,0.203738,-0.362232,0.000000
0.000000,0.000000,-0.270000,0.520000,-0.300000,0.000000,0.000000,0.000000,-0.270000,0.520000,-0.300000,0.000000,-0.882014,0.147356,-0.712002,-1.641347,-0.005629,0.479971,0.000000,-1.517770,-0.248424,0.638636,-1.397793,0.203497,-0.372319,0.000000
0.000000,0.000000,-0.270000,0.520000,-0.300000,0.000000,0.000000,0.000000,-0.270000,0.520000,-0.300000,0.000000,-0.883885,0.089746,-0.812974,-1.643442,-0.009805,0.468508,0.000000,-1.519962,-0.305822,0.584464,-1.411890,0.197606,-0.382708,0.000000
0.000000,0.000000,-0.270000,0.520000,-0.300000,0.000000,0.000000,0.000000,-0.270000,0.520000,-0.300000,0.000000,-0.888344,0.050000,-0.910150,-1.642766,-0.014171,0.455560,0.000000,-1.515578,-0.355209,0.532995,-1.421588,0.190373,-0.390688,0.000000
0.000000,0.000000,-0.270000,0.520000,-0.300000,0.000000,0.000000,0.000000,-0.270000,0.520000,-0.300000,0.000000,-0.897654,0.050000,-1.005478,-1.638189,-0.020059,0.439358,0.000000,-1.506015,-0.401885,0.486035,-1.430163,0.184256,-0.396459,0.000000
0.000000,0.000000,-0.270000,0.520000,-0.300000,0.000000,0.000000,0.000000,-0.270000,0.520000,-0.300000,0.000000,-0.918761,0.050000,-1.096079,-1.629903,-0.029108,0.424942,0.000000,-1.489265,-0.446245,0.444661,-1.441782,0.179443,-0.400961,0.000000
0.000000,0.000000,-0.270000,0.520000,-0.300000,0.000000,0.000000,0.000000,-0.270000,0.520000,-0.300000,0.000000,-0.939929,0.050000,-1.174667,-1.626131,-0.034925,0.413987,0.000000,-1.464030,-0.473433,0.408373,-1.451400,0.173646,-0.405359,0.000000
0.000000,0.000000,-0.270000,0.520000,-0.300000,0.000000,0.000000,0.000000,-0.270000,0.520000,-0.300000,0.000000,-0.966326,0.050000,-1.241653,-1.626097,-0.039648,0.406684,0.000000,-1.423112,-0.493234,0.375920,-1.459226,0.168397,-0.410306,0.000000
0.000000,0.000000,-0.270000,0.520000,-0.300000,0.000000,0.000000,0.000000,-0.270000,0.520000,-0.300000,0.000000,-1.000935,0.050000,-1.285628,-1.626198,-0.045638,0.407526,0.000000,-1.374443,-0.510228,0.347568,-1.469261,0.166827,-0.417141,0.000000
0.000000,0.000000,-0.270000,0.520000,-0.300000,0.000000,0.000000,0.000000,-0.270000,0.520000,-0.300000,0.000000,-1.032477,0.050000,-1.303280,-1.628401,-0.050119,0.414666,0.000000,-1.318826,-0.508604,0.318370,-1.478632,0.164372,-0.425554,0.000000
0.000000,0.000000,-0.270000,0.520000,-0.300000,0.000000,0.000000,0.000000,-0.270000,0.520000,-0.300000,0.000000,-1.063328,0.050000,-1.299059,-1.633491,-0.054079,0.424036,0.000000,-1.246388,-0.488324,0.276844,-1.484113,0.160391,-0.436368,0.000000
0.000000,0.000000,-0.270000,0.520000,-0.300000,0.000000,0.000000,0.000000,-0.270000,0.520000,-0.300000,0.000000,-1.105448,0.050000,-1.287053,-1.636171,-0.061740,0.430666,0.000000,-1.163776,-0.452916,0.222846,-1.492012,0.156492,-0.447928,0.000000
0.000000,0.000000,-0.270000,0.520000,-0.300000,0.000000,0.000000,0.000000,-0.270000,0.520000,-0.300000,0.000000,-1.152943,0.050000,-1.276819,-1.635633,-0.070835,0.432568,0.000000,-1.088833,-0.409920,0.173201,-1.504318,0.153723,-0.455793,0.000000
0.000000,0.000000,-0.270000,0.520000,-0.300000,0.000000,0.000000,0.000000,-0.270000,0.520000,-0.300000,0.000000,-1.195674,0.050000,-1.272599,-1.631686,-0.077773,0.433506,0.000000,-1.030498,-0.375474,0.140414,-1.520191,0.154232,-0.460006,0.000000
0.000000,0.000000,-0.270000,0.520000,-0.300000,0.000000,0.000000,0.000000,-0.270000,0.520000,-0.300000,0.000000,-1.223652,0.050000,-1.271070,-1.628718,-0.080897,0.436209,0.000000,-0.991210,-0.358052,0.127813,-1.536632,0.157773,-0.460839,0.000000
0.000000,0.000000,-0.270000,0.520000,-0.300000,0.000000,0.000000,0.000000,-0.270000,0.520000,-0.300000,0.000000,-1.238808,0.050000,-1.267373,-1.627111,-0.081708,0.439757,0.000000,-0.971257,-0.351795,0.128486,-1.551870,0.161457,-0.459377,0.000000
0.000000,0.000000,-0.270000,0.520000,-0.300000,0.000000,0.000000,0.000000,-0.270000,0.520000,-0.300000,0.000000,-1.243174,0.050000,-1.262060,-1.626786,-0.081335,0.442812,0.000000,-0.966850,-0.353341,0.134371,-1.565762,0.164748,-0.457438,0.000000
0.000000,0.000000,-0.270000,0.520000,-0.300000,0.000000,0.000000,0.000000,-0.270000,0.520000,-0.300000,0.000000,-1.239734,0.050000,-1.256848,-1.627112,-0.079590,0.445489,0.000000,-0.974152,-0.365358,0.141879,-1.584366,0.170221,-0.455689,0.000000
0.000000,0.000000,-0.270000,0.520000,-0.300000,0.000000,0.000000,0.000000,-0.270000,0.520000,-0.300000,0.000000,-1.216765,0.050000,-1.255725,-1.623647,-0.073358,0.448037,0.000000,-1.005893,-0.413492,0.155656,-1.628486,0.186302,-0.453204,0.000000
0.000000,0.000000,-0.270000,0.520000,-0.300000,0.000000,0.000000,0.000000,-0.270000,0.520000,-0.300000,0.000000,-1.190868,0.050000,-1.261245,-1.617940,-0.067499,0.448343,0.000000,-1.034843,-0.456874,0.163711,-1.663286,0.199476,-0.451886,0.000000
0.000000,0.000000,-0.270000,0.520000,-0.300000,0.000000,0.000000,0.000000,-0.270000,0.520000,-0.300000,0.000000,-1.129365,0.050000,-1.286330,-1.605803,-0.055934,0.442972,0.000000,-1.082926,-0.524621,0.170883,-1.702251,0.215070,-0.450300,0.000000
0.000000,0.000000,-0.270000,0.520000,-0.300000,0.000000,0.000000,0.000000,-0.270000,0.520000,-0.300000,0.000000,-1.052880,0.050000,-1.316971,-1.593054,-0.043052,0.435316,0.000000,-1.133165,-0.600760,0.180999,-1.736089,0.229815,-0.447470,0.000000
0.000000,0.000000,-0.270000,0.520000,-0.300000,0.000000,0.000000,0.000000,-0.270000,0.520000,-0.300000,0.000000,-0.986995,0.050000,-1.340541,-1.582574,-0.033694,0.428273,0.000000,-1.171364,-0.662245,0.190127,-1.753838,0.239616,-0.444558,0.000000
0.000000,0.000000,-0.270000,0.520000,-0.300000,0.000000,0.000000,0.000000,-0.270000,0.520000,-0.300000,0.000000,-0.945199,0.050000,-1.349859,-1.575064,-0.028230,0.424558,0.000000,-1.191038,-0.698536,0.195901,-1.761225,0.245488,-0.442604,0.000000
0.000000,0.000000,-0.270000,0.520000,-0.300000,0.000000,0.000000,0.000000,-0.270000,0.520000,-0.300000,0.000000,-0.854975,0.050000,-1.371666,-1.564271,-0.018146,0.414330,0.000000,-1.236385,-0.771007,0.218145,-1.771104,0.252852,-0.435928,0.000000
0.000000,0.000000,-0.270000,0.520000,-0.300000,0.000000,0.000000,0.000000,-0.270000,0.520000,-0.300000,0.000000,-0.808075,0.050000,-1.383512,-1.561738,-0.014217,0.408283,0.000000,-1.260057,-0.805508,0.233414,-1.774591,0.254387,-0.431741,0.000000
0.000000,0.000000,-0.270000,0.520000,-0.300000,0.000000,0.000000,0.000000,-0.270000,0.520000,-0.300000,0.000000,-0.784111,0.050000,-1.390640,-1.562334,-0.013378,0.404265,0.000000,-1.273341,-0.823415,0.245020,-1.775691,0.254347,-0.428889,0.000000
0.000000,0.000000,-0.270000,0.520000,-0.300000,0.000000,0.000000,0.000000,-0.270000,0.520000,-0.300000,0.000000,-0.769472,0.050000,-1.398220,-1.564235,-0.014462,0.400128,0.000000,-1.284399,-0.837788,0.259091,-1.775025,0.253585,-0.425638,0.000000
0.000000,0.000000,-0.270000,0.520000,-0.300000,0.000000,0.000000,0.000000,-0.270000,0.520000,-0.300000,0.000000,-0.766341,0.050000,-1.405165,-1.568564,-0.018140,0.396155,0.000000,-1.294143,-0.845492,0.276127,-1.772477,0.250853,-0.421974,0.000000
0.000000,0.000000,-0.270000,0.520000,-0.300000,0.000000,0.000000,0.000000,-0.270000,0.520000,-0.300000,0.000000,-0.780805,0.050000,-1.410596,-1.579093,-0.028031,0.391619,0.000000,-1.309627,-0.843026,0.304097,-1.766775,0.242921,-0.416604,0.000000
0.000000,0.000000,-0.270000,0.520000,-0.300000,0.000000,0.000000,0.000000,-0.270000,0.520000,-0.300000,0.000000,-0.815178,0.050000,-1.407977,-1.594175,-0.043498,0.388873,0.000000,-1.330434,-0.825998,0.338995,-1.754567,0.229915,-0.411217,0.000000
0.000000,0.000000,-0.270000,0.520000,-0.300000,0.000000,0.000000,0.000000,-0.270000,0.520000,-0.300000,0.000000,-0.857515,0.050000,-1.398139,-1.607212,-0.058233,0.388817,0.000000,-1.346171,-0.800453,0.370484,-1.735954,0.216633,-0.407856,0.000000
0.000000,0.000000,-0.270000,0.520000,-0.300000,0.000000,0.000000,0.000000,-0.270000,0.520000,-0.300000,0.000000,-0.903932,0.050000,-1.385730,-1.617314,-0.069918,0.390424,0.000000,-1.350029,-0.769458,0.396240,-1.711664,0.204556,-0.406214,0.000000
0.000000,0.000000,-0.270000,0.520000,-0.300000,0.000000,0.000000,0.000000,-0.270000,0.520000,-0.300000,0.000000,-0.956670,0.050000,-1.371898,-1.623801,-0.079963,0.392238,0.000000,-1.338643,-0.728245,0.418539,-1.684159,0.191639,-0.405432,0.000000
0.000000,0.000000,-0.270000,0.520000,-0.300000,0.000000,0.000000,0.000000,-0.270000,0.520000,-0.300000,0.000000,-1.012600,0.050000,-1.353313,-1.629946,-0.087627,0.395730,0.000000,-1.310107,-0.674798,0.437144,-1.657764,0.177176,-0.405273,0.000000
0.000000,0.000000,-0.270000,0.520000,-0.300000,0.000000,0.000000,0.000000,-0.270000,0.520000,-0.300000,0.000000,-1.066635,0.050000,-1.332874,-1.635790,-0.092654,0.401162,0.000000,-1.263288,-0.624402,0.453778,-1.633785,0.165813,-0.405217,0.000000
0.000000,0.000000,-0.270000,0.520000,-0.300000,0.000000,0.000000,0.000000,-0.270000,0.520000,-0.300000,0.000000,-1.117527,0.050000,-1.314961,-1.638075,-0.095661,0.406156,0.000000,-1.200181,-0.580687,0.465307,-1.609895,0.158507,-0.406781,0.000000
0.000000,0.000000,-0.270000,0.520000,-0.300000,0.000000,0.000000,0.000000,-0.270000,0.520000,-0.300000,0.000000,-1.165163,0.050000,-1.299627,-1.638093,-0.095755,0.410591,0.000000,-1.119580,-0.517169,0.452196,-1.589741,0.148208,-0.414075,0.000000
0.000000,0.000000,-0.270000,0.520000,-0.300000,0.000000,0.000000,0.000000,-0.270000,0.520000,-0.300000,0.000000,-1.202202,0.050000,-1.289707,-1.635914,-0.093807,0.413167,0.000000,-1.044858,-0.449944,0.415942,-1.578552,0.138404,-0.424339,0.000000
0.000000,0.000000,-0.270000,0.520000,-0.300000,0.000000,0.000000,0.000000,-0.270000,0.520000,-0.300000,0.000000,-1.221677,0.050000,-1.285955,-1.634363,-0.092175,0.414435,0.000000,-1.001199,-0.413456,0.387511,-1.572932,0.134466,-0.430842,0.000000
0.000000,0.000000,-0.270000,0.520000,-0.300000,0.000000,0.000000,0.000000,-0.270000,0.520000,-0.300000,0.000000,-1.230162,0.050000,-1.286989,-1.633975,-0.091440,0.414275,0.000000,-0.979024,-0.400064,0.372205,-1.566156,0.133147,-0.433565,0.000000
0.000000,0.000000,-0.270000,0.520000,-0.300000,0.000000,0.000000,0.000000,-0.270000,0.520000,-0.300000,0.000000,-1.235712,0.050000,-1.291143,-1.631540,-0.089273,0.413393,0.000000,-0.946142,-0.386502,0.349344,-1.554836,0.132980,-0.437282,0.000000
0.000000,0.000000,-0.270000,0.520000,-0.300000,0.000000,0.000000,0.000000,-0.270000,0.520000,-0.300000,0.000000,-1.234203,0.050000,-1.296835,-1.626366,-0.085498,0.412177,0.000000,-0.909227,-0.374112,0.321899,-1.546019,0.134880,-0.441981,0.000000
0.000000,0.000000,-0.270000,0.520000,-0.300000,0.000000,0.000000,0.000000,-0.270000,0.520000,-0.300000,0.000000,-1.226556,0.050000,-1.300331,-1.620859,-0.082710,0.411216,0.000000,-0.895910,-0.373146,0.307609,-1.545987,0.137920,-0.444984,0.000000
0.000000,0.000000,-0.270000,0.520000,-0.300000,0.000000,0.000000,0.000000,-0.270000,0.520000,-0.300000,0.000000,-1.212313,0.050000,-1.303814,-1.611987,-0.079157,0.410026,0.000000,-0.889585,-0.378313,0.293868,-1.550504,0.142986,-0.448136,0.000000
0.000000,0.000000,-0.270000,0.520000,-0.300000,0.000000,0.000000,0.000000,-0.270000,0.520000,-0.300000,0.000000,-1.188767,0.050000,-1.305921,-1.599590,-0.074533,0.408996,0.000000,-0.888267,-0.389089,0.283112,-1.559567,0.149841,-0.450546,0.000000
0.000000,0.000000,-0.270000,0.520000,-0.300000,0.000000,0.000000,0.000000,-0.270000,0.520000,-0.300000,0.000000,-1.155026,0.050000,-1.305091,-1.583329,-0.068845,0.408443,0.000000,-0.889317,-0.405591,0.277714,-1.571453,0.158292,-0.451615,0.000000
0.000000,0.000000,-0.270000,0.520000,-0.300000,0.000000,0.000000,0.000000,-0.270000,0.520000,-0.300000,0.000000,-1.093108,0.050000,-1.299486,-1.555847,-0.059535,0.408135,0.000000,-0.895653,-0.440567,0.279602,-1.592763,0.173359,-0.450385,0.000000
0.000000,0.000000,-0.270000,0.520000,-0.300000,0.000000,0.000000,0.000000,-0.270000,0.520000,-0.300000,0.000000,-1.015378,0.050000,-1.288125,-1.525622,-0.049006,0.408101,0.000000,-0.904178,-0.485942,0.287580,-1.619000,0.191318,-0.447026,0.000000
0.000000,0.000000,-0.270000,0.520000,-0.300000,0.000000,0.000000,0.000000,-0.270000,0.520000,-0.300000,0.000000,-0.918795,0.050000,-1.266153,-1.494925,-0.037552,0.407971,0.000000,-0.917431,-0.541023,0.300834,-1.650165,0.210505,-0.441596,0.000000
0.000000,0.000000,-0.270000,0.520000,-0.300000,0.000000,0.000000,0.000000,-0.270000,0.520000,-0.300000,0.000000,-0.819069,0.050000,-1.236250,-1.468689,-0.026760,0.407184,0.000000,-0.934208,-0.594035,0.312323,-1.680797,0.226755,-0.436409,0.000000
0.000000,0.000000,-0.270000,0.520000,-0.300000,0.000000,0.000000,0.000000,-0.270000,0.520000,-0.300000,0.000000,-0.708204,0.050000,-1.193142,-1.440359,-0.016279,0.406761,0.000000,-0.957996,-0.651601,0.321811,-1.713640,0.242011,-0.431309,0.000000
0.000000,0.000000,-0.270000,0.520000,-0.300000,0.000000,0.000000,0.000000,-0.270000,0.520000,-0.300000,0.000000,-0.587777,0.065017,-1.135007,-1.404540,-0.007763,0.406842,0.000000,-0.989910,-0.713968,0.330070,-1.749183,0.256075,-0.426158,0.000000
0.000000,0.000000,-0.270000,0.520000,-0.300000,0.000000,0.000000,0.000000,-0.270000,0.520000,-0.300000,0.000000,-0.468818,0.124834,-1.070177,-1.363025,-0.002408,0.405443,0.000000,-1.026499,-0.776268,0.336734,-1.784599,0.268097,-0.421549,0.000000
0.000000,0.000000,-0.270000,0.520000,-0.300000,0.000000,0.000000,0.000000,-0.270000,0.520000,-0.300000,0.000000,-0.347685,0.181843,-0.997545,-1.318289,0.001113,0.402138,0.000000,-1.067229,-0.837977,0.342874,-1.800000,0.277949,-0.417328,0.000000
0.000000,0.000000,-0.270000,0.520000,-0.300000,0.000000,0.000000,0.000000,-0.270000,0.520000,-0.300000,0.000000,-0.229754,0.227332,-0.923186,-1.269798,0.004752,0.398039,0.000000,-1.107803,-0.890064,0.348786,-1.800000,0.284694,-0.413875,0.000000
0.000000,0.000000,-0.270000,0.520000,-0.300000,0.000000,0.000000,0.000000,-0.270000,0.520000,-0.300000,0.000000,-0.104884,0.251111,-0.835740,-1.216558,0.012440,0.393511,0.000000,-1.149950,-0.936107,0.355048,-1.800000,0.289921,-0.410446,0.000000
0.000000,0.000000,-0.270000,0.520000,-0.300000,0.000000,0.000000,0.000000,-0.270000,0.520000,-0.300000,0.000000,0.030252,0.236280,-0.715430,-1.160128,0.027747,0.391063,0.000000,-1.198975,-0.981779,0.362619,-1.800000,0.294435,-0.406730,0.000000
0.000000,0.000000,-0.270000,0.520000,-0.300000,0.000000,0.000000,0.000000,-0.270000,0.520000,-0.300000,0.000000,0.168336,0.180924,-0.554047,-1.098350,0.048259,0.392136,0.000000,-1.257048,-1.027033,0.373275,-1.800000,0.296897,-0.402315,0.000000
0.000000,0.000000,-0.270000,0.520000,-0.300000,0.000000,0.000000,0.000000,-0.270000,0.520000,-0.300000,0.000000,0.269141,0.110369,-0.406684,-1.045896,0.065725,0.397275,0.000000,-1.305078,-1.057360,0.383003,-1.800000,0.296532,-0.398550,0.000000
0.000000,0.000000,-0.270000,0.520000,-0.300000,0.000000,0.000000,0.000000,-0.270000,0.520000,-0.300000,0.000000,0.349771,0.050000,-0.267862,-0.992874,0.082751,0.404557,0.000000,-1.347085,-1.078272,0.392627,-1.800000,0.294730,-0.394960,0.000000
0.000000,0.000000,-0.270000,0.520000,-0.300000,0.000000,0.000000,0.000000,-0.270000,0.520000,-0.300000,0.000000,0.411702,0.050000,-0.141533,-0.939716,0.098928,0.411924,0.000000,-1.382940,-1.100427,0.402427,-1.800000,0.294894,-0.391714,0.000000
0.000000,0.000000,-0.270000,0.520000,-0.300000,0.000000,0.000000,0.000000,-0.270000,0.520000,-0.300000,0.000000,0.457013,0.050000,-0.035446,-0.888493,0.114560,0.417874,0.000000,-1.409442,-1.124649,0.412004,-1.800000,0.297194,-0.388810,0.000000
0.000000,0.000000,-0.270000,0.520000,-0.300000,0.000000,0.000000,0.000000,-0.270000,0.520000,-0.300000,0.000000,0.491508,0.050000,0.038159,-0.841972,0.126083,0.420648,0.000000,-1.426086,-1.144636,0.420053,-1.800000,0.299569,-0.386621,0.000000
0.000000,0.000000,-0.270000,0.520000,-0.300000,0.000000,0.000000,0.000000,-0.270000,0.520000,-0.300000,0.000000,0.522282,0.050000,0.088183,-0.793624,0.132726,0.423447,0.000000,-1.435482,-1.163638,0.427471,-1.800000,0.301919,-0.385036,0.000000
0.000000,0.000000,-0.270000,0.520000,-0.300000,0.000000,0.000000,0.000000,-0.270000,0.520000,-0.300000,0.000000,0.540042,0.050000,0.115771,-0.759880,0.135568,0.424903,0.000000,-1.439206,-1.179154,0.434295,-1.800000,0.303597,-0.383522,0.000000
0.000000,0.000000,-0.270000,0.520000,-0.300000,0.000000,0.000000,0.000000,-0.270000,0.520000,-0.300000,0.000000,0.548354,0.050000,0.131817,-0.736639,0.136673,0.425255,0.000000,-1.438912,-1.191103,0.442082,-1.800000,0.304168,-0.381674,0.000000
0.000000,0.000000,-0.270000,0.520000,-0.300000,0.000000,0.000000,0.000000,-0.270000,0.520000,-0.300000,0.000000,0.551716,0.050000,0.146403,-0.718432,0.137170,0.425559,0.000000,-1.437252,-1.197611,0.450621,-1.800000,0.303251,-0.379976,0.000000
0.000000,0.000000,-0.270000,0.520000,-0.300000,0.000000,0.000000,0.000000,-0.270000,0.520000,-0.300000,0.000000,0.551773,0.050000,0.160360,-0.703441,0.137162,0.426085,0.000000,-1.437505,-1.199733,0.457329,-1.800000,0.301591,-0.379307,0.000000
0.000000,0.000000,-0.270000,0.520000,-0.300000,0.000000,0.000000,0.000000,-0.270000,0.520000,-0.300000,0.000000,0.548921,0.050000,0.170606,-0.690012,0.135967,0.426491,0.000000,-1.440868,-1.199617,0.461135,-1.800000,0.299639,-0.379771,0.000000
0.000000,0.000000,-0.270000,0.520000,-0.300000,0.000000,0.000000,0.000000,-0.270000,0.520000,-0.300000,0.000000,0.541718,0.050000,0.177044,-0.670979,0.131575,0.426348,0.000000,-1.447326,-1.199033,0.465281,-1.800000,0.296804,-0.381136,0.000000
0.000000,0.000000,-0.270000,0.520000,-0.300000,0.000000,0.000000,0.000000,-0.270000,0.520000,-0.300000,0.000000,0.531801,0.050000,0.180070,-0.650280,0.125458,0.425511,0.000000,-1.452426,-1.198140,0.472869,-1.800000,0.293568,-0.381904,0.000000
0.000000,0.000000,-0.270000,0.520000,-0.300000,0.000000,0.000000,0.000000,-0.270000,0.520000,-0.300000,0.000000,0.520983,0.050000,0.183586,-0.631951,0.120167,0.424288,0.000000,-1.455212,-1.197132,0.483561,-1.800000,0.290542,-0.381749,0.000000
0.000000,0.000000,-0.270000,0.520000,-0.300000,0.000000,0.000000,0.000000,-0.270000,0.520000,-0.300000,0.000000,0.510402,0.050000,0.188261,-0.614706,0.115713,0.423004,0.000000,-1.457896,-1.197162,0.494476,-1.800000,0.288028,-0.381381,0.000000
0.000000,0.000000,-0.270000,0.520000,-0.300000,0.000000,0.000000,0.000000,-0.270000,0.520000,-0.300000,0.000000,0.501340,0.050000,0.192800,-0.597337,0.111654,0.421843,0.000000,-1.461301,-1.197977,0.504092,-1.800000,0.285968,-0.381157,0.000000
0.000000,0.000000,-0.270000,0.520000,-0.300000,0.000000,0.000000,0.000000,-0.270000,0.520000,-0.300000,0.000000,0.493560,0.050000,0.198137,-0.580543,0.108132,0.420726,0.000000,-1.464650,-1.199299,0.512716,-1.800000,0.284303,-0.381004,0.000000
0.000000,0.000000,-0.270000,0.520000,-0.300000,0.000000,0.000000,0.000000,-0.270000,0.520000,-0.300000,0.000000,0.485414,0.050000,0.203577,-0.565363,0.104947,0.419563,0.000000,-1.468342,-1.202633,0.520711,-1.800000,0.283415,-0.380833,0.000000
0.000000,0.000000,-0.270000,0.520000,-0.300000,0.000000,0.000000,0.000000,-0.270000,0.520000,-0.300000,0.000000,0.477710,0.050000,0.207901,-0.551376,0.101732,0.418608,0.000000,-1.472290,-1.206770,0.527374,-1.800000,0.282971,-0.380961,0.000000
0.000000,0.000000,-0.270000,0.520000,-0.300000,0.000000,0.000000,0.000000,-0.270000,0.520000,-0.300000,0.000000,0.470689,0.050000,0.210400,-0.537765,0.098374,0.417698,0.000000,-1.475691,-1.208579,0.533055,-1.800000,0.281655,-0.381381,0.000000
0.000000,0.000000,-0.270000,0.520000,-0.300000,0.000000,0.000000,0.000000,-0.270000,0.520000,-0.300000,0.000000,0.463874,0.050000,0.212769,-0.525435,0.095319,0.416973,0.000000,-1.478967,-1.207512,0.536702,-1.800000,0.279294,-0.382382,0.000000
0.000000,0.000000,-0.270000,0.520000,-0.300000,0.000000,0.000000,0.000000,-0.270000,0.520000,-0.300000,0.000000,0.457150,0.050000,0.215843,-0.514346,0.092604,0.417104,0.000000,-1.482348,-1.204929,0.538813,-1.800000,0.276397,-0.383829,0.000000
0.000000,0.000000,-0.270000,0.520000,-0.300000,0.000000,0.000000,0.000000,-0.270000,0.520000,-0.300000,0.000000,0.450824,0.050000,0.220258,-0.503468,0.090096,0.418103,0.000000,-1.485118,-1.201155,0.540547,-1.800000,0.273091,-0.385269,0.000000
0.000000,0.000000,-0.270000,0.520000,-0.300000,0.000000,0.000000,0.000000,-0.270000,0.520000,-0.300000,0.000000,0.444740,0.050000,0.225375,-0.493201,0.087533,0.419653,0.000000,-1.486663,-1.196743,0.542226,-1.800000,0.269459,-0.386496,0.000000
0.000000,0.000000,-0.270000,0.520000,-0.300000,0.000000,0.000000,0.000000,-0.270000,0.520000,-0.300000,0.000000,0.438785,0.050000,0.231534,-0.483840,0.085111,0.421688,0.000000,-1.487104,-1.191103,0.543430,-1.800000,0.265246,-0.387719,0.000000
0.000000,0.000000,-0.270000,0.520000,-0.300000,0.000000,0.000000,0.000000,-0.270000,0.520000,-0.300000,0.000000,0.434092,0.050000,0.239321,-0.474834,0.083240,0.423300,0.000000,-1.485480,-1.185384,0.544511,-1.800000,0.260776,-0.388771,0.000000
0.000000,0.000000,-0.270000,0.520000,-0.300000,0.000000,0.000000,0.000000,-0.270000,0.520000,-0.300000,0.000000,0.430686,0.050000,0.246555,-0.464878,0.081542,0.424320,0.000000,-1.484080,-1.184412,0.545282,-1.800000,0.257757,-0.389747,0.000000
0.000000,0.000000,-0.270000,0.520000,-0.300000,0.000000,0.000000,0.000000,-0.270000,0.520000,-0.300000,0.000000,0.428930,0.050000,0.248163,-0.453819,0.078801,0.424570,0.000000,-1.484208,-1.188662,0.544304,-1.800000,0.256350,-0.391060,0.000000
0.000000,0.000000,-0.270000,0.520000,-0.300000,0.000000,0.000000,0.000000,-0.270000,0.520000,-0.300000,0.000000,0.425448,0.050000,0.250684,-0.444792,0.076710,0.424126,0.000000,-1.485052,-1.192287,0.540686,-1.800000,0.254467,-0.392955,0.000000
0.000000,0.000000,-0.270000,0.520000,-0.300000,0.000000,0.000000,0.000000,-0.270000,0.520000,-0.300000,0.000000,0.420461,0.050000,0.257660,-0.437086,0.076206,0.423267,0.000000,-1.486781,-1.193742,0.534392,-1.800000,0.251693,-0.395421,0.000000
0.000000,0.000000,-0.270000,0.520000,-0.300000,0.000000,0.000000,0.000000,-0.270000,0.520000,-0.300000,0.000000,0.414768,0.050000,0.264979,-0.429484,0.076262,0.422182,0.000000,-1.490235,-1.198272,0.525026,-1.800000,0.249554,-0.398387,0.000000
0.000000,0.000000,-0.270000,0.520000,-0.300000,0.000000,0.000000,0.000000,-0.270000,0.520000,-0.300000,0.000000,0.410077,0.050000,0.268807,-0.420606,0.075837,0.420645,0.000000,-1.494245,-1.205110,0.513449,-1.800000,0.247901,-0.401793,0.000000
0.000000,0.000000,-0.270000,0.520000,-0.300000,0.000000,0.000000,0.000000,-0.270000,0.520000,-0.300000,0.000000,0.406029,0.050000,0.269792,-0.410992,0.075073,0.418157,0.000000,-1.495126,-1.207068,0.502679,-1.800000,0.244521,-0.404877,0.000000
0.000000,0.000000,-0.270000,0.520000,-0.300000,0.000000,0.000000,0.000000,-0.270000,0.520000,-0.300000,0.000000,0.402761,0.050000,0.269169,-0.400407,0.074175,0.415221,0.000000,-1.490000,-1.206587,0.497469,-1.800000,0.240713,-0.406266,0.000000
0.000000,0.000000,-0.270000,0.520000,-0.300000,0.000000,0.000000,0.000000,-0.270000,0.520000,-0.300000,0.000000,0.400260,0.050000,0.266441,-0.389894,0.072923,0.411927,0.000000,-1.482548,-1.204486,0.495592,-1.800000,0.237733,-0.407091,0.000000
0.000000,0.000000,-0.270000,0.520000,-0.300000,0.000000,0.000000,0.000000,-0.270000,0.520000,-0.300000,0.000000,0.397587,0.050000,0.263310,-0.380790,0.071785,0.407996,0.000000,-1.472989,-1.202133,0.496344,-1.793346,0.235737,-0.407521,0.000000
0.000000,0.000000,-0.270000,0.520000,-0.300000,0.000000,0.000000,0.000000,-0.270000,0.520000,-0.300000,0.000000,0.394125,0.050000,0.262241,-0.373119,0.071267,0.403905,0.000000,-1.462875,-1.196332,0.497776,-1.786053,0.233196,-0.407754,0.000000
0.000000,0.000000,-0.270000,0.520000,-0.300000,0.000000,0.000000,0.000000,-0.270000,0.520000,-0.300000,0.000000,0.390965,0.050000,0.262520,-0.367661,0.071106,0.400923,0.000000,-1.457374,-1.187423,0.497048,-1.784293,0.230316,-0.408128,0.000000
0.000000,0.000000,-0.270000,0.520000,-0.300000,0.000000,0.000000,0.000000,-0.270000,0.520000,-0.300000,0.000000,0.388931,0.050000,0.261893,-0.364221,0.070798,0.399153,0.000000,-1.455855,-1.182578,0.496337,-1.786283,0.229227,-0.408674,0.000000
0.000000,0.000000,-0.270000,0.520000,-0.300000,0.000000,0.000000,0.000000,-0.270000,0.520000,-0.300000,0.000000,0.387144,0.050000,0.260012,-0.360732,0.070233,0.397274,0.000000,-1.455333,-1.179741,0.495935,-1.789869,0.229036,-0.409240,0.000000
0.000000,0.000000,-0.270000,0.520000,-0.300000,0.000000,0.000000,0.000000,-0.270000,0.520000,-0.300000,0.000000,0.385782,0.050000,0.257643,-0.357153,0.069576,0.395383,0.000000,-1.454115,-1.177842,0.496502,-1.793250,0.229062,-0.409289,0.000000
0.000000,0.000000,-0.270000,0.520000,-0.300000,0.000000,0.000000,0.000000,-0.270000,0.520000,-0.300000,0.000000,0.384833,0.050000,0.255300,-0.353526,0.068920,0.393588,0.000000,-1.451544,-1.176215,0.497982,-1.795343,0.228899,-0.408864,0.000000
0.000000,0.000000,-0.270000,0.520000,-0.300000,0.000000,0.000000,0.000000,-0.270000,0.520000,-0.300000,0.000000,0.384286,0.050000,0.253108,-0.349753,0.068311,0.391904,0.000000,-1.447977,-1.175087,0.499924,-1.795885,0.228630,-0.408199,0.000000
0.000000,0.000000,-0.270000,0.520000,-0.300000,0.000000,0.000000,0.000000,-0.270000,0.520000,-0.300000,0.000000,0.384336,0.050000,0.251313,-0.345711,0.067859,0.390205,0.000000,-1.443232,-1.173852,0.502399,-1.795213,0.228151,-0.407371,0.000000
0.000000,0.000000,-0.270000,0.520000,-0.300000,0.000000,0.000000,0.000000,-0.270000,0.520000,-0.300000,0.000000,0.385179,0.050000,0.249786,-0.341333,0.067539,0.388467,0.000000,-1.436485,-1.172033,0.506269,-1.793700,0.227386,-0.406200,0.000000
0.000000,0.000000,-0.270000,0.520000,-0.300000,0.000000,0.000000,0.000000,-0.270000,0.520000,-0.300000,0.000000,0.386667,0.050000,0.247719,-0.336747,0.067181,0.386679,0.000000,-1.428183,-1.169684,0.511222,-1.791659,0.226402,-0.404901,0.000000
0.000000,0.000000,-0.270000,0.520000,-0.300000,0.000000,0.000000,0.000000,-0.270000,0.520000,-0.300000,0.000000,0.388692,0.050000,0.244822,-0.331970,0.066731,0.384824,0.000000,-1.418539,-1.166894,0.517151,-1.788841,0.225213,-0.403531,0.000000
0.000000,0.000000,-0.270000,0.520000,-0.300000,0.000000,0.000000,0.000000,-0.270000,0.520000,-0.300000,0.000000,0.391279,0.050000,0.241221,-0.327248,0.066245,0.382880,0.000000,-1.407753,-1.163849,0.523502,-1.785036,0.223898,-0.402137,0.000000
0.000000,0.000000,-0.270000,0.520000,-0.300000,0.000000,0.000000,0.000000,-0.270000,0.520000,-0.300000,0.000000,0.394330,0.050000,0.236626,-0.322633,0.065658,0.380880,0.000000,-1.395949,-1.160360,0.530701,-1.781224,0.222520,-0.400601,0.000000
0.000000,0.000000,-0.270000,0.520000,-0.300000,0.000000,0.000000,0.000000,-0.270000,0.520000,-0.300000,0.000000,0.398858,0.050000,0.227911,-0.316402,0.064469,0.378191,0.000000,-1.380254,-1.155779,0.541034,-1.776524,0.220908,-0.398562,0.000000
0.000000,0.000000,-0.270000,0.520000,-0.300000,0.000000,0.000000,0.000000,-0.270000,0.520000,-0.300000,0.000000,0.404696,0.050000,0.215306,-0.309039,0.062996,0.374553,0.000000,-1.361270,-1.150210,0.552502,-1.770590,0.219261,-0.396600,0.000000
0.000000,0.000000,-0.270000,0.520000,-0.300000,0.000000,0.000000,0.000000,-0.270000,0.520000,-0.300000,0.000000,0.409198,0.050000,0.202324,-0.303871,0.061835,0.371187,0.000000,-1.345307,-1.144421,0.560873,-1.765650,0.217665,-0.395467,0.000000
0.000000,0.000000,-0.270000,0.520000,-0.300000,0.000000,0.000000,0.000000,-0.270000,0.520000,-0.300000,0.000000,0.412707,0.050000,0.186126,-0.300389,0.060493,0.368014,0.000000,-1.330719,-1.140154,0.568319,-1.760238,0.216403,-0.394620,0.000000
0.000000,0.000000,-0.270000,0.520000,-0.300000,0.000000,0.000000,0.000000,-0.270000,0.520000,-0.300000,0.000000,0.415945,0.050000,0.168687,-0.298418,0.059683,0.365135,0.000000,-1.316566,-1.138866,0.575956,-1.754169,0.216091,-0.393870,0.000000
0.000000,0.000000,-0.270000,0.520000,-0.300000,0.000000,0.000000,0.000000,-0.270000,0.520000,-0.300000,0.000000,0.417060,0.050000,0.153977,-0.298839,0.060245,0.362789,0.000000,-1.304145,-1.129496,0.580230,-1.750417,0.212833,-0.393366,0.000000
0.000000,0.000000,-0.270000,0.520000,-0.300000,0.000000,0.000000,0.000000,-0.270000,0.520000,-0.300000,0.000000,0.419190,0.050000,0.140483,-0.299048,0.061519,0.360929,0.000000,-1.288517,-1.110376,0.583703,-1.746217,0.205265,-0.392031,0.000000
0.000000,0.000000,-0.270000,0.520000,-0.300000,0.000000,0.000000,0.000000,-0.270000,0.520000,-0.300000,0.000000,0.423812,0.050000,0.126516,-0.297796,0.062731,0.359596,0.000000,-1.270913,-1.096714,0.588130,-1.738249,0.198932,-0.390191,0.000000
0.000000,0.000000,-0.270000,0.520000,-0.300000,0.000000,0.000000,0.000000,-0.270000,0.520000,-0.300000,0.000000,0.429394,0.050000,0.111664,-0.296274,0.063813,0.358436,0.000000,-1.254131,-1.093674,0.593567,-1.727749,0.196404,-0.388213,0.000000
0.000000,0.000000,-0.270000,0.520000,-0.300000,0.000000,0.000000,0.000000,-0.270000,0.520000,-0.300000,0.000000,0.434404,0.050000,0.096459,-0.295761,0.065046,0.357098,0.000000,-1.241305,-1.097373,0.597910,-1.718117,0.196973,-0.386512,0.000000
0.000000,0.000000,-0.270000,0.520000,-0.300000,0.000000,0.000000,0.000000,-0.270000,0.520000,-0.300000,0.000000,0.439583,0.050000,0.079724,-0.295753,0.066179,0.355677,0.000000,-1.230370,-1.099881,0.601408,-1.711069,0.197674,-0.384839,0.000000
0.000000,0.000000,-0.270000,0.520000,-0.300000,0.000000,0.000000,0.000000,-0.270000,0.520000,-0.300000,0.000000,0.444319,0.050000,0.061704,-0.296238,0.067180,0.354531,0.000000,-1.221912,-1.101144,0.603302,-1.706521,0.198366,-0.383460,0.000000
0.000000,0.000000,-0.270000,0.520000,-0.300000,0.000000,0.000000,0.000000,-0.270000,0.520000,-0.300000,0.000000,0.448336,0.050000,0.041815,-0.297080,0.068379,0.353989,0.000000,-1.216008,-1.102122,0.602568,-1.703729,0.199261,-0.382555,0.000000
0.000000,0.000000,-0.270000,0.520000,-0.300000,0.000000,0.000000,0.000000,-0.270000,0.520000,-0.300000,0.000000,0.454496,0.050000,0.016055,-0.297441,0.070607,0.354745,0.000000,-1.209354,-1.102829,0.599762,-1.701075,0.200475,-0.382142,0.000000
0.000000,0.000000,-0.270000,0.520000,-0.300000,0.000000,0.000000,0.000000,-0.270000,0.520000,-0.300000,0.000000,0.460669,0.050000,-0.002507,-0.296930,0.073784,0.357201,0.000000,-1.203993,-1.101533,0.596255,-1.699475,0.201213,-0.383697,0.000000
0.000000,0.000000,-0.270000,0.520000,-0.300000,0.000000,0.000000,0.000000,-0.270000,0.520000,-0.300000,0.000000,0.464470,0.050000,-0.012208,-0.296601,0.077144,0.359533,0.000000,-1.200857,-1.099602,0.592832,-1.699848,0.201797,-0.385584,0.000000
0.000000,0.000000,-0.270000,0.520000,-0.300000,0.000000,0.000000,0.000000,-0.270000,0.520000,-0.300000,0.000000,0.466372,0.050000,-0.016255,-0.296850,0.080873,0.361091,0.000000,-1.199102,-1.096579,0.589025,-1.701748,0.202092,-0.387479,0.000000
0.000000,0.000000,-0.270000,0.520000,-0.300000,0.000000,0.000000,0.000000,-0.270000,0.520000,-0.300000,0.000000,0.467051,0.050000,-0.017871,-0.297734,0.084235,0.361963,0.000000,-1.197550,-1.093421,0.585597,-1.703220,0.202052,-0.389057,0.000000
0.000000,0.000000,-0.270000,0.520000,-0.300000,0.000000,0.000000,0.000000,-0.270000,0.520000,-0.300000,0.000000,0.467356,0.050000,-0.018798,-0.298567,0.086225,0.362322,0.000000,-1.196303,-1.091723,0.583558,-1.703610,0.202033,-0.389933,0.000000
0.000000,0.000000,-0.270000,0.520000,-0.300000,0.000000,0.000000,0.000000,-0.270000,0.520000,-0.300000,0.000000,0.467445,0.050000,-0.019565,-0.299649,0.088030,0.362640,0.000000,-1.195514,-1.090691,0.581534,-1.704163,0.202284,-0.390740,0.000000
0.000000,0.000000,-0.270000,0.520000,-0.300000,0.000000,0.000000,0.000000,-0.270000,0.520000,-0.300000,0.000000,0.467007,0.050000,-0.019850,-0.301053,0.089826,0.363085,0.000000,-1.195623,-1.089816,0.579299,-1.705780,0.202788,-0.391622,0.000000
0.000000,0.000000,-0.270000,0.520000,-0.300000,0.000000,0.000000,0.000000,-0.270000,0.520000,-0.300000,0.000000,0.465893,0.050000,-0.019399,-0.302913,0.091682,0.363631,0.000000,-1.196836,-1.088966,0.576522,-1.708618,0.203480,-0.392670,0.000000
0.000000,0.000000,-0.270000,0.520000,-0.300000,0.000000,0.000000,0.000000,-0.270000,0.520000,-0.300000,0.000000,0.464097,0.050000,-0.018385,-0.305276,0.093583,0.364130,0.000000,-1.199458,-1.088642,0.572688,-1.712114,0.204414,-0.393975,0.000000
0.000000,0.000000,-0.270000,0.520000,-0.300000,0.000000,0.000000,0.000000,-0.270000,0.520000,-0.300000,0.000000,0.461850,0.050000,-0.017225,-0.307974,0.095437,0.364525,0.000000,-1.203365,-1.089103,0.567917,-1.716012,0.205640,-0.395488,0.000000
0.000000,0.000000,-0.270000,0.520000,-0.300000,0.000000,0.000000,0.000000,-0.270000,0.520000,-0.300000,0.000000,0.459904,0.050000,-0.016456,-0.310338,0.097100,0.364842,0.000000,-1.207349,-1.090728,0.563616,-1.720180,0.207227,-0.396861,0.000000
0.000000,0.000000,-0.270000,0.520000,-0.300000,0.000000,0.000000,0.000000,-0.270000,0.520000,-0.300000,0.000000,0.458049,0.050000,-0.015647,-0.312489,0.098676,0.365130,0.000000,-1.211203,-1.093689,0.560137,-1.724829,0.209208,-0.398098,0.000000
0.000000,0.000000,-0.270000,0.520000,-0.300000,0.000000,0.000000,0.000000,-0.270000,0.520000,-0.300000,0.000000,0.455671,0.050000,-0.014533,-0.314876,0.100246,0.365374,0.000000,-1.216932,-1.096427,0.555398,-1.730851,0.211287,-0.399763,0.000000
0.000000,0.000000,-0.270000,0.520000,-0.300000,0.000000,0.000000,0.000000,-0.270000,0.520000,-0.300000,0.000000,0.451491,0.050000,-0.011783,-0.318260,0.102571,0.365735,0.000000,-1.226164,-1.100451,0.548640,-1.740095,0.214303,-0.402034,0.000000
0.000000,0.000000,-0.270000,0.520000,-0.300000,0.000000,0.000000,0.000000,-0.270000,0.520000,-0.300000,0.000000,0.446241,0.050000,-0.007653,-0.322176,0.105432,0.366318,0.000000,-1.236687,-1.105633,0.541504,-1.751392,0.217932,-0.404432,0.000000
0.000000,0.000000,-0.270000,0.520000,-0.300000,0.000000,0.000000,0.000000,-0.270000,0.520000,-0.300000,0.000000,0.441418,0.050000,-0.003157,-0.325786,0.108060,0.366970,0.000000,-1.245503,-1.110417,0.535727,-1.762144,0.221129,-0.406197,0.000000
0.000000,0.000000,-0.270000,0.520000,-0.300000,0.000000,0.000000,0.000000,-0.270000,0.520000,-0.300000,0.000000,0.437520,0.050000,0.002032,-0.328455,0.110397,0.367554,0.000000,-1.252972,-1.113837,0.530773,-1.771617,0.223526,-0.407651,0.000000
0.000000,0.000000,-0.270000,0.520000,-0.300000,0.000000,0.000000,0.000000,-0.270000,0.520000,-0.300000,0.000000,0.434500,0.050000,0.002713,-0.329869,0.110997,0.368075,0.000000,-1.260999,-1.116540,0.525317,-1.781222,0.225543,-0.409182,0.000000
0.000000,0.000000,-0.270000,0.520000,-0.300000,0.000000,0.000000,0.000000,-0.270000,0.520000,-0.300000,0.000000,0.431207,0.050000,-0.000260,-0.329922,0.110280,0.368427,0.000000,-1.271663,-1.120721,0.518217,-1.792773,0.227975,-0.411061,0.000000
0.000000,0.000000,-0.270000,0.520000,-0.300000,0.000000,0.000000,0.000000,-0.270000,0.520000,-0.300000,0.000000,0.428855,0.050000,-0.006520,-0.329152,0.108366,0.368065,0.000000,-1.280736,-1.124242,0.511869,-1.800000,0.229725,-0.412776,0.000000
0.000000,0.000000,-0.270000,0.520000,-0.300000,0.000000,0.000000,0.000000,-0.270000,0.520000,-0.300000,0.000000,0.426991,0.050000,-0.018526,-0.327608,0.104429,0.366679,0.000000,-1.290614,-1.127146,0.504298,-1.800000,0.230976,-0.414809,0.000000
0.000000,0.000000,-0.270000,0.520000,-0.300000,0.000000,0.000000,0.000000,-0.270000,0.520000,-0.300000,0.000000,0.424955,0.050000,-0.033301,-0.325036,0.099244,0.364519,0.000000,-1.300983,-1.132991,0.496714,-1.800000,0.232850,-0.416820,0.000000
0.000000,0.000000,-0.270000,0.520000,-0.300000,0.000000,0.000000,0.000000,-0.270000,0.520000,-0.300000,0.000000,0.423426,0.050000,-0.045362,-0.322644,0.094758,0.362399,0.000000,-1.309397,-1.144599,0.491579,-1.800000,0.236649,-0.418401,0.000000
0.000000,0.000000,-0.270000,0.520000,-0.300000,0.000000,0.000000,0.000000,-0.270000,0.520000,-0.300000,0.000000,0.423128,0.050000,-0.059610,-0.319559,0.089593,0.359949,0.000000,-1.318508,-1.154887,0.485868,-1.800000,0.240241,-0.420216,0.000000
0.000000,0.000000,-0.270000,0.520000,-0.300000,0.000000,0.000000,0.000000,-0.270000,0.520000,-0.300000,0.000000,0.422996,0.053907,-0.067013,-0.317451,0.086603,0.358564,0.000000,-1.325031,-1.158850,0.481566,-1.800000,0.241799,-0.421597,0.000000
0.000000,0.000000,-0.270000,0.520000,-0.300000,0.000000,0.000000,0.000000,-0.270000,0.520000,-0.300000,0.000000,0.422850,0.058392,-0.071858,-0.314634,0.083811,0.357315,0.000000,-1.333454,-1.160351,0.475450,-1.800000,0.242737,-0.423282,0.000000
0.000000,0.000000,-0.270000,0.520000,-0.300000,0.000000,0.000000,0.000000,-0.270000,0.520000,-0.300000,0.000000,0.423352,0.062647,-0.077379,-0.311192,0.080473,0.355600,0.000000,-1.342619,-1.162007,0.468386,-1.800000,0.243743,-0.424973,0.000000
0.000000,0.000000,-0.270000,0.520000,-0.300000,0.000000,0.000000,0.000000,-0.270000,0.520000,-0.300000,0.000000,0.424258,0.066129,-0.082873,-0.307354,0.076778,0.353576,0.000000,-1.351920,-1.164300,0.460978,-1.800000,0.244937,-0.426620,0.000000
0.000000,0.000000,-0.270000,0.520000,-0.300000,0.000000,0.000000,0.000000,-0.270000,0.520000,-0.300000,0.000000,0.425238,0.068961,-0.088389,-0.303270,0.072650,0.351595,0.000000,-1.361586,-1.166999,0.452916,-1.800000,0.246259,-0.428240,0.000000
0.000000,0.000000,-0.270000,0.520000,-0.300000,0.000000,0.000000,0.000000,-0.270000,0.520000,-0.300000,0.000000,0.425802,0.071184,-0.093638,-0.298940,0.068173,0.349865,0.000000,-1.371012,-1.170064,0.445043,-1.800000,0.247673,-0.429665,0.000000
0.000000,0.000000,-0.270000,0.520000,-0.300000,0.000000,0.000000,0.000000,-0.270000,0.520000,-0.300000,0.000000,0.413058,0.062332,-0.057128,-0.305265,0.073553,0.347198,0.000000,-1.377434,-1.174389,0.438964,-1.800000,0.249374,-0.430222,0.000000
0.000000,0.000000,-0.270000,0.520000,-0.300000,0.000000,0.000000,0.000000,-0.270000,0.520000,-0.300000,0.000000,0.393008,0.050000,0.008216,-0.316184,0.087024,0.345884,0.000000,-1.381549,-1.178013,0.436869,-1.800000,0.250733,-0.429676,0.000000
0.000000,0.000000,-0.270000,0.520000,-0.300000,0.000000,0.000000,0.000000,-0.270000,0.520000,-0.300000,0.000000,0.380510,0.050000,0.052579,-0.321322,0.096343,0.347477,0.000000,-1.383075,-1.180445,0.438139,-1.800000,0.251608,-0.428529,0.000000
0.000000,0.000000,-0.270000,0.520000,-0.300000,0.000000,0.000000,0.000000,-0.270000,0.520000,-0.300000,0.000000,0.371087,0.050000,0.084405,-0.324212,0.102623,0.350114,0.000000,-1.383228,-1.182322,0.440806,-1.800000,0.252218,-0.427031,0.000000
0.000000,0.000000,-0.270000,0.520000,-0.300000,0.000000,0.000000,0.000000,-0.270000,0.520000,-0.300000,0.000000,0.363377,0.050000,0.105899,-0.326245,0.106270,0.353225,0.000000,-1.382667,-1.183267,0.443703,-1.800000,0.252500,-0.425566,0.000000
0.000000,0.000000,-0.270000,0.520000,-0.300000,0.000000,0.000000,0.000000,-0.270000,0.520000,-0.300000,0.000000,0.355442,0.050000,0.120339,-0.329073,0.108034,0.356664,0.000000,-1.381612,-1.182688,0.446326,-1.800000,0.252225,-0.424335,0.000000
0.000000,0.000000,-0.270000,0.520000,-0.300000,0.000000,0.000000,0.000000,-0.270000,0.520000,-0.300000,0.000000,0.345602,0.050000,0.131042,-0.334333,0.108679,0.360551,0.000000,-1.379728,-1.180524,0.448657,-1.800000,0.251347,-0.423220,0.000000
0.000000,0.000000,-0.270000,0.520000,-0.300000,0.000000,0.000000,0.000000,-0.270000,0.520000,-0.300000,0.000000,0.332239,0.050000,0.138786,-0.343570,0.108259,0.365220,0.000000,-1.375043,-1.177118,0.452411,-1.800000,0.249788,-0.421859,0.000000
0.000000,0.000000,-0.270000,0.520000,-0.300000,0.000000,0.000000,0.000000,-0.270000,0.520000,-0.300000,0.000000,0.305837,0.051371,0.144181,-0.364829,0.105013,0.374505,0.000000,-1.358404,-1.167845,0.463402,-1.800000,0.245115,-0.418672,0.000000
0.000000,0.000000,-0.270000,0.520000,-0.300000,0.000000,0.000000,0.000000,-0.270000,0.520000,-0.300000,0.000000,0.266883,0.084211,0.147453,-0.397752,0.098098,0.389575,0.000000,-1.328095,-1.151106,0.479476,-1.800000,0.236649,-0.413836,0.000000
0.000000,0.000000,-0.270000,0.520000,-0.300000,0.000000,0.000000,0.000000,-0.270000,0.520000,-0.300000,0.000000,0.215577,0.127816,0.155840,-0.443814,0.089674,0.408013,0.000000,-1.283977,-1.129126,0.495290,-1.800000,0.225364,-0.408469,0.000000
0.000000,0.000000,-0.270000,0.520000,-0.300000,0.000000,0.000000,0.000000,-0.270000,0.520000,-0.300000,0.000000,0.147874,0.188889,0.168632,-0.506129,0.076541,0.435424,0.000000,-1.221441,-1.095145,0.504854,-1.756017,0.209414,-0.403082,0.000000
0.000000,0.000000,-0.270000,0.520000,-0.300000,0.000000,0.000000,0.000000,-0.270000,0.520000,-0.300000,0.000000,0.066798,0.268671,0.175740,-0.587053,0.055187,0.475540,0.000000,-1.138959,-1.045304,0.497125,-1.687425,0.189180,-0.398668,0.000000
0.000000,0.000000,-0.270000,0.520000,-0.300000,0.000000,0.000000,0.000000,-0.270000,0.520000,-0.300000,0.000000,-0.018702,0.366130,0.165659,-0.690445,0.022178,0.500000,0.000000,-1.036964,-0.980002,0.463444,-1.610378,0.167849,-0.396817,0.000000
0.000000,0.000000,-0.270000,0.520000,-0.300000,0.000000,0.000000,0.000000,-0.270000,0.520000,-0.300000,0.000000,-0.100710,0.471597,0.145946,-0.804079,-0.016530,0.500000,0.000000,-0.918229,-0.917232,0.415092,-1.533795,0.153330,-0.393312,0.000000
0.000000,0.000000,-0.270000,0.520000,-0.300000,0.000000,0.000000,0.000000,-0.270000,0.520000,-0.300000,0.000000,-0.186091,0.586498,0.113667,-0.932845,-0.057833,0.500000,0.000000,-0.784005,-0.852895,0.355172,-1.458539,0.144980,-0.386118,0.000000
0.000000,0.000000,-0.270000,0.520000,-0.300000,0.000000,0.000000,0.000000,-0.270000,0.520000,-0.300000,0.000000,-0.268323,0.709247,0.075948,-1.062108,-0.096796,0.500000,0.000000,-0.640287,-0.783753,0.291877,-1.385969,0.141084,-0.376622,0.000000
0.000000,0.000000,-0.270000,0.520000,-0.300000,0.000000,0.000000,0.000000,-0.270000,0.520000,-0.300000,0.000000,-0.351588,0.832762,0.045076,-1.185178,-0.127659,0.500000,0.000000,-0.495351,-0.709404,0.234463,-1.316624,0.139354,-0.364726,0.000000
0.000000,0.000000,-0.270000,0.520000,-0.300000,0.000000,0.000000,0.000000,-0.270000,0.520000,-0.300000,0.000000,-0.436885,0.955297,0.018520,-1.303005,-0.151146,0.500000,0.000000,-0.361752,-0.620056,0.176377,-1.251702,0.134624,-0.351747,0.000000
0.000000,0.000000,-0.270000,0.520000,-0.300000,0.000000,0.000000,0.000000,-0.270000,0.520000,-0.300000,0.000000,-0.523552,1.073278,-0.005123,-1.416769,-0.168648,0.500000,0.000000,-0.246475,-0.532593,0.116107,-1.185558,0.130221,-0.347552,0.000000
0.000000,0.000000,-0.270000,0.520000,-0.300000,0.000000,0.000000,0.000000,-0.270000,0.520000,-0.300000,0.000000,-0.612196,1.176919,-0.020666,-1.528223,-0.180441,0.500000,0.000000,-0.143075,-0.450340,0.074397,-1.109402,0.126289,-0.342280,0.000000
0.000000,0.000000,-0.270000,0.520000,-0.300000,0.000000,0.000000,0.000000,-0.270000,0.520000,-0.300000,0.000000,-0.705616,1.257617,-0.026273,-1.640436,-0.185701,0.500000,0.000000,-0.053983,-0.366158,0.041418,-1.024099,0.119134,-0.333102,0.000000
0.000000,0.000000,-0.270000,0.520000,-0.300000,0.000000,0.000000,0.000000,-0.270000,0.520000,-0.300000,0.000000,-0.802144,1.317140,-0.022301,-1.752899,-0.186952,0.500000,0.000000,0.020602,-0.295776,0.023965,-0.928533,0.113661,-0.315513,0.000000
0.000000,0.000000,-0.270000,0.520000,-0.300000,0.000000,0.000000,0.000000,-0.270000,0.520000,-0.300000,0.000000,-0.891239,1.365562,-0.018116,-1.800000,-0.187646,0.500000,0.000000,0.085981,-0.252519,0.035419,-0.823647,0.114286,-0.292527,0.000000
0.000000,0.000000,-0.270000,0.520000,-0.300000,0.000000,0.000000,0.000000,-0.270000,0.520000,-0.300000,0.000000,-0.968229,1.393602,-0.019893,-1.800000,-0.184951,0.500000,0.000000,0.139451,-0.218914,0.057229,-0.714330,0.113237,-0.268668,0.000000
0.000000,0.000000,-0.270000,0.520000,-0.300000,0.000000,0.000000,0.000000,-0.270000,0.520000,-0.300000,0.000000,-1.024880,1.398268,-0.027606,-1.800000,-0.179426,0.500000,0.000000,0.182751,-0.192569,0.073589,-0.611267,0.107087,-0.246603,0.000000
0.000000,0.000000,-0.270000,0.520000,-0.300000,0.000000,0.000000,0.000000,-0.270000,0.520000,-0.300000,0.000000,-1.059523,1.392114,-0.036895,-1.800000,-0.174269,0.500000,0.000000,0.213225,-0.171916,0.071241,-0.532700,0.097280,-0.230438,0.000000
0.000000,0.000000,-0.270000,0.520000,-0.300000,0.000000,0.000000,0.000000,-0.270000,0.520000,-0.300000,0.000000,-1.078088,1.384400,-0.046979,-1.800000,-0.170139,0.500000,0.000000,0.236111,-0.155450,0.055438,-0.473526,0.086373,-0.221005,0.000000
0.000000,0.000000,-0.270000,0.520000,-0.300000,0.000000,0.000000,0.000000,-0.270000,0.520000,-0.300000,0.000000,-1.084338,1.381149,-0.056348,-1.800000,-0.167873,0.500000,0.000000,0.252290,-0.144881,0.038459,-0.434527,0.077904,-0.218183,0.000000
0.000000,0.000000,-0.270000,0.520000,-0.300000,0.000000,0.000000,0.000000,-0.270000,0.520000,-0.300000,0.000000,-1.085758,1.382216,-0.067825,-1.800000,-0.166703,0.500000,0.000000,0.266408,-0.135311,0.020497,-0.400818,0.069535,-0.218499,0.000000
0.000000,0.000000,-0.270000,0.520000,-0.300000,0.000000,0.000000,0.000000,-0.270000,0.520000,-0.300000,0.000000,-1.085825,1.386014,-0.079112,-1.800000,-0.166294,0.500000,0.000000,0.269576,-0.128551,0.005713,-0.381679,0.063539,-0.219976,0.000000
0.000000,0.000000,-0.270000,0.520000,-0.300000,0.000000,0.000000,0.000000,-0.270000,0.520000,-0.300000,0.000000,-1.087108,1.391739,-0.092396,-1.800000,-0.166065,0.500000,0.000000,0.265166,-0.121568,-0.012421,-0.365963,0.057299,-0.222211,0.000000
0.000000,0.000000,-0.270000,0.520000,-0.300000,0.000000,0.000000,0.000000,-0.270000,0.520000,-0.300000,0.000000,-1.089158,1.395456,-0.099773,-1.800000,-0.166071,0.500000,0.000000,0.260962,-0.119585,-0.019289,-0.357241,0.055132,-0.223832,0.000000
0.000000,0.000000,-0.270000,0.520000,-0.300000,0.000000,0.000000,0.000000,-0.270000,0.520000,-0.300000,0.000000,-1.092822,1.397974,-0.104856,-1.800000,-0.166159,0.500000,0.000000,0.256859,-0.120634,-0.019245,-0.350117,0.055213,-0.225187,0.000000
0.000000,0.000000,-0.270000,0.520000,-0.300000,0.000000,0.000000,0.000000,-0.270000,0.520000,-0.300000,0.000000,-1.097557,1.400075,-0.109321,-1.800000,-0.166321,0.500000,0.000000,0.251540,-0.123219,-0.015591,-0.344518,0.056555,-0.226151,0.000000
0.000000,0.000000,-0.270000,0.520000,-0.300000,0.000000,0.000000,0.000000,-0.270000,0.520000,-0.300000,0.000000,-1.102764,1.402377,-0.113497,-1.800000,-0.166598,0.500000,0.000000,0.244779,-0.125920,-0.010644,-0.340609,0.058212,-0.226688,0.000000
0.000000,0.000000,-0.270000,0.520000,-0.300000,0.000000,0.000000,0.000000,-0.270000,0.520000,-0.300000,0.000000,-1.107525,1.405143,-0.117561,-1.800000,-0.166983,0.500000,0.000000,0.237593,-0.128144,-0.004929,-0.337821,0.059858,-0.226904,0.000000
0.000000,0.000000,-0.270000,0.520000,-0.300000,0.000000,0.000000,0.000000,-0.270000,0.520000,-0.300000,0.000000,-1.111453,1.408333,-0.121293,-1.800000,-0.167465,0.500000,0.000000,0.231151,-0.129782,0.001726,-0.335417,0.061465,-0.226807,0.000000
0.000000,0.000000,-0.270000,0.520000,-0.300000,0.000000,0.000000,0.000000,-0.270000,0.520000,-0.300000,0.000000,-1.114618,1.411658,-0.124480,-1.800000,-0.167964,0.500000,0.000000,0.225584,-0.130907,0.010152,-0.333357,0.063247,-0.226380,0.000000
0.000000,0.000000,-0.270000,0.520000,-0.300000,0.000000,0.000000,0.000000,-0.270000,0.520000,-0.300000,0.000000,-1.117483,1.414982,-0.126818,-1.800000,-0.168450,0.500000,0.000000,0.221270,-0.131750,0.019439,-0.330935,0.065058,-0.225709,0.000000
0.000000,0.000000,-0.270000,0.520000,-0.300000,0.000000,0.000000,0.000000,-0.270000,0.520000,-0.300000,0.000000,-1.120527,1.418984,-0.127719,-1.800000,-0.169103,0.500000,0.000000,0.218285,-0.132349,0.028513,-0.327983,0.066695,-0.224925,0.000000
0.000000,0.000000,-0.270000,0.520000,-0.300000,0.000000,0.000000,0.000000,-0.270000,0.520000,-0.300000,0.000000,-1.126171,1.427521,-0.126508,-1.800000,-0.170785,0.500000,0.000000,0.215636,-0.131535,0.040204,-0.322469,0.068294,-0.222919,0.000000
0.000000,0.000000,-0.270000,0.520000,-0.300000,0.000000,0.000000,0.000000,-0.270000,0.520000,-0.300000,0.000000,-1.129937,1.433568,-0.125059,-1.800000,-0.171826,0.500000,0.000000,0.215400,-0.129930,0.047906,-0.317006,0.068816,-0.220542,0.000000
0.000000,0.000000,-0.270000,0.520000,-0.300000,0.000000,0.000000,0.000000,-0.270000,0.520000,-0.300000,0.000000,-1.132062,1.437478,-0.123278,-1.800000,-0.172036,0.500000,0.000000,0.217220,-0.128792,0.052720,-0.311387,0.068685,-0.218340,0.000000
0.000000,0.000000,-0.270000,0.520000,-0.300000,0.000000,0.000000,0.000000,-0.270000,0.520000,-0.300000,0.000000,-1.136654,1.446657,-0.119496,-1.800000,-0.172713,0.500000,0.000000,0.218829,-0.128021,0.058076,-0.302857,0.068118,-0.215224,0.000000
0.000000,0.000000,-0.270000,0.520000,-0.300000,0.000000,0.000000,0.000000,-0.270000,0.520000,-0.300000,0.000000,-1.139543,1.462880,-0.116372,-1.800000,-0.174166,0.500000,0.000000,0.222352,-0.128212,0.062491,-0.292755,0.067562,-0.211565,0.000000
0.000000,0.000000,-0.270000,0.520000,-0.300000,0.000000,0.000000,0.000000,-0.270000,0.520000,-0.300000,0.000000,-1.138217,1.472611,-0.117023,-1.800000,-0.174173,0.500000,0.000000,0.228426,-0.129145,0.065721,-0.283675,0.067453,-0.208843,0.000000
0.000000,0.000000,-0.270000,0.520000,-0.300000,0.000000,0.000000,0.000000,-0.270000,0.520000,-0.300000,0.000000,-1.136119,1.476028,-0.118854,-1.800000,-0.172621,0.500000,0.000000,0.236051,-0.130249,0.065504,-0.273229,0.066770,-0.206381,0.000000
0.000000,0.000000,-0.270000,0.520000,-0.300000,0.000000,0.000000,0.000000,-0.270000,0.520000,-0.300000,0.000000,-1.134854,1.478134,-0.120579,-1.800000,-0.170467,0.500000,0.000000,0.241806,-0.130306,0.056445,-0.262400,0.064684,-0.203538,0.000000
0.000000,0.000000,-0.270000,0.520000,-0.300000,0.000000,0.000000,0.000000,-0.270000,0.520000,-0.300000,0.000000,-1.134475,1.480937,-0.120249,-1.800000,-0.169334,0.500000,0.000000,0.248370,-0.130309,0.046958,-0.252645,0.063528,-0.200737,0.000000
0.000000,0.000000,-0.270000,0.520000,-0.300000,0.000000,0.000000,0.000000,-0.270000,0.520000,-0.300000,0.000000,-1.133988,1.486571,-0.119976,-1.800000,-0.169229,0.500000,0.000000,0.255377,-0.129182,0.032182,-0.242472,0.061818,-0.197598,0.000000
0.000000,0.000000,-0.270000,0.520000,-0.300000,0.000000,0.000000,0.000000,-0.270000,0.520000,-0.300000,0.000000,-1.133922,1.485996,-0.120107,-1.800000,-0.167997,0.500000,0.000000,0.263082,-0.126940,0.015258,-0.232625,0.059762,-0.194397,0.000000
0.000000,0.000000,-0.270000,0.520000,-0.300000,0.000000,0.000000,0.000000,-0.270000,0.520000,-0.300000,0.000000,-1.135217,1.481935,-0.119483,-1.800000,-0.166425,0.500000,0.000000,0.267671,-0.124758,-0.001745,-0.225987,0.057299,-0.192737,0.000000
0.000000,0.000000,-0.270000,0.520000,-0.300000,0.000000,0.000000,0.000000,-0.270000,0.520000,-0.300000,0.000000,-1.137689,1.473119,-0.118869,-1.800000,-0.164000,0.500000,0.000000,0.272630,-0.122628,-0.023271,-0.217791,0.054261,-0.191446,0.000000
0.000000,0.000000,-0.270000,0.520000,-0.300000,0.000000,0.000000,0.000000,-0.270000,0.520000,-0.300000,0.000000,-1.139567,1.462107,-0.119315,-1.800000,-0.161299,0.500000,0.000000,0.277686,-0.119824,-0.045951,-0.209648,0.051421,-0.189055,0.000000
0.000000,0.000000,-0.270000,0.520000,-0.300000,0.000000,0.000000,0.000000,-0.270000,0.520000,-0.300000,0.000000,-1.139737,1.451737,-0.121326,-1.800000,-0.158990,0.500000,0.000000,0.280857,-0.118387,-0.062916,-0.204205,0.050215,-0.186667,0.000000
0.000000,0.000000,-0.270000,0.520000,-0.300000,0.000000,0.000000,0.000000,-0.270000,0.520000,-0.300000,0.000000,-1.139687,1.443983,-0.122834,-1.800000,-0.157691,0.500000,0.000000,0.282379,-0.120041,-0.071669,-0.202095,0.051054,-0.185073,0.000000
0.000000,0.000000,-0.270000,0.520000,-0.300000,0.000000,0.000000,0.000000,-0.270000,0.520000,-0.300000,0.000000,-1.136311,1.440113,-0.126333,-1.800000,-0.157241,0.500000,0.000000,0.282517,-0.123277,-0.074309,-0.202650,0.052915,-0.183653,0.000000
0.000000,0.000000,-0.270000,0.520000,-0.300000,0.000000,0.000000,0.000000,-0.270000,0.520000,-0.300000,0.000000,-1.130829,1.433993,-0.130519,-1.800000,-0.156051,0.500000,0.000000,0.282729,-0.126674,-0.076802,-0.203780,0.054021,-0.182445,0.000000
0.000000,0.000000,-0.270000,0.520000,-0.300000,0.000000,0.000000,0.000000,-0.270000,0.520000,-0.300000,0.000000,-1.125506,1.431650,-0.133445,-1.800000,-0.155556,0.500000,0.000000,0.283167,-0.130279,-0.076399,-0.205153,0.055059,-0.181919,0.000000
0.000000,0.000000,-0.270000,0.520000,-0.300000,0.000000,0.000000,0.000000,-0.270000,0.520000,-0.300000,0.000000,-1.121630,1.431213,-0.134973,-1.800000,-0.155525,0.500000,0.000000,0.282435,-0.135315,-0.072167,-0.207285,0.056880,-0.181618,0.000000
0.000000,0.000000,-0.270000,0.520000,-0.300000,0.000000,0.000000,0.000000,-0.270000,0.520000,-0.300000,0.000000,-1.120274,1.430407,-0.134499,-1.800000,-0.155530,0.500000,0.000000,0.280378,-0.140833,-0.065543,-0.209885,0.059090,-0.181159,0.000000
0.000000,0.000000,-0.270000,0.520000,-0.300000,0.000000,0.000000,0.000000,-0.270000,0.520000,-0.300000,0.000000,-1.119912,1.429661,-0.133649,-1.800000,-0.155508,0.500000,0.000000,0.277004,-0.145408,-0.058753,-0.212476,0.061042,-0.180208,0.000000
0.000000,0.000000,-0.270000,0.520000,-0.300000,0.000000,0.000000,0.000000,-0.270000,0.520000,-0.300000,0.000000,-1.120355,1.429290,-0.132911,-1.800000,-0.155558,0.500000,0.000000,0.272920,-0.148448,-0.053485,-0.214389,0.062288,-0.178722,0.000000
0.000000,0.000000,-0.270000,0.520000,-0.300000,0.000000,0.000000,0.000000,-0.270000,0.520000,-0.300000,0.000000,-1.122122,1.427118,-0.132526,-1.800000,-0.155396,0.500000,0.000000,0.268836,-0.150042,-0.048652,-0.215059,0.063033,-0.176313,0.000000
0.000000,0.000000,-0.270000,0.520000,-0.300000,0.000000,0.000000,0.000000,-0.270000,0.520000,-0.300000,0.000000,-1.122209,1.425066,-0.135403,-1.800000,-0.155264,0.500000,0.000000,0.264948,-0.149429,-0.044324,-0.214531,0.063202,-0.172727,0.000000
0.000000,0.000000,-0.270000,0.520000,-0.300000,0.000000,0.000000,0.000000,-0.270000,0.520000,-0.300000,0.000000,-1.119953,1.424988,-0.140075,-1.800000,-0.155277,0.500000,0.000000,0.262258,-0.147242,-0.043653,-0.213386,0.062523,-0.169768,0.000000
0.000000,0.000000,-0.270000,0.520000,-0.300000,0.000000,0.000000,0.000000,-0.270000,0.520000,-0.300000,0.000000,-1.117692,1.423321,-0.144463,-1.800000,-0.154948,0.500000,0.000000,0.261237,-0.144466,-0.044041,-0.211164,0.061573,-0.166952,0.000000
0.000000,0.000000,-0.270000,0.520000,-0.300000,0.000000,0.000000,0.000000,-0.270000,0.520000,-0.300000,0.000000,-1.116899,1.419246,-0.147250,-1.800000,-0.154250,0.500000,0.000000,0.262053,-0.141158,-0.044435,-0.207423,0.060524,-0.164113,0.000000
0.000000,0.000000,-0.270000,0.520000,-0.300000,0.000000,0.000000,0.000000,-0.270000,0.520000,-0.300000,0.000000,-1.116013,1.413418,-0.149969,-1.800000,-0.153381,0.500000,0.000000,0.265156,-0.136854,-0.043081,-0.201465,0.059452,-0.160427,0.000000
0.000000,0.000000,-0.270000,0.520000,-0.300000,0.000000,0.000000,0.000000,-0.270000,0.520000,-0.300000,0.000000,-1.113624,1.408606,-0.153344,-1.800000,-0.152728,0.500000,0.000000,0.269271,-0.133242,-0.039150,-0.195580,0.058907,-0.157026,0.000000
0.000000,0.000000,-0.270000,0.520000,-0.300000,0.000000,0.000000,0.000000,-0.270000,0.520000,-0.300000,0.000000,-1.110294,1.405393,-0.157696,-1.800000,-0.152369,0.500000,0.000000,0.272216,-0.129725,-0.033084,-0.190541,0.058586,-0.153550,0.000000
0.000000,0.000000,-0.270000,0.520000,-0.300000,0.000000,0.000000,0.000000,-0.270000,0.520000,-0.300000,0.000000,-1.106512,1.400560,-0.162836,-1.800000,-0.151753,0.500000,0.000000,0.275338,-0.127552,-0.026608,-0.186042,0.058250,-0.150496,0.000000
0.000000,0.000000,-0.270000,0.520000,-0.300000,0.000000,0.000000,0.000000,-0.270000,0.520000,-0.300000,0.000000,-1.100896,1.395001,-0.169811,-1.800000,-0.151031,0.500000,0.000000,0.279442,-0.125760,-0.020737,-0.181525,0.057561,-0.147418,0.000000
0.000000,0.000000,-0.270000,0.520000,-0.300000,0.000000,0.000000,0.000000,-0.270000,0.520000,-0.300000,0.000000,-1.093964,1.390626,-0.178115,-1.800000,-0.150560,0.500000,0.000000,0.283365,-0.124244,-0.015500,-0.177729,0.056531,-0.144397,0.000000
0.000000,0.000000,-0.270000,0.520000,-0.300000,0.000000,0.000000,0.000000,-0.270000,0.520000,-0.300000,0.000000,-1.088944,1.387886,-0.185063,-1.800000,-0.150561,0.500000,0.000000,0.284327,-0.122840,-0.013210,-0.176240,0.054589,-0.141689,0.000000
0.000000,0.000000,-0.270000,0.520000,-0.300000,0.000000,0.000000,0.000000,-0.270000,0.520000,-0.300000,0.000000,-1.086302,1.385628,-0.189770,-1.800000,-0.150831,0.500000,0.000000,0.284240,-0.122533,-0.009415,-0.175948,0.052949,-0.139611,0.000000
0.000000,0.000000,-0.270000,0.520000,-0.300000,0.000000,0.000000,0.000000,-0.270000,0.520000,-0.300000,0.000000,-1.085460,1.383443,-0.192647,-1.800000,-0.151311,0.500000,0.000000,0.284120,-0.123178,-0.004523,-0.175811,0.051473,-0.137975,0.000000
0.000000,0.000000,-0.270000,0.520000,-0.300000,0.000000,0.000000,0.000000,-0.270000,0.520000,-0.300000,0.000000,-1.084273,1.382849,-0.195764,-1.800000,-0.152193,0.500000,0.000000,0.283647,-0.123747,-0.000074,-0.176004,0.049635,-0.136469,0.000000
0.000000,0.000000,-0.270000,0.520000,-0.300000,0.000000,0.000000,0.000000,-0.270000,0.520000,-0.300000,0.000000,-1.081529,1.384698,-0.201098,-1.800000,-0.153803,0.500000,0.000000,0.283171,-0.123820,0.003492,-0.176195,0.046574,-0.134725,0.000000
0.000000,0.000000,-0.270000,0.520000,-0.300000,0.000000,0.000000,0.000000,-0.270000,0.520000,-0.300000,0.000000,-1.079360,1.387272,-0.206497,-1.800000,-0.155967,0.500000,0.000000,0.283315,-0.123245,0.004626,-0.176311,0.041789,-0.132779,0.000000
0.000000,0.000000,-0.270000,0.520000,-0.300000,0.000000,0.000000,0.000000,-0.270000,0.520000,-0.300000,0.000000,-1.078370,1.389908,-0.211340,-1.800000,-0.158293,0.500000,0.000000,0.285177,-0.122802,0.002370,-0.175259,0.035995,-0.131349,0.000000
0.000000,0.000000,-0.270000,0.520000,-0.300000,0.000000,0.000000,0.000000,-0.270000,0.520000,-0.300000,0.000000,-1.081185,1.393642,-0.212861,-1.800000,-0.161454,0.500000,0.000000,0.287684,-0.124147,-0.001020,-0.173877,0.029036,-0.131439,0.000000
0.000000,0.000000,-0.270000,0.520000,-0.300000,0.000000,0.000000,0.000000,-0.270000,0.520000,-0.300000,0.000000,-1.085844,1.398600,-0.211494,-1.800000,-0.164925,0.500000,0.000000,0.290044,-0.127041,-0.001181,-0.172757,0.022794,-0.132681,0.000000
0.000000,0.000000,-0.270000,0.520000,-0.300000,0.000000,0.000000,0.000000,-0.270000,0.520000,-0.300000,0.000000,-1.088054,1.405203,-0.209150,-1.800000,-0.167499,0.500000,0.000000,0.291980,-0.130146,0.002093,-0.171291,0.018758,-0.134237,0.000000
0.000000,0.000000,-0.270000,0.520000,-0.300000,0.000000,0.000000,0.000000,-0.270000,0.520000,-0.300000,0.000000,-1.087287,1.408073,-0.207595,-1.800000,-0.168197,0.500000,0.000000,0.294744,-0.132386,0.007093,-0.168993,0.016437,-0.135219,0.000000
0.000000,0.000000,-0.270000,0.520000,-0.300000,0.000000,0.000000,0.000000,-0.270000,0.520000,-0.300000,0.000000,-1.083649,1.408616,-0.208389,-1.800000,-0.167943,0.500000,0.000000,0.298278,-0.134919,0.013016,-0.166341,0.015165,-0.135949,0.000000
0.000000,0.000000,-0.270000,0.520000,-0.300000,0.000000,0.000000,0.000000,-0.270000,0.520000,-0.300000,0.000000,-1.077532,1.406988,-0.211538,-1.800000,-0.167160,0.500000,0.000000,0.302862,-0.139763,0.018313,-0.162727,0.014121,-0.136855,0.000000
0.000000,0.000000,-0.270000,0.520000,-0.300000,0.000000,0.000000,0.000000,-0.270000,0.520000,-0.300000,0.000000,-1.071535,1.402517,-0.214967,-1.800000,-0.166055,0.500000,0.000000,0.307288,-0.144843,0.020223,-0.159031,0.012682,-0.137672,0.000000
0.000000,0.000000,-0.270000,0.520000,-0.300000,0.000000,0.000000,0.000000,-0.270000,0.520000,-0.300000,0.000000,-1.068190,1.394774,-0.216908,-1.800000,-0.164535,0.500000,0.000000,0.309924,-0.148462,0.017795,-0.156305,0.010867,-0.138409,0.000000
0.000000,0.000000,-0.270000,0.520000,-0.300000,0.000000,0.000000,0.000000,-0.270000,0.520000,-0.300000,0.000000,-1.067125,1.386161,-0.216475,-1.800000,-0.162999,0.500000,0.000000,0.310929,-0.151833,0.014481,-0.154471,0.009082,-0.139071,0.000000
0.000000,0.000000,-0.270000,0.520000,-0.300000,0.000000,0.000000,0.000000,-0.270000,0.520000,-0.300000,0.000000,-1.066712,1.377665,-0.215064,-1.800000,-0.161689,0.500000,0.000000,0.312477,-0.155060,0.012036,-0.152485,0.007641,-0.139572,0.000000
0.000000,0.000000,-0.270000,0.520000,-0.300000,0.000000,0.000000,0.000000,-0.270000,0.520000,-0.300000,0.000000,-1.066580,1.370331,-0.214033,-1.800000,-0.160865,0.500000,0.000000,0.314591,-0.158108,0.010955,-0.150067,0.006641,-0.139835,0.000000
0.000000,0.000000,-0.270000,0.520000,-0.300000,0.000000,0.000000,0.000000,-0.270000,0.520000,-0.300000,0.000000,-1.066941,1.365313,-0.213967,-1.800000,-0.160704,0.500000,0.000000,0.315331,-0.160843,0.009183,-0.148249,0.005529,-0.139841,0.000000
0.000000,0.000000,-0.270000,0.520000,-0.300000,0.000000,0.000000,0.000000,-0.270000,0.520000,-0.300000,0.000000,-1.067357,1.362497,-0.213915,-1.800000,-0.160907,0.500000,0.000000,0.315183,-0.163057,0.009557,-0.147718,0.005085,-0.139649,0.000000
0.000000,0.000000,-0.270000,0.520000,-0.300000,0.000000,0.000000,0.000000,-0.270000,0.520000,-0.300000,0.000000,-1.068368,1.361283,-0.213157,-1.800000,-0.161124,0.500000,0.000000,0.313999,-0.164250,0.011151,-0.148410,0.005192,-0.139455,0.000000
0.000000,0.000000,-0.270000,0.520000,-0.300000,0.000000,0.000000,0.000000,-0.270000,0.520000,-0.300000,0.000000,-1.070230,1.360056,-0.211548,-1.800000,-0.161307,0.500000,0.000000,0.311567,-0.165114,0.013062,-0.150178,0.005424,-0.139234,0.000000
0.000000,0.000000,-0.270000,0.520000,-0.300000,0.000000,0.000000,0.000000,-0.270000,0.520000,-0.300000,0.000000,-1.073196,1.358361,-0.209219,-1.800000,-0.161425,0.500000,0.000000,0.307403,-0.165571,0.014838,-0.153157,0.005635,-0.138918,0.000000
0.000000,0.000000,-0.270000,0.520000,-0.300000,0.000000,0.000000,0.000000,-0.270000,0.520000,-0.300000,0.000000,-1.076885,1.356730,-0.206873,-1.800000,-0.161601,0.500000,0.000000,0.301297,-0.165465,0.015611,-0.157310,0.005629,-0.138520,0.000000
0.000000,0.000000,-0.270000,0.520000,-0.300000,0.000000,0.000000,0.000000,-0.270000,0.520000,-0.300000,0.000000,-1.081660,1.355323,-0.204546,-1.800000,-0.161861,0.500000,0.000000,0.292839,-0.164576,0.014642,-0.162624,0.005261,-0.138048,0.000000
0.000000,0.000000,-0.270000,0.520000,-0.300000,0.000000,0.000000,0.000000,-0.270000,0.520000,-0.300000,0.000000,-1.087665,1.355049,-0.201619,-1.800000,-0.162395,0.500000,0.000000,0.282530,-0.162636,0.012216,-0.169069,0.004604,-0.137433,0.000000
0.000000,0.000000,-0.270000,0.520000,-0.300000,0.000000,0.000000,0.000000,-0.270000,0.520000,-0.300000,0.000000,-1.095992,1.355950,-0.197082,-1.800000,-0.163277,0.500000,0.000000,0.270850,-0.159644,0.008513,-0.176187,0.003689,-0.136669,0.000000
0.000000,0.000000,-0.270000,0.520000,-0.300000,0.000000,0.000000,0.000000,-0.270000,0.520000,-0.300000,0.000000,-1.105480,1.357738,-0.191931,-1.800000,-0.164393,0.500000,0.000000,0.259193,-0.156081,0.004206,-0.183163,0.002661,-0.135810,0.000000
0.000000,0.000000,-0.270000,0.520000,-0.300000,0.000000,0.000000,0.000000,-0.270000,0.520000,-0.300000,0.000000,-1.114102,1.359844,-0.187693,-1.800000,-0.165458,0.500000,0.000000,0.249380,-0.153137,0.000579,-0.188669,0.001874,-0.135138,0.000000
0.000000,0.000000,-0.270000,0.520000,-0.300000,0.000000,0.000000,0.000000,-0.270000,0.520000,-0.300000,0.000000,-1.121039,1.362278,-0.184890,-1.800000,-0.166404,0.500000,0.000000,0.242129,-0.151378,-0.002529,-0.192024,0.001335,-0.134931,0.000000
0.000000,0.000000,-0.270000,0.520000,-0.300000,0.000000,0.000000,0.000000,-0.270000,0.520000,-0.300000,0.000000,-1.127520,1.365202,-0.182154,-1.800000,-0.167319,0.500000,0.000000,0.235711,-0.150557,-0.006229,-0.194731,0.000858,-0.135170,0.000000
0.000000,0.000000,-0.270000,0.520000,-0.300000,0.000000,0.000000,0.000000,-0.270000,0.520000,-0.300000,0.000000,-1.133168,1.368205,-0.179849,-1.800000,-0.168099,0.500000,0.000000,0.230540,-0.150786,-0.010502,-0.196232,0.000442,-0.135875,0.000000
0.000000,0.000000,-0.270000,0.520000,-0.300000,0.000000,0.000000,0.000000,-0.270000,0.520000,-0.300000,0.000000,-1.139554,1.370123,-0.175652,-1.800000,-0.168623,0.500000,0.000000,0.226256,-0.152005,-0.014903,-0.197296,0.000239,-0.137111,0.000000
0.000000,0.000000,-0.270000,0.520000,-0.300000,0.000000,0.000000,0.000000,-0.270000,0.520000,-0.300000,0.000000,-1.145461,1.371585,-0.170919,-1.800000,-0.168939,0.500000,0.000000,0.222508,-0.154233,-0.018478,-0.198366,0.000497,-0.138858,0.000000
0.000000,0.000000,-0.270000,0.520000,-0.300000,0.000000,0.000000,0.000000,-0.270000,0.520000,-0.300000,0.000000,-1.151073,1.373119,-0.165807,-1.800000,-0.169144,0.500000,0.000000,0.218753,-0.157414,-0.021287,-0.199578,0.001227,-0.141136,0.000000
0.000000,0.000000,-0.270000,0.520000,-0.300000,0.000000,0.000000,0.000000,-0.270000,0.520000,-0.300000,0.000000,-1.158290,1.373471,-0.158432,-1.800000,-0.169110,0.500000,0.000000,0.214332,-0.161773,-0.024899,-0.201095,0.002120,-0.144100,0.000000
0.000000,0.000000,-0.270000,0.520000,-0.300000,0.000000,0.000000,0.000000,-0.270000,0.520000,-0.300000,0.000000,-1.166467,1.373175,-0.149106,-1.800000,-0.169016,0.500000,0.000000,0.209362,-0.167304,-0.029836,-0.203098,0.003105,-0.147730,0.000000
0.000000,0.000000,-0.270000,0.520000,-0.300000,0.000000,0.000000,0.000000,-0.270000,0.520000,-0.300000,0.000000,-1.174000,1.373898,-0.139677,-1.800000,-0.169118,0.500000,0.000000,0.203604,-0.174074,-0.035853,-0.206009,0.004250,-0.152009,0.000000
0.000000,0.000000,-0.270000,0.520000,-0.300000,0.000000,0.000000,0.000000,-0.270000,0.520000,-0.300000,0.000000,-1.180191,1.374870,-0.131300,-1.800000,-0.169159,0.500000,0.000000,0.197210,-0.182369,-0.042979,-0.209747,0.005441,-0.157015,0.000000
0.000000,0.000000,-0.270000,0.520000,-0.300000,0.000000,0.000000,0.000000,-0.270000,0.520000,-0.300000,0.000000,-1.184855,1.375562,-0.124507,-1.800000,-0.168991,0.500000,0.000000,0.190115,-0.192574,-0.052059,-0.213902,0.006403,-0.162897,0.000000
0.000000,0.000000,-0.270000,0.520000,-0.300000,0.000000,0.000000,0.000000,-0.270000,0.520000,-0.300000,0.000000,-1.187700,1.374752,-0.119688,-1.800000,-0.168343,0.500000,0.000000,0.182189,-0.204556,-0.062828,-0.218065,0.007099,-0.169426,0.000000
0.000000,0.000000,-0.270000,0.520000,-0.300000,0.000000,0.000000,0.000000,-0.270000,0.520000,-0.300000,0.000000,-1.186919,1.370936,-0.118234,-1.800000,-0.166815,0.500000,0.000000,0.173998,-0.218189,-0.071517,-0.222279,0.008394,-0.176257,0.000000
0.000000,0.000000,-0.270000,0.520000,-0.300000,0.000000,0.000000,0.000000,-0.270000,0.520000,-0.300000,0.000000,-1.176622,1.362198,-0.124628,-1.800000,-0.163762,0.500000,0.000000,0.167031,-0.233624,-0.073476,-0.226756,0.011474,-0.183366,0.000000
0.000000,0.000000,-0.270000,0.520000,-0.300000,0.000000,0.000000,0.000000,-0.270000,0.520000,-0.300000,0.000000,-1.154277,1.340509,-0.141542,-1.800000,-0.157397,0.500000,0.000000,0.158418,-0.253297,-0.064973,-0.233924,0.017704,-0.191379,0.000000
0.000000,0.000000,-0.270000,0.520000,-0.300000,0.000000,0.000000,0.000000,-0.270000,0.520000,-0.300000,0.000000,-1.118779,1.302145,-0.168199,-1.800000,-0.147015,0.500000,0.000000,0.145180,-0.279382,-0.042251,-0.245968,0.028591,-0.201104,0.000000
0.000000,0.000000,-0.270000,0.520000,-0.300000,0.000000,0.000000,0.000000,-0.270000,0.520000,-0.300000,0.000000,-1.070318,1.237187,-0.195809,-1.781192,-0.131372,0.500000,0.000000,0.120818,-0.313395,0.013995,-0.267924,0.048188,-0.211948,0.000000
0.000000,0.000000,-0.270000,0.520000,-0.300000,0.000000,0.000000,0.000000,-0.270000,0.520000,-0.300000,0.000000,-1.023414,1.167746,-0.213475,-1.740054,-0.115840,0.500000,0.000000,0.093105,-0.344245,0.085154,-0.291889,0.069418,-0.219965,0.000000
0.000000,0.000000,-0.270000,0.520000,-0.300000,0.000000,0.000000,0.000000,-0.270000,0.520000,-0.300000,0.000000,-0.972934,1.089413,-0.219058,-1.686293,-0.099578,0.500000,0.000000,0.052074,-0.371814,0.181251,-0.326532,0.091763,-0.222785,0.000000
0.000000,0.000000,-0.270000,0.520000,-0.300000,0.000000,0.000000,0.000000,-0.270000,0.520000,-0.300000,0.000000,-0.923573,1.019298,-0.217872,-1.629650,-0.086145,0.500000,0.000000,0.000606,-0.393247,0.286377,-0.368515,0.111272,-0.220787,0.000000
0.000000,0.000000,-0.270000,0.520000,-0.300000,0.000000,0.000000,0.000000,-0.270000,0.520000,-0.300000,0.000000,-0.877822,0.958930,-0.210607,-1.570519,-0.076393,0.500000,0.000000,-0.072248,-0.407742,0.402089,-0.420575,0.127496,-0.214256,0.000000
0.000000,0.000000,-0.270000,0.520000,-0.300000,0.000000,0.000000,0.000000,-0.270000,0.520000,-0.300000,0.000000,-0.836862,0.900887,-0.197434,-1.508658,-0.070023,0.500000,0.000000,-0.189299,-0.412932,0.546851,-0.487452,0.140884,-0.201522,0.000000
0.000000,0.000000,-0.270000,0.520000,-0.300000,0.000000,0.000000,0.000000,-0.270000,0.520000,-0.300000,0.000000,-0.822936,0.872993,-0.186312,-1.479864,-0.068260,0.500000,0.000000,-0.289693,-0.405664,0.635124,-0.535815,0.146439,-0.192327,0.000000
0.000000,0.000000,-0.270000,0.520000,-0.300000,0.000000,0.000000,0.000000,-0.270000,0.520000,-0.300000,0.000000,-0.822749,0.855851,-0.169054,-1.455424,-0.068352,0.500000,0.000000,-0.416509,-0.385937,0.707134,-0.589989,0.148939,-0.181859,0.000000
0.000000,0.000000,-0.270000,0.520000,-0.300000,0.000000,0.000000,0.000000,-0.270000,0.520000,-0.300000,0.000000,-0.837259,0.861122,-0.150364,-1.435711,-0.073519,0.500000,0.000000,-0.574674,-0.337183,0.752219,-0.635342,0.145112,-0.161086,0.000000
0.000000,0.000000,-0.270000,0.520000,-0.300000,0.000000,0.000000,0.000000,-0.270000,0.520000,-0.300000,0.000000,-0.860307,0.872519,-0.133880,-1.421176,-0.079806,0.500000,0.000000,-0.736671,-0.280206,0.792400,-0.651011,0.144317,-0.132557,0.000000
0.000000,0.000000,-0.270000,0.520000,-0.300000,0.000000,0.000000,0.000000,-0.270000,0.520000,-0.300000,0.000000,-0.888488,0.883711,-0.115676,-1.411205,-0.084619,0.500000,0.000000,-0.886143,-0.209532,0.812496,-0.647074,0.145861,-0.106388,0.000000
0.000000,0.000000,-0.270000,0.520000,-0.300000,0.000000,0.000000,0.000000,-0.270000,0.520000,-0.300000,0.000000,-0.925724,0.896929,-0.094913,-1.398918,-0.089093,0.500000,0.000000,-1.053369,-0.103422,0.821353,-0.623216,0.142646,-0.079897,0.000000
0.000000,0.000000,-0.270000,0.520000,-0.300000,0.000000,0.000000,0.000000,-0.270000,0.520000,-0.300000,0.000000,-0.957501,0.920626,-0.071167,-1.382628,-0.094401,0.500000,0.000000,-1.176321,-0.050000,0.830712,-0.626627,0.140305,-0.066700,0.000000
0.000000,0.000000,-0.270000,0.520000,-0.300000,0.000000,0.000000,0.000000,-0.270000,0.520000,-0.300000,0.000000,-0.978707,0.942933,-0.051294,-1.372550,-0.098639,0.500000,0.000000,-1.257804,-0.050000,0.845137,-0.651572,0.141344,-0.061070,0.000000
0.000000,0.000000,-0.270000,0.520000,-0.300000,0.000000,0.000000,0.000000,-0.270000,0.520000,-0.300000,0.000000,-1.002993,0.977539,-0.011415,-1.363316,-0.103141,0.500000,0.000000,-1.355573,-0.050000,0.885898,-0.723467,0.150756,-0.057227,0.000000
0.000000,0.000000,-0.270000,0.520000,-0.300000,0.000000,0.000000,0.000000,-0.270000,0.520000,-0.300000,0.000000,-1.029487,1.024585,0.039194,-1.348320,-0.108279,0.500000,0.000000,-1.461640,-0.050000,0.931011,-0.800228,0.162725,-0.054491,0.000000
0.000000,0.000000,-0.270000,0.520000,-0.300000,0.000000,0.000000,0.000000,-0.270000,0.520000,-0.300000,0.000000,-1.047181,1.067943,0.080326,-1.340626,-0.113275,0.500000,0.000000,-1.537559,-0.050000,0.964227,-0.868733,0.173924,-0.056318,0.000000
0.000000,0.000000,-0.270000,0.520000,-0.300000,0.000000,0.000000,0.000000,-0.270000,0.520000,-0.300000,0.000000,-1.059357,1.133866,0.132508,-1.334939,-0.121321,0.500000,0.000000,-1.623765,-0.050000,0.993604,-0.975935,0.186885,-0.067174,0.000000
0.000000,0.000000,-0.270000,0.520000,-0.300000,0.000000,0.000000,0.000000,-0.270000,0.520000,-0.300000,0.000000,-1.060988,1.187622,0.175274,-1.333565,-0.126874,0.500000,0.000000,-1.672771,-0.050000,0.994050,-1.086447,0.188281,-0.083750,0.000000
0.000000,0.000000,-0.270000,0.520000,-0.300000,0.000000,0.000000,0.000000,-0.270000,0.520000,-0.300000,0.000000,-1.053296,1.231254,0.211462,-1.334935,-0.130595,0.500000,0.000000,-1.686714,-0.050000,0.980357,-1.224937,0.173042,-0.099322,0.000000
0.000000,0.000000,-0.270000,0.520000,-0.300000,0.000000,0.000000,0.000000,-0.270000,0.520000,-0.300000,0.000000,-1.041578,1.261439,0.230032,-1.339527,-0.133601,0.500000,0.000000,-1.691392,-0.050000,0.978123,-1.315642,0.162098,-0.108956,0.000000
0.000000,0.000000,-0.270000,0.520000,-0.300000,0.000000,0.000000,0.000000,-0.270000,0.520000,-0.300000,0.000000,-1.025452,1.302856,0.245127,-1.352625,-0.138747,0.500000,0.000000,-1.698791,-0.050000,0.980400,-1.402800,0.153139,-0.120403,0.000000
0.000000,0.000000,-0.270000,0.520000,-0.300000,0.000000,0.000000,0.000000,-0.270000,0.520000,-0.300000,0.000000,-1.018282,1.312223,0.251256,-1.361729,-0.138507,0.500000,0.000000,-1.702165,-0.050000,0.983150,-1.436112,0.150266,-0.126137,0.000000
0.000000,0.000000,-0.270000,0.520000,-0.300000,0.000000,0.000000,0.000000,-0.270000,0.520000,-0.300000,0.000000,-1.016033,1.309357,0.257074,-1.366173,-0.136182,0.500000,0.000000,-1.702581,-0.050000,0.986302,-1.452309,0.148227,-0.129869,0.000000
0.000000,0.000000,-0.270000,0.520000,-0.300000,0.000000,0.000000,0.000000,-0.270000,0.520000,-0.300000,0.000000,-1.017266,1.291439,0.263727,-1.367466,-0.130875,0.500000,0.000000,-1.698335,-0.050000,0.992182,-1.455305,0.146521,-0.132205,0.000000
0.000000,0.000000,-0.270000,0.520000,-0.300000,0.000000,0.000000,0.000000,-0.270000,0.520000,-0.300000,0.000000,-1.019699,1.263351,0.269442,-1.369984,-0.123727,0.500000,0.000000,-1.688363,-0.050000,1.000310,-1.445374,0.145643,-0.133744,0.000000
0.000000,0.000000,-0.270000,0.520000,-0.300000,0.000000,0.000000,0.000000,-0.270000,0.520000,-0.300000,0.000000,-1.020682,1.236686,0.269644,-1.373669,-0.117663,0.500000,0.000000,-1.674163,-0.050000,1.006127,-1.425541,0.145210,-0.134652,0.000000
0.000000,0.000000,-0.270000,0.520000,-0.300000,0.000000,0.000000,0.000000,-0.270000,0.520000,-0.300000,0.000000,-1.017251,1.197036,0.263407,-1.373675,-0.109556,0.500000,0.000000,-1.647525,-0.050000,1.008896,-1.390408,0.144050,-0.135701,0.000000
0.000000,0.000000,-0.270000,0.520000,-0.300000,0.000000,0.000000,0.000000,-0.270000,0.520000,-0.300000,0.000000,-1.010232,1.145621,0.250628,-1.374758,-0.099755,0.500000,0.000000,-1.610659,-0.050000,1.010752,-1.338419,0.143781,-0.137177,0.000000
0.000000,0.000000,-0.270000,0.520000,-0.300000,0.000000,0.000000,0.000000,-0.270000,0.520000,-0.300000,0.000000,-0.999081,1.087557,0.233140,-1.371079,-0.089669,0.500000,0.000000,-1.572215,-0.050000,1.010077,-1.279146,0.145202,-0.139579,0.000000
0.000000,0.000000,-0.270000,0.520000,-0.300000,0.000000,0.000000,0.000000,-0.270000,0.520000,-0.300000,0.000000,-0.985324,1.020685,0.210045,-1.361666,-0.078848,0.500000,0.000000,-1.530523,-0.050000,1.001069,-1.217385,0.145900,-0.143590,0.000000
0.000000,0.000000,-0.270000,0.520000,-0.300000,0.000000,0.000000,0.000000,-0.270000,0.520000,-0.300000,0.000000,-0.974115,0.950112,0.182175,-1.351933,-0.067953,0.500000,0.000000,-1.489207,-0.050000,0.982009,-1.156699,0.145104,-0.149637,0.000000
0.000000,0.000000,-0.270000,0.520000,-0.300000,0.000000,0.000000,0.000000,-0.270000,0.520000,-0.300000,0.000000,-0.967224,0.876526,0.145664,-1.345069,-0.057435,0.500000,0.000000,-1.454100,-0.050000,0.952319,-1.097759,0.143665,-0.157516,0.000000
0.000000,0.000000,-0.270000,0.520000,-0.300000,0.000000,0.000000,0.000000,-0.270000,0.520000,-0.300000,0.000000,-0.963942,0.803402,0.098930,-1.341371,-0.048168,0.500000,0.000000,-1.421907,-0.050000,0.906540,-1.045392,0.138660,-0.166339,0.000000
0.000000,0.000000,-0.270000,0.520000,-0.300000,0.000000,0.000000,0.000000,-0.270000,0.520000,-0.300000,0.000000,-0.965641,0.729467,0.042794,-1.340878,-0.040022,0.500000,0.000000,-1.399514,-0.050000,0.854450,-0.996742,0.134236,-0.176344,0.000000
0.000000,0.000000,-0.270000,0.520000,-0.300000,0.000000,0.000000,0.000000,-0.270000,0.520000,-0.300000,0.000000,-0.974149,0.623592,-0.047902,-1.342036,-0.031904,0.500000,0.000000,-1.384019,-0.050000,0.773832,-0.942272,0.129719,-0.191595,0.000000
0.000000,0.000000,-0.270000,0.520000,-0.300000,0.000000,0.000000,0.000000,-0.270000,0.520000,-0.300000,0.000000,-0.996355,0.523083,-0.150480,-1.342306,-0.029827,0.500000,0.000000,-1.383691,-0.050000,0.689852,-0.900273,0.126670,-0.205363,0.000000
0.000000,0.000000,-0.270000,0.520000,-0.300000,0.000000,0.000000,0.000000,-0.270000,0.520000,-0.300000,0.000000,-1.027299,0.439215,-0.258449,-1.337995,-0.034195,0.500000,0.000000,-1.395875,-0.081890,0.613220,-0.875593,0.125393,-0.214985,0.000000
0.000000,0.000000,-0.270000,0.520000,-0.300000,0.000000,0.000000,0.000000,-0.270000,0.520000,-0.300000,0.000000,-1.068322,0.359486,-0.382431,-1.329314,-0.043187,0.500000,0.000000,-1.416567,-0.140789,0.543776,-0.865959,0.126494,-0.220855,0.000000
0.000000,0.000000,-0.270000,0.520000,-0.300000,0.000000,0.000000,0.000000,-0.270000,0.520000,-0.300000,0.000000,-1.111594,0.293763,-0.495324,-1.322046,-0.052193,0.500000,0.000000,-1.441140,-0.199564,0.488654,-0.869928,0.129865,-0.225808,0.000000
0.000000,0.000000,-0.270000,0.520000,-0.300000,0.000000,0.000000,0.000000,-0.270000,0.520000,-0.300000,0.000000,-1.154761,0.232970,-0.605020,-1.317945,-0.060287,0.500000,0.000000,-1.469263,-0.254239,0.437699,-0.886719,0.133311,-0.230123,0.000000
0.000000,0.000000,-0.270000,0.520000,-0.300000,0.000000,0.000000,0.000000,-0.270000,0.520000,-0.300000,0.000000,-1.191401,0.165493,-0.707889,-1.321356,-0.064412,0.496954,0.000000,-1.501251,-0.301423,0.386265,-0.915275,0.135662,-0.233756,0.000000
0.000000,0.000000,-0.270000,0.520000,-0.300000,0.000000,0.000000,0.000000,-0.270000,0.520000,-0.300000,0.000000,-1.232585,0.094921,-0.806106,-1.335701,-0.068073,0.485605,0.000000,-1.536504,-0.355072,0.346222,-0.956666,0.141853,-0.236729,0.000000
0.000000,0.000000,-0.270000,0.520000,-0.300000,0.000000,0.000000,0.000000,-0.270000,0.520000,-0.300000,0.000000,-1.272782,0.050000,-0.891524,-1.357738,-0.071201,0.477153,0.000000,-1.574347,-0.413635,0.325276,-1.010439,0.151219,-0.240427,0.000000
0.000000,0.000000,-0.270000,0.520000,-0.300000,0.000000,0.000000,0.000000,-0.270000,0.520000,-0.300000,0.000000,-1.311711,0.050000,-0.971948,-1.384773,-0.074731,0.471938,0.000000,-1.612195,-0.474807,0.314878,-1.079061,0.160885,-0.245196,0.000000
0.000000,0.000000,-0.270000,0.520000,-0.300000,0.000000,0.000000,0.000000,-0.270000,0.520000,-0.300000,0.000000,-1.358709,0.050000,-1.045944,-1.419038,-0.082297,0.472712,0.000000,-1.655052,-0.545139,0.311561,-1.162489,0.171726,-0.255217,0.000000
0.000000,0.000000,-0.270000,0.520000,-0.300000,0.000000,0.000000,0.000000,-0.270000,0.520000,-0.300000,0.000000,-1.409646,0.050000,-1.109112,-1.449195,-0.095391,0.479882,0.000000,-1.696698,-0.617449,0.308070,-1.252679,0.180452,-0.272926,0.000000
0.000000,0.000000,-0.270000,0.520000,-0.300000,0.000000,0.000000,0.000000,-0.270000,0.520000,-0.300000,0.000000,-1.424420,0.050000,-1.138850,-1.481382,-0.096006,0.481480,0.000000,-1.732899,-0.666262,0.303685,-1.321470,0.186115,-0.288833,0.000000
0.000000,0.000000,-0.270000,0.520000,-0.300000,0.000000,0.000000,0.000000,-0.270000,0.520000,-0.300000,0.000000,-1.425719,0.050000,-1.160255,-1.512596,-0.091212,0.479757,0.000000,-1.771014,-0.709325,0.300333,-1.388202,0.191579,-0.303943,0.000000
0.000000,0.000000,-0.270000,0.520000,-0.300000,0.000000,0.000000,0.000000,-0.270000,0.520000,-0.300000,0.000000,-1.434476,0.050000,-1.178670,-1.531222,-0.090123,0.477635,0.000000,-1.798970,-0.746750,0.304592,-1.447310,0.196073,-0.316571,0.000000
0.000000,0.000000,-0.270000,0.520000,-0.300000,0.000000,0.000000,0.000000,-0.270000,0.520000,-0.300000,0.000000,-1.448904,0.050000,-1.194359,-1.537456,-0.092135,0.475085,0.000000,-1.800000,-0.769705,0.318437,-1.489234,0.197619,-0.325067,0.000000
0.000000,0.000000,-0.270000,0.520000,-0.300000,0.000000,0.000000,0.000000,-0.270000,0.520000,-0.300000,0.000000,-1.457470,0.050000,-1.204451,-1.536456,-0.093294,0.473360,0.000000,-1.800000,-0.770500,0.335143,-1.513150,0.194077,-0.329334,0.000000
0.000000,0.000000,-0.270000,0.520000,-0.300000,0.000000,0.000000,0.000000,-0.270000,0.520000,-0.300000,0.000000,-1.458443,0.050000,-1.207196,-1.529673,-0.094012,0.473234,0.000000,-1.785194,-0.760320,0.348338,-1.523117,0.188629,-0.331152,0.000000
0.000000,0.000000,-0.270000,0.520000,-0.300000,0.000000,0.000000,0.000000,-0.270000,0.520000,-0.300000,0.000000,-1.453327,0.050000,-1.203895,-1.518854,-0.094730,0.474003,0.000000,-1.764606,-0.748338,0.355584,-1.521937,0.183552,-0.332189,0.000000
0.000000,0.000000,-0.270000,0.520000,-0.300000,0.000000,0.000000,0.000000,-0.270000,0.520000,-0.300000,0.000000,-1.441313,0.050000,-1.196090,-1.503249,-0.094669,0.475183,0.000000,-1.737771,-0.731445,0.357032,-1.509329,0.177020,-0.333258,0.000000
0.000000,0.000000,-0.270000,0.520000,-0.300000,0.000000,0.000000,0.000000,-0.270000,0.520000,-0.300000,0.000000,-1.424182,0.050000,-1.187108,-1.477729,-0.095185,0.476999,0.000000,-1.701167,-0.709133,0.353938,-1.483272,0.168850,-0.333661,0.000000
0.000000,0.000000,-0.270000,0.520000,-0.300000,0.000000,0.000000,0.000000,-0.270000,0.520000,-0.300000,0.000000,-1.410641,0.050000,-1.178361,-1.438572,-0.099372,0.481207,0.000000,-1.654646,-0.682515,0.350587,-1.446097,0.159954,-0.332269,0.000000
0.000000,0.000000,-0.270000,0.520000,-0.300000,0.000000,0.000000,0.000000,-0.270000,0.520000,-0.300000,0.000000,-1.394452,0.050000,-1.165530,-1.403577,-0.102600,0.486591,0.000000,-1.608996,-0.660898,0.355805,-1.412212,0.153864,-0.327948,0.000000
0.000000,0.000000,-0.270000,0.520000,-0.300000,0.000000,0.000000,0.000000,-0.270000,0.520000,-0.300000,0.000000,-1.360983,0.050000,-1.136098,-1.367375,-0.101406,0.493367,0.000000,-1.552498,-0.639774,0.374795,-1.374052,0.149454,-0.319234,0.000000
0.000000,0.000000,-0.270000,0.520000,-0.300000,0.000000,0.000000,0.000000,-0.270000,0.520000,-0.300000,0.000000,-1.313082,0.050000,-1.092718,-1.339075,-0.094153,0.499200,0.000000,-1.496439,-0.621071,0.403184,-1.338941,0.147198,-0.307748,0.000000
0.000000,0.000000,-0.270000,0.520000,-0.300000,0.000000,0.000000,0.000000,-0.270000,0.520000,-0.300000,0.000000,-1.258593,0.050000,-1.038776,-1.313850,-0.084111,0.500000,0.000000,-1.444690,-0.601773,0.437841,-1.309735,0.146165,-0.294344,0.000000
0.000000,0.000000,-0.270000,0.520000,-0.300000,0.000000,0.000000,0.000000,-0.270000,0.520000,-0.300000,0.000000,-1.200601,0.050000,-0.973547,-1.286931,-0.074081,0.500000,0.000000,-1.391709,-0.576928,0.476955,-1.283693,0.145125,-0.279293,0.000000
0.000000,0.000000,-0.270000,0.520000,-0.300000,0.000000,0.000000,0.000000,-0.270000,0.520000,-0.300000,0.000000,-1.159717,0.050000,-0.913004,-1.267004,-0.067615,0.500000,0.000000,-1.355583,-0.551524,0.510529,-1.272792,0.144218,-0.267453,0.000000
0.000000,0.000000,-0.270000,0.520000,-0.300000,0.000000,0.000000,0.000000,-0.270000,0.520000,-0.300000,0.000000,-1.116213,0.050000,-0.814773,-1.244737,-0.060535,0.500000,0.000000,-1.321336,-0.508257,0.560835,-1.270016,0.144523,-0.251280,0.000000
0.000000,0.000000,-0.270000,0.520000,-0.300000,0.000000,0.000000,0.000000,-0.270000,0.520000,-0.300000,0.000000,-1.084985,0.076537,-0.708111,-1.224469,-0.059460,0.500000,0.000000,-1.298362,-0.447128,0.614739,-1.275860,0.145292,-0.233644,0.000000
0.000000,0.000000,-0.270000,0.520000,-0.300000,0.000000,0.000000,0.000000,-0.270000,0.520000,-0.300000,0.000000,-1.067370,0.176835,-0.606000,-1.213264,-0.063206,0.500000,0.000000,-1.289927,-0.376037,0.669847,-1.284033,0.147768,-0.216164,0.000000
0.000000,0.000000,-0.270000,0.520000,-0.300000,0.000000,0.000000,0.000000,-0.270000,0.520000,-0.300000,0.000000,-1.052250,0.272134,-0.517637,-1.207181,-0.066966,0.500000,0.000000,-1.293738,-0.310949,0.727818,-1.292700,0.153442,-0.201121,0.000000
0.000000,0.000000,-0.270000,0.520000,-0.300000,0.000000,0.000000,0.000000,-0.270000,0.520000,-0.300000,0.000000,-1.037810,0.352875,-0.439312,-1.204217,-0.068514,0.500000,0.000000,-1.305390,-0.252002,0.788581,-1.304352,0.160488,-0.189428,0.000000
0.000000,0.000000,-0.270000,0.520000,-0.300000,0.000000,0.000000,0.000000,-0.270000,0.520000,-0.300000,0.000000,-1.029903,0.420922,-0.363853,-1.209457,-0.068268,0.500000,0.000000,-1.321688,-0.193111,0.850680,-1.318685,0.166523,-0.180270,0.000000
0.000000,0.000000,-0.270000,0.520000,-0.300000,0.000000,0.000000,0.000000,-0.270000,0.520000,-0.300000,0.000000,-1.027850,0.483725,-0.291086,-1.222206,-0.068397,0.500000,0.000000,-1.335379,-0.125207,0.904179,-1.335589,0.166602,-0.173741,0.000000
0.000000,0.000000,-0.270000,0.520000,-0.300000,0.000000,0.000000,0.000000,-0.270000,0.520000,-0.300000,0.000000,-1.030094,0.552488,-0.223875,-1.243159,-0.071839,0.500000,0.000000,-1.351325,-0.059237,0.954138,-1.353548,0.163500,-0.169002,0.000000
0.000000,0.000000,-0.270000,0.520000,-0.300000,0.000000,0.000000,0.000000,-0.270000,0.520000,-0.300000,0.000000,-1.033193,0.620085,-0.161712,-1.272568,-0.076536,0.500000,0.000000,-1.381225,-0.050000,1.005670,-1.372161,0.164854,-0.165354,0.000000
0.000000,0.000000,-0.270000,0.520000,-0.300000,0.000000,0.000000,0.000000,-0.270000,0.520000,-0.300000,0.000000,-1.043870,0.676437,-0.109279,-1.309352,-0.080811,0.500000,0.000000,-1.417889,-0.050000,1.045040,-1.393803,0.168718,-0.163768,0.000000
0.000000,0.000000,-0.270000,0.520000,-0.300000,0.000000,0.000000,0.000000,-0.270000,0.520000,-0.300000,0.000000,-1.071575,0.761248,-0.044102,-1.364266,-0.088975,0.500000,0.000000,-1.464219,-0.050000,1.076712,-1.426417,0.172478,-0.165948,0.000000
0.000000,0.000000,-0.270000,0.520000,-0.300000,0.000000,0.000000,0.000000,-0.270000,0.520000,-0.300000,0.000000,-1.097462,0.850407,0.011367,-1.433550,-0.098392,0.500000,0.000000,-1.506965,-0.050000,1.092126,-1.454007,0.176526,-0.172955,0.000000
0.000000,0.000000,-0.270000,0.520000,-0.300000,0.000000,0.000000,0.000000,-0.270000,0.520000,-0.300000,0.000000,-1.126219,0.938390,0.057838,-1.503335,-0.110130,0.500000,0.000000,-1.545241,-0.050000,1.094179,-1.489823,0.179024,-0.178932,0.000000
0.000000,0.000000,-0.270000,0.520000,-0.300000,0.000000,0.000000,0.000000,-0.270000,0.520000,-0.300000,0.000000,-1.154511,1.015644,0.087869,-1.578149,-0.118981,0.500000,0.000000,-1.584019,-0.050000,1.080900,-1.534568,0.181668,-0.185471,0.000000
0.000000,0.000000,-0.270000,0.520000,-0.300000,0.000000,0.000000,0.000000,-0.270000,0.520000,-0.300000,0.000000,-1.177018,1.071578,0.102405,-1.643599,-0.122824,0.500000,0.000000,-1.622386,-0.050000,1.062037,-1.577492,0.186611,-0.193618,0.000000
0.000000,0.000000,-0.270000,0.520000,-0.300000,0.000000,0.000000,0.000000,-0.270000,0.520000,-0.300000,0.000000,-1.190184,1.125481,0.103367,-1.691528,-0.127879,0.500000,0.000000,-1.644786,-0.050000,1.047086,-1.620227,0.185349,-0.200330,0.000000
0.000000,0.000000,-0.270000,0.520000,-0.300000,0.000000,0.000000,0.000000,-0.270000,0.520000,-0.300000,0.000000,-1.194071,1.168388,0.099895,-1.720708,-0.131675,0.500000,0.000000,-1.654371,-0.050000,1.039591,-1.649020,0.181696,-0.203833,0.000000
0.000000,0.000000,-0.270000,0.520000,-0.300000,0.000000,0.000000,0.000000,-0.270000,0.520000,-0.300000,0.000000,-1.186223,1.182951,0.091802,-1.725551,-0.131515,0.500000,0.000000,-1.652888,-0.050000,1.040099,-1.651930,0.179301,-0.203631,0.000000
0.000000,0.000000,-0.270000,0.520000,-0.300000,0.000000,0.000000,0.000000,-0.270000,0.520000,-0.300000,0.000000,-1.171310,1.183675,0.081757,-1.717996,-0.127829,0.500000,0.000000,-1.642562,-0.050000,1.043641,-1.637404,0.176670,-0.201595,0.000000
0.000000,0.000000,-0.270000,0.520000,-0.300000,0.000000,0.000000,0.000000,-0.270000,0.520000,-0.300000,0.000000,-1.150243,1.167180,0.074275,-1.693705,-0.120873,0.500000,0.000000,-1.619953,-0.050000,1.047340,-1.604637,0.173569,-0.198474,0.000000
0.000000,0.000000,-0.270000,0.520000,-0.300000,0.000000,0.000000,0.000000,-0.270000,0.520000,-0.300000,0.000000,-1.127231,1.134485,0.074085,-1.655541,-0.111408,0.500000,0.000000,-1.585570,-0.050000,1.048384,-1.559061,0.169581,-0.195089,0.000000
0.000000,0.000000,-0.270000,0.520000,-0.300000,0.000000,0.000000,0.000000,-0.270000,0.520000,-0.300000,0.000000,-1.101779,1.087361,0.080933,-1.607035,-0.100052,0.500000,0.000000,-1.540913,-0.050000,1.045046,-1.505692,0.164575,-0.191752,0.000000
0.000000,0.000000,-0.270000,0.520000,-0.300000,0.000000,0.000000,0.000000,-0.270000,0.520000,-0.300000,0.000000,-1.074036,1.032942,0.092403,-1.553258,-0.088392,0.500000,0.000000,-1.493084,-0.050000,1.037668,-1.450359,0.159699,-0.188355,0.000000
0.000000,0.000000,-0.270000,0.520000,-0.300000,0.000000,0.000000,0.000000,-0.270000,0.520000,-0.300000,0.000000,-1.043692,0.979049,0.108198,-1.493879,-0.077710,0.500000,0.000000,-1.444634,-0.050000,1.029066,-1.394763,0.154938,-0.184460,0.000000
0.000000,0.000000,-0.270000,0.520000,-0.300000,0.000000,0.000000,0.000000,-0.270000,0.520000,-0.300000,0.000000,-1.005172,0.913008,0.133543,-1.420403,-0.065392,0.500000,0.000000,-1.385787,-0.050000,1.018555,-1.328140,0.149707,-0.178833,0.000000
0.000000,0.000000,-0.270000,0.520000,-0.300000,0.000000,0.000000,0.000000,-0.270000,0.520000,-0.300000,0.000000,-0.966122,0.852280,0.161161,-1.352928,-0.055007,0.500000,0.000000,-1.332997,-0.050000,1.010732,-1.265561,0.146718,-0.172624,0.000000
0.000000,0.000000,-0.270000,0.520000,-0.300000,0.000000,0.000000,0.000000,-0.270000,0.520000,-0.300000,0.000000,-0.935901,0.808814,0.178822,-1.305750,-0.048249,0.500000,0.000000,-1.302562,-0.050000,1.010597,-1.218310,0.147846,-0.167414,0.000000
0.000000,0.000000,-0.270000,0.520000,-0.300000,0.000000,0.000000,0.000000,-0.270000,0.520000,-0.300000,0.000000,-0.912513,0.779846,0.188520,-1.271783,-0.044426,0.500000,0.000000,-1.285654,-0.050000,1.014687,-1.182098,0.150479,-0.162931,0.000000
0.000000,0.000000,-0.270000,0.520000,-0.300000,0.000000,0.000000,0.000000,-0.270000,0.520000,-0.300000,0.000000,-0.890365,0.751346,0.196240,-1.241300,-0.041143,0.500000,0.000000,-1.271041,-0.050000,1.020276,-1.145309,0.153496,-0.157665,0.000000
0.000000,0.000000,-0.270000,0.520000,-0.300000,0.000000,0.000000,0.000000,-0.270000,0.520000,-0.300000,0.000000,-0.874951,0.732340,0.202660,-1.221893,-0.039549,0.500000,0.000000,-1.260662,-0.050000,1.024581,-1.117061,0.156069,-0.153179,0.000000
0.000000,0.000000,-0.270000,0.520000,-0.300000,0.000000,0.000000,0.000000,-0.270000,0.520000,-0.300000,0.000000,-0.867726,0.722321,0.207822,-1.214316,-0.039346,0.500000,0.000000,-1.255310,-0.050000,1.026841,-1.098792,0.158146,-0.149915,0.000000
0.000000,0.000000,-0.270000,0.520000,-0.300000,0.000000,0.000000,0.000000,-0.270000,0.520000,-0.300000,0.000000,-0.865179,0.719688,0.212955,-1.214906,-0.040496,0.500000,0.000000,-1.254258,-0.050000,1.028538,-1.087167,0.160695,-0.147442,0.000000
0.000000,0.000000,-0.270000,0.520000,-0.300000,0.000000,0.000000,0.000000,-0.270000,0.520000,-0.300000,0.000000,-0.871506,0.724297,0.220101,-1.227206,-0.043487,0.500000,0.000000,-1.264080,-0.050000,1.031604,-1.084308,0.165172,-0.145652,0.000000
0.000000,0.000000,-0.270000,0.520000,-0.300000,0.000000,0.000000,0.000000,-0.270000,0.520000,-0.300000,0.000000,-0.896280,0.752839,0.228490,-1.278493,-0.054477,0.500000,0.000000,-1.311360,-0.050000,1.037348,-1.093106,0.178751,-0.142670,0.000000
0.000000,0.000000,-0.270000,0.520000,-0.300000,0.000000,0.000000,0.000000,-0.270000,0.520000,-0.300000,0.000000,-0.913066,0.801172,0.231607,-1.331339,-0.068509,0.500000,0.000000,-1.363782,-0.050000,1.033630,-1.108213,0.191156,-0.141204,0.000000
0.000000,0.000000,-0.270000,0.520000,-0.300000,0.000000,0.000000,0.000000,-0.270000,0.520000,-0.300000,0.000000,-0.928639,0.849519,0.227253,-1.384772,-0.079461,0.500000,0.000000,-1.414135,-0.050000,1.026996,-1.137167,0.199476,-0.141831,0.000000
0.000000,0.000000,-0.270000,0.520000,-0.300000,0.000000,0.000000,0.000000,-0.270000,0.520000,-0.300000,0.000000,-0.946864,0.902122,0.218210,-1.445065,-0.088651,0.500000,0.000000,-1.469211,-0.050000,1.021168,-1.180209,0.206319,-0.144266,0.000000
0.000000,0.000000,-0.270000,0.520000,-0.300000,0.000000,0.000000,0.000000,-0.270000,0.520000,-0.300000,0.000000,-0.969191,0.952979,0.208120,-1.511234,-0.095124,0.500000,0.000000,-1.522497,-0.050000,1.014070,-1.243126,0.209364,-0.148402,0.000000
0.000000,0.000000,-0.270000,0.520000,-0.300000,0.000000,0.000000,0.000000,-0.270000,0.520000,-0.300000,0.000000,-0.994115,1.010579,0.199365,-1.584046,-0.101513,0.500000,0.000000,-1.567920,-0.050000,1.007620,-1.331955,0.205995,-0.153640,0.000000
0.000000,0.000000,-0.270000,0.520000,-0.300000,0.000000,0.000000,0.000000,-0.270000,0.520000,-0.300000,0.000000,-1.014184,1.071640,0.189414,-1.660778,-0.107464,0.500000,0.000000,-1.604377,-0.050000,1.003517,-1.428998,0.199616,-0.159582,0.000000
0.000000,0.000000,-0.270000,0.520000,-0.300000,0.000000,0.000000,0.000000,-0.270000,0.520000,-0.300000,0.000000,-1.030114,1.124196,0.181647,-1.731295,-0.111592,0.500000,0.000000,-1.634847,-0.050000,0.999355,-1.516408,0.194192,-0.166120,0.000000
0.000000,0.000000,-0.270000,0.520000,-0.300000,0.000000,0.000000,0.000000,-0.270000,0.520000,-0.300000,0.000000,-1.039534,1.159678,0.176142,-1.782206,-0.113913,0.500000,0.000000,-1.660803,-0.050000,0.994781,-1.578634,0.192695,-0.172808,0.000000
0.000000,0.000000,-0.270000,0.520000,-0.300000,0.000000,0.000000,0.000000,-0.270000,0.520000,-0.300000,0.000000,-1.042571,1.181926,0.172266,-1.800000,-0.116330,0.500000,0.000000,-1.680953,-0.050000,0.990251,-1.612274,0.194064,-0.177571,0.000000
0.000000,0.000000,-0.270000,0.520000,-0.300000,0.000000,0.000000,0.000000,-0.270000,0.520000,-0.300000,0.000000,-1.046760,1.201028,0.169910,-1.800000,-0.119023,0.500000,0.000000,-1.697916,-0.050000,0.983699,-1.636592,0.194903,-0.181544,0.000000
0.000000,0.000000,-0.270000,0.520000,-0.300000,0.000000,0.000000,0.000000,-0.270000,0.520000,-0.300000,0.000000,-1.051022,1.207716,0.169626,-1.800000,-0.119746,0.500000,0.000000,-1.704832,-0.050000,0.980025,-1.645468,0.194373,-0.183205,0.000000
0.000000,0.000000,-0.270000,0.520000,-0.300000,0.000000,0.000000,0.000000,-0.270000,0.520000,-0.300000,0.000000,-1.054247,1.201958,0.171588,-1.800000,-0.118323,0.500000,0.000000,-1.703990,-0.050000,0.980775,-1.640930,0.193172,-0.182769,0.000000
0.000000,0.000000,-0.270000,0.520000,-0.300000,0.000000,0.000000,0.000000,-0.270000,0.520000,-0.300000,0.000000,-1.055848,1.185327,0.174723,-1.800000,-0.114959,0.500000,0.000000,-1.695519,-0.050000,0.984138,-1.625457,0.190732,-0.181118,0.000000
0.000000,0.000000,-0.270000,0.520000,-0.300000,0.000000,0.000000,0.000000,-0.270000,0.520000,-0.300000,0.000000,-1.053235,1.156813,0.177771,-1.800000,-0.109597,0.500000,0.000000,-1.675870,-0.050000,0.990072,-1.596592,0.187157,-0.178225,0.000000
0.000000,0.000000,-0.270000,0.520000,-0.300000,0.000000,0.000000,0.000000,-0.270000,0.520000,-0.300000,0.000000,-1.042399,1.106040,0.181069,-1.774284,-0.100567,0.500000,0.000000,-1.637520,-0.050000,1.000692,-1.545959,0.181345,-0.173124,0.000000
0.000000,0.000000,-0.270000,0.520000,-0.300000,0.000000,0.000000,0.000000,-0.270000,0.520000,-0.300000,0.000000,-1.023784,1.048447,0.181605,-1.728824,-0.091041,0.500000,0.000000,-1.594530,-0.050000,1.010724,-1.489175,0.176334,-0.168037,0.000000
0.000000,0.000000,-0.270000,0.520000,-0.300000,0.000000,0.000000,0.000000,-0.270000,0.520000,-0.300000,0.000000,-1.001198,0.985802,0.179636,-1.679595,-0.081132,0.500000,0.000000,-1.549754,-0.050000,1.015319,-1.428350,0.172607,-0.164404,0.000000
0.000000,0.000000,-0.270000,0.520000,-0.300000,0.000000,0.000000,0.000000,-0.270000,0.520000,-0.300000,0.000000,-0.975062,0.915420,0.171756,-1.631816,-0.070022,0.500000,0.000000,-1.505145,-0.050000,1.011106,-1.366502,0.170693,-0.163460,0.000000
0.000000,0.000000,-0.270000,0.520000,-0.300000,0.000000,0.000000,0.000000,-0.270000,0.520000,-0.300000,0.000000,-0.949546,0.844369,0.157928,-1.585637,-0.059095,0.500000,0.000000,-1.460560,-0.050000,0.993562,-1.307923,0.167676,-0.165037,0.000000
0.000000,0.000000,-0.270000,0.520000,-0.300000,0.000000,0.000000,0.000000,-0.270000,0.520000,-0.300000,0.000000,-0.926615,0.774650,0.140413,-1.541670,-0.048573,0.500000,0.000000,-1.415908,-0.050000,0.965673,-1.252341,0.162940,-0.168503,0.000000
0.000000,0.000000,-0.270000,0.520000,-0.300000,0.000000,0.000000,0.000000,-0.270000,0.520000,-0.300000,0.000000,-0.907565,0.704641,0.114003,-1.504863,-0.038333,0.500000,0.000000,-1.374832,-0.050000,0.925904,-1.199773,0.157589,-0.174749,0.000000
0.000000,0.000000,-0.270000,0.520000,-0.300000,0.000000,0.000000,0.000000,-0.270000,0.520000,-0.300000,0.000000,-0.892357,0.635610,0.079310,-1.473135,-0.028810,0.500000,0.000000,-1.340814,-0.050000,0.877848,-1.151421,0.152381,-0.182483,0.000000
0.000000,0.000000,-0.270000,0.520000,-0.300000,0.000000,0.000000,0.000000,-0.270000,0.520000,-0.300000,0.000000,-0.878085,0.568285,0.033874,-1.445092,-0.020552,0.500000,0.000000,-1.317934,-0.050000,0.827836,-1.106520,0.149976,-0.191505,0.000000
0.000000,0.000000,-0.270000,0.520000,-0.300000,0.000000,0.000000,0.000000,-0.270000,0.520000,-0.300000,0.000000,-0.869266,0.503341,-0.020284,-1.423995,-0.014075,0.500000,0.000000,-1.306029,-0.050000,0.775672,-1.066739,0.150139,-0.201944,0.000000
0.000000,0.000000,-0.270000,0.520000,-0.300000,0.000000,0.000000,0.000000,-0.270000,0.520000,-0.300000,0.000000,-0.870541,0.420907,-0.107467,-1.413003,-0.009350,0.500000,0.000000,-1.299453,-0.050000,0.700133,-1.026654,0.151289,-0.216683,0.000000
0.000000,0.000000,-0.270000,0.520000,-0.300000,0.000000,0.000000,0.000000,-0.270000,0.520000,-0.300000,0.000000,-0.885060,0.331981,-0.224777,-1.409996,-0.009901,0.500000,0.000000,-1.304748,-0.065400,0.611631,-0.997080,0.154088,-0.231724,0.000000
0.000000,0.000000,-0.270000,0.520000,-0.300000,0.000000,0.000000,0.000000,-0.270000,0.520000,-0.300000,0.000000,-0.906072,0.258911,-0.338808,-1.406938,-0.015178,0.500000,0.000000,-1.318317,-0.128572,0.539499,-0.983481,0.158960,-0.242106,0.000000
0.000000,0.000000,-0.270000,0.520000,-0.300000,0.000000,0.000000,0.000000,-0.270000,0.520000,-0.300000,0.000000,-0.930282,0.197483,-0.453432,-1.402668,-0.023593,0.500000,0.000000,-1.337933,-0.196234,0.472446,-0.982523,0.164259,-0.252668,0.000000
0.000000,0.000000,-0.270000,0.520000,-0.300000,0.000000,0.000000,0.000000,-0.270000,0.520000,-0.300000,0.000000,-0.956945,0.148486,-0.574360,-1.399728,-0.033496,0.490970,0.000000,-1.363795,-0.266841,0.404545,-0.992839,0.169383,-0.264794,0.000000
0.000000,0.000000,-0.270000,0.520000,-0.300000,0.000000,0.000000,0.000000,-0.270000,0.520000,-0.300000,0.000000,-0.992028,0.111113,-0.693949,-1.404234,-0.043758,0.467729,0.000000,-1.393611,-0.340088,0.345845,-1.014066,0.176277,-0.276670,0.000000
0.000000,0.000000,-0.270000,0.520000,-0.300000,0.000000,0.000000,0.000000,-0.270000,0.520000,-0.300000,0.000000,-1.035660,0.081369,-0.811733,-1.418905,-0.053695,0.449248,0.000000,-1.426701,-0.411121,0.302427,-1.050420,0.184842,-0.288073,0.000000
0.000000,0.000000,-0.270000,0.520000,-0.300000,0.000000,0.000000,0.000000,-0.270000,0.520000,-0.300000,0.000000,-1.088463,0.054289,-0.926711,-1.443294,-0.063382,0.435462,0.000000,-1.460383,-0.478400,0.273401,-1.103068,0.193127,-0.298691,0.000000
0.000000,0.000000,-0.270000,0.520000,-0.300000,0.000000,0.000000,0.000000,-0.270000,0.520000,-0.300000,0.000000,-1.146447,0.050000,-1.029487,-1.477267,-0.071225,0.427807,0.000000,-1.497284,-0.543356,0.256657,-1.173520,0.200375,-0.311487,0.000000
0.000000,0.000000,-0.270000,0.520000,-0.300000,0.000000,0.000000,0.000000,-0.270000,0.520000,-0.300000,0.000000,-1.213796,0.050000,-1.120890,-1.514306,-0.080430,0.430628,0.000000,-1.540693,-0.609128,0.245126,-1.262213,0.207454,-0.327918,0.000000
0.000000,0.000000,-0.270000,0.520000,-0.300000,0.000000,0.000000,0.000000,-0.270000,0.520000,-0.300000,0.000000,-1.308703,0.050000,-1.198394,-1.532493,-0.104107,0.451268,0.000000,-1.578251,-0.666919,0.239564,-1.352359,0.213064,-0.342996,0.000000
0.000000,0.000000,-0.270000,0.520000,-0.300000,0.000000,0.000000,0.000000,-0.270000,0.520000,-0.300000,0.000000,-1.381258,0.050000,-1.232851,-1.560882,-0.121687,0.471423,0.000000,-1.618707,-0.709742,0.244067,-1.438389,0.218939,-0.353177,0.000000
0.000000,0.000000,-0.270000,0.520000,-0.300000,0.000000,0.000000,0.000000,-0.270000,0.520000,-0.300000,0.000000,-1.430500,0.050000,-1.245065,-1.596871,-0.130882,0.489654,0.000000,-1.664793,-0.758971,0.257269,-1.534675,0.227200,-0.364501,0.000000
0.000000,0.000000,-0.270000,0.520000,-0.300000,0.000000,0.000000,0.000000,-0.270000,0.520000,-0.300000,0.000000,-1.438051,0.050000,-1.245942,-1.631431,-0.126287,0.497944,0.000000,-1.701822,-0.799224,0.269375,-1.611263,0.234192,-0.375277,0.000000
0.000000,0.000000,-0.270000,0.520000,-0.300000,0.000000,0.000000,0.000000,-0.270000,0.520000,-0.300000,0.000000,-1.415661,0.050000,-1.248805,-1.656629,-0.112680,0.497620,0.000000,-1.720586,-0.814161,0.277375,-1.655142,0.235914,-0.381932,0.000000
0.000000,0.000000,-0.270000,0.520000,-0.300000,0.000000,0.000000,0.000000,-0.270000,0.520000,-0.300000,0.000000,-1.401429,0.050000,-1.254920,-1.664898,-0.104414,0.496013,0.000000,-1.721258,-0.813464,0.283852,-1.673516,0.233697,-0.385093,0.000000
0.000000,0.000000,-0.270000,0.520000,-0.300000,0.000000,0.000000,0.000000,-0.270000,0.520000,-0.300000,0.000000,-1.390151,0.050000,-1.261105,-1.661233,-0.099695,0.494214,0.000000,-1.703387,-0.802866,0.289805,-1.668318,0.228142,-0.385614,0.000000
0.000000,0.000000,-0.270000,0.520000,-0.300000,0.000000,0.000000,0.000000,-0.270000,0.520000,-0.300000,0.000000,-1.371368,0.050000,-1.264156,-1.647482,-0.095114,0.492785,0.000000,-1.667504,-0.783923,0.294983,-1.640857,0.219296,-0.383874,0.000000
0.000000,0.000000,-0.270000,0.520000,-0.300000,0.000000,0.000000,0.000000,-0.270000,0.520000,-0.300000,0.000000,-1.341765,0.050000,-1.261535,-1.625050,-0.089625,0.492044,0.000000,-1.618529,-0.759298,0.297757,-1.595405,0.208394,-0.380262,0.000000
0.000000,0.000000,-0.270000,0.520000,-0.300000,0.000000,0.000000,0.000000,-0.270000,0.520000,-0.300000,0.000000,-1.303426,0.050000,-1.251980,-1.597632,-0.083261,0.492110,0.000000,-1.566742,-0.733710,0.297058,-1.542703,0.197811,-0.375711,0.000000
0.000000,0.000000,-0.270000,0.520000,-0.300000,0.000000,0.000000,0.000000,-0.270000,0.520000,-0.300000,0.000000,-1.259207,0.050000,-1.235844,-1.567434,-0.076360,0.492867,0.000000,-1.513520,-0.709742,0.296232,-1.486784,0.188520,-0.370129,0.000000
0.000000,0.000000,-0.270000,0.520000,-0.300000,0.000000,0.000000,0.000000,-0.270000,0.520000,-0.300000,0.000000,-1.205690,0.050000,-1.211374,-1.531603,-0.068129,0.493253,0.000000,-1.455642,-0.686473,0.295865,-1.422491,0.180207,-0.362790,0.000000
0.000000,0.000000,-0.270000,0.520000,-0.300000,0.000000,0.000000,0.000000,-0.270000,0.520000,-0.300000,0.000000,-1.148772,0.050000,-1.181459,-1.489655,-0.060794,0.493043,0.000000,-1.396479,-0.655464,0.289515,-1.353749,0.170580,-0.354241,0.000000
0.000000,0.000000,-0.270000,0.520000,-0.300000,0.000000,0.000000,0.000000,-0.270000,0.520000,-0.300000,0.000000,-1.102283,0.050000,-1.151651,-1.452993,-0.056006,0.492812,0.000000,-1.348984,-0.626066,0.286000,-1.301862,0.162969,-0.345319,0.000000
0.000000,0.000000,-0.270000,0.520000,-0.300000,0.000000,0.000000,0.000000,-0.270000,0.520000,-0.300000,0.000000,-1.053215,0.050000,-1.115409,-1.417537,-0.050843,0.492992,0.000000,-1.301032,-0.596305,0.291023,-1.256614,0.156971,-0.334228,0.000000
0.000000,0.000000,-0.270000,0.520000,-0.300000,0.000000,0.000000,0.000000,-0.270000,0.520000,-0.300000,0.000000,-1.007060,0.050000,-1.074153,-1.381892,-0.046751,0.494322,0.000000,-1.253956,-0.564171,0.305749,-1.219102,0.152282,-0.321021,0.000000
0.000000,0.000000,-0.270000,0.520000,-0.300000,0.000000,0.000000,0.000000,-0.270000,0.520000,-0.300000,0.000000,-0.965746,0.050000,-1.022862,-1.349131,-0.043395,0.497689,0.000000,-1.210468,-0.528034,0.332040,-1.192452,0.148864,-0.305718,0.000000
0.000000,0.000000,-0.270000,0.520000,-0.300000,0.000000,0.000000,0.000000,-0.270000,0.520000,-0.300000,0.000000,-0.925969,0.050000,-0.948941,-1.322182,-0.038938,0.500000,0.000000,-1.171943,-0.481085,0.374088,-1.178709,0.146537,-0.286847,0.000000
0.000000,0.000000,-0.270000,0.520000,-0.300000,0.000000,0.000000,0.000000,-0.270000,0.520000,-0.300000,0.000000,-0.892563,0.050000,-0.835602,-1.296808,-0.035918,0.500000,0.000000,-1.143318,-0.414758,0.444793,-1.181304,0.148317,-0.261127,0.000000
0.000000,0.000000,-0.270000,0.520000,-0.300000,0.000000,0.000000,0.000000,-0.270000,0.520000,-0.300000,0.000000,-0.878654,0.050000,-0.722099,-1.279923,-0.038497,0.500000,0.000000,-1.138941,-0.350887,0.525227,-1.198446,0.156389,-0.237815,0.000000
0.000000,0.000000,-0.270000,0.520000,-0.300000,0.000000,0.000000,0.000000,-0.270000,0.520000,-0.300000,0.000000,-0.879218,0.123919,-0.624946,-1.266030,-0.047186,0.500000,0.000000,-1.150795,-0.293052,0.605715,-1.219777,0.167296,-0.219702,0.000000
0.000000,0.000000,-0.270000,0.520000,-0.300000,0.000000,0.000000,0.000000,-0.270000,0.520000,-0.300000,0.000000,-0.885776,0.203079,-0.541405,-1.263574,-0.053675,0.500000,0.000000,-1.170809,-0.243549,0.679629,-1.242664,0.177316,-0.207427,0.000000
0.000000,0.000000,-0.270000,0.520000,-0.300000,0.000000,0.000000,0.000000,-0.270000,0.520000,-0.300000,0.000000,-0.893266,0.272782,-0.465070,-1.268502,-0.057901,0.500000,0.000000,-1.194576,-0.199111,0.746081,-1.266663,0.185322,-0.198556,0.000000
0.000000,0.000000,-0.270000,0.520000,-0.300000,0.000000,0.000000,0.000000,-0.270000,0.520000,-0.300000,0.000000,-0.903572,0.366285,-0.367773,-1.282638,-0.062777,0.500000,0.000000,-1.229747,-0.136414,0.822489,-1.297395,0.190482,-0.189708,0.000000
0.000000,0.000000,-0.270000,0.520000,-0.300000,0.000000,0.000000,0.000000,-0.270000,0.520000,-0.300000,0.000000,-0.907541,0.455475,-0.278685,-1.295935,-0.066668,0.500000,0.000000,-1.266739,-0.077533,0.886173,-1.322189,0.193032,-0.185462,0.000000
0.000000,0.000000,-0.270000,0.520000,-0.300000,0.000000,0.000000,0.000000,-0.270000,0.520000,-0.300000,0.000000,-0.912534,0.540595,-0.195145,-1.310382,-0.070386,0.500000,0.000000,-1.310707,-0.050000,0.943385,-1.350415,0.196443,-0.183942,0.000000
0.000000,0.000000,-0.270000,0.520000,-0.300000,0.000000,0.000000,0.000000,-0.270000,0.520000,-0.300000,0.000000,-0.926198,0.621530,-0.114178,-1.334089,-0.073279,0.500000,0.000000,-1.358509,-0.050000,0.985640,-1.383847,0.199388,-0.185490,0.000000
0.000000,0.000000,-0.270000,0.520000,-0.300000,0.000000,0.000000,0.000000,-0.270000,0.520000,-0.300000,0.000000,-0.948300,0.700582,-0.032809,-1.369213,-0.076071,0.500000,0.000000,-1.411675,-0.050000,1.028037,-1.417956,0.204635,-0.186215,0.000000
0.000000,0.000000,-0.270000,0.520000,-0.300000,0.000000,0.000000,0.000000,-0.270000,0.520000,-0.300000,0.000000,-0.972279,0.777423,0.041416,-1.410143,-0.081221,0.500000,0.000000,-1.470117,-0.050000,1.064222,-1.454293,0.212116,-0.187024,0.000000
0.000000,0.000000,-0.270000,0.520000,-0.300000,0.000000,0.000000,0.000000,-0.270000,0.520000,-0.300000,0.000000,-0.999574,0.847720,0.105694,-1.455331,-0.088613,0.500000,0.000000,-1.521709,-0.050000,1.090520,-1.496967,0.216006,-0.190931,0.000000
0.000000,0.000000,-0.270000,0.520000,-0.300000,0.000000,0.000000,0.000000,-0.270000,0.520000,-0.300000,0.000000,-1.030339,0.914544,0.157376,-1.507826,-0.096361,0.500000,0.000000,-1.559124,-0.050000,1.102789,-1.540583,0.213417,-0.197582,0.000000
0.000000,0.000000,-0.270000,0.520000,-0.300000,0.000000,0.000000,0.000000,-0.270000,0.520000,-0.300000,0.000000,-1.057085,0.973910,0.190446,-1.560807,-0.102851,0.500000,0.000000,-1.594296,-0.050000,1.103879,-1.568653,0.211635,-0.204042,0.000000
0.000000,0.000000,-0.270000,0.520000,-0.300000,0.000000,0.000000,0.000000,-0.270000,0.520000,-0.300000,0.000000,-1.079531,1.013516,0.207628,-1.606698,-0.105706,0.500000,0.000000,-1.629864,-0.050000,1.098440,-1.579017,0.213191,-0.209638,0.000000
0.000000,0.000000,-0.270000,0.520000,-0.300000,0.000000,0.000000,0.000000,-0.270000,0.520000,-0.300000,0.000000,-1.092726,1.036598,0.215082,-1.630751,-0.107405,0.500000,0.000000,-1.656227,-0.050000,1.095756,-1.578700,0.216222,-0.212114,0.000000
0.000000,0.000000,-0.270000,0.520000,-0.300000,0.000000,0.000000,0.000000,-0.270000,0.520000,-0.300000,0.000000,-1.104777,1.043672,0.212851,-1.654498,-0.105595,0.500000,0.000000,-1.674403,-0.050000,1.090323,-1.575757,0.217351,-0.214495,0.000000
0.000000,0.000000,-0.270000,0.520000,-0.300000,0.000000,0.000000,0.000000,-0.270000,0.520000,-0.300000,0.000000,-1.108814,1.034282,0.204365,-1.666674,-0.101343,0.500000,0.000000,-1.675155,-0.050000,1.082464,-1.568109,0.215431,-0.216700,0.000000
0.000000,0.000000,-0.270000,0.520000,-0.300000,0.000000,0.000000,0.000000,-0.270000,0.520000,-0.300000,0.000000,-1.102776,1.006099,0.187772,-1.669124,-0.093537,0.500000,0.000000,-1.660468,-0.050000,1.073862,-1.549287,0.211032,-0.218382,0.000000
0.000000,0.000000,-0.270000,0.520000,-0.300000,0.000000,0.000000,0.000000,-0.270000,0.520000,-0.300000,0.000000,-1.089173,0.961557,0.163170,-1.666215,-0.082900,0.500000,0.000000,-1.636789,-0.050000,1.067516,-1.523096,0.205828,-0.218890,0.000000
0.000000,0.000000,-0.270000,0.520000,-0.300000,0.000000,0.000000,0.000000,-0.270000,0.520000,-0.300000,0.000000,-1.070746,0.906627,0.133935,-1.658915,-0.071060,0.500000,0.000000,-1.608871,-0.050000,1.063738,-1.491611,0.201300,-0.218495,0.000000
0.000000,0.000000,-0.270000,0.520000,-0.300000,0.000000,0.000000,0.000000,-0.270000,0.520000,-0.300000,0.000000,-1.053368,0.850586,0.105644,-1.650097,-0.059938,0.500000,0.000000,-1.580661,-0.050000,1.057431,-1.462483,0.197171,-0.218740,0.000000
0.000000,0.000000,-0.270000,0.520000,-0.300000,0.000000,0.000000,0.000000,-0.270000,0.520000,-0.300000,0.000000,-1.035506,0.787334,0.072636,-1.640353,-0.048249,0.500000,0.000000,-1.547396,-0.050000,1.044766,-1.433454,0.191895,-0.220339,0.000000
0.000000,0.000000,-0.270000,0.520000,-0.300000,0.000000,0.000000,0.000000,-0.270000,0.520000,-0.300000,0.000000,-1.018919,0.721398,0.030457,-1.634611,-0.037425,0.500000,0.000000,-1.515954,-0.050000,1.025106,-1.404113,0.187854,-0.224218,0.000000
0.000000,0.000000,-0.270000,0.520000,-0.300000,0.000000,0.000000,0.000000,-0.270000,0.520000,-0.300000,0.000000,-1.003686,0.660950,-0.016907,-1.630708,-0.029136,0.500000,0.000000,-1.486711,-0.050000,0.995201,-1.377453,0.184031,-0.230363,0.000000
0.000000,0.000000,-0.270000,0.520000,-0.300000,0.000000,0.000000,0.000000,-0.270000,0.520000,-0.300000,0.000000,-0.992684,0.602326,-0.067271,-1.628802,-0.022377,0.500000,0.000000,-1.460549,-0.050000,0.959010,-1.354974,0.179761,-0.237740,0.000000
0.000000,0.000000,-0.270000,0.520000,-0.300000,0.000000,0.000000,0.000000,-0.270000,0.520000,-0.300000,0.000000,-0.986615,0.541301,-0.122464,-1.631083,-0.015613,0.500000,0.000000,-1.442452,-0.050000,0.921617,-1.334816,0.177439,-0.245536,0.000000
0.000000,0.000000,-0.270000,0.520000,-0.300000,0.000000,0.000000,0.000000,-0.270000,0.520000,-0.300000,0.000000,-0.980875,0.485951,-0.185680,-1.635249,-0.010648,0.500000,0.000000,-1.434849,-0.050000,0.885331,-1.315796,0.178968,-0.254069,0.000000
0.000000,0.000000,-0.270000,0.520000,-0.300000,0.000000,0.000000,0.000000,-0.270000,0.520000,-0.300000,0.000000,-0.974015,0.427453,-0.271818,-1.644136,-0.007779,0.500000,0.000000,-1.435720,-0.050000,0.839517,-1.301137,0.183302,-0.265934,0.000000
0.000000,0.000000,-0.270000,0.520000,-0.300000,0.000000,0.000000,0.000000,-0.270000,0.520000,-0.300000,0.000000,-0.969691,0.349600,-0.382093,-1.655831,-0.007434,0.500000,0.000000,-1.439685,-0.050000,0.777443,-1.299380,0.187003,-0.281619,0.000000
0.000000,0.000000,-0.270000,0.520000,-0.300000,0.000000,0.000000,0.000000,-0.270000,0.520000,-0.300000,0.000000,-0.969984,0.277912,-0.488775,-1.661991,-0.011064,0.500000,0.000000,-1.443757,-0.073092,0.719550,-1.306269,0.189666,-0.295103,0.000000
0.000000,0.000000,-0.270000,0.520000,-0.300000,0.000000,0.000000,0.000000,-0.270000,0.520000,-0.300000,0.000000,-0.970317,0.221279,-0.590847,-1.663244,-0.016663,0.500000,0.000000,-1.447814,-0.125298,0.666198,-1.318249,0.190980,-0.306615,0.000000
0.000000,0.000000,-0.270000,0.520000,-0.300000,0.000000,0.000000,0.000000,-0.270000,0.520000,-0.300000,0.000000,-0.975073,0.172046,-0.698534,-1.662561,-0.024613,0.500000,0.000000,-1.450225,-0.171140,0.605597,-1.337591,0.189012,-0.319093,0.000000
0.000000,0.000000,-0.270000,0.520000,-0.300000,0.000000,0.000000,0.000000,-0.270000,0.520000,-0.300000,0.000000,-0.983476,0.132860,-0.803726,-1.661437,-0.031941,0.489615,0.000000,-1.449203,-0.205662,0.545216,-1.358658,0.184497,-0.331184,0.000000
0.000000,0.000000,-0.270000,0.520000,-0.300000,0.000000,0.000000,0.000000,-0.270000,0.520000,-0.300000,0.000000,-0.996353,0.101264,-0.906235,-1.661545,-0.038668,0.472295,0.000000,-1.445999,-0.238696,0.490028,-1.377728,0.181506,-0.341930,0.000000
0.000000,0.000000,-0.270000,0.520000,-0.300000,0.000000,0.000000,0.000000,-0.270000,0.520000,-0.300000,0.000000,-1.043955,0.104413,-1.021333,-1.645195,-0.060154,0.465548,0.000000,-1.432547,-0.271980,0.432796,-1.398391,0.178808,-0.352539,0.000000
0.000000,0.000000,-0.270000,0.520000,-0.300000,0.000000,0.000000,0.000000,-0.270000,0.520000,-0.300000,0.000000,-1.110931,0.112237,-1.117717,-1.618719,-0.090142,0.477149,0.000000,-1.404250,-0.300439,0.387664,-1.418331,0.176924,-0.360767,0.000000
0.000000,0.000000,-0.270000,0.520000,-0.300000,0.000000,0.000000,0.000000,-0.270000,0.520000,-0.300000,0.000000,-1.131515,0.062767,-1.172986,-1.616503,-0.097081,0.486174,0.000000,-1.370965,-0.320163,0.356387,-1.431085,0.176082,-0.367148,0.000000
0.000000,0.000000,-0.270000,0.520000,-0.300000,0.000000,0.000000,0.000000,-0.270000,0.520000,-0.300000,0.000000,-1.099115,0.050000,-1.196457,-1.632517,-0.081006,0.485703,0.000000,-1.337754,-0.325164,0.331563,-1.439918,0.174053,-0.372448,0.000000
0.000000,0.000000,-0.270000,0.520000,-0.300000,0.000000,0.000000,0.000000,-0.270000,0.520000,-0.300000,0.000000,-1.083259,0.050000,-1.207699,-1.639461,-0.070160,0.483300,0.000000,-1.297932,-0.318969,0.310735,-1.450514,0.171180,-0.377209,0.000000
0.000000,0.000000,-0.270000,0.520000,-0.300000,0.000000,0.000000,0.000000,-0.270000,0.520000,-0.300000,0.000000,-1.089201,0.050000,-1.206458,-1.642971,-0.066640,0.481936,0.000000,-1.256711,-0.308888,0.295362,-1.465042,0.170002,-0.380959,0.000000
0.000000,0.000000,-0.270000,0.520000,-0.300000,0.000000,0.000000,0.000000,-0.270000,0.520000,-0.300000,0.000000,-1.111667,0.050000,-1.203734,-1.642836,-0.068758,0.477697,0.000000,-1.213788,-0.293603,0.280519,-1.481903,0.169456,-0.384362,0.000000
0.000000,0.000000,-0.270000,0.520000,-0.300000,0.000000,0.000000,0.000000,-0.270000,0.520000,-0.300000,0.000000,-1.146793,0.050000,-1.204270,-1.639054,-0.074591,0.472025,0.000000,-1.167812,-0.268640,0.261570,-1.497961,0.167414,-0.387891,0.000000
0.000000,0.000000,-0.270000,0.520000,-0.300000,0.000000,0.000000,0.000000,-0.270000,0.520000,-0.300000,0.000000,-1.179817,0.050000,-1.207744,-1.634824,-0.079988,0.468771,0.000000,-1.128983,-0.246180,0.245141,-1.507953,0.165660,-0.391093,0.000000
0.000000,0.000000,-0.270000,0.520000,-0.300000,0.000000,0.000000,0.000000,-0.270000,0.520000,-0.300000,0.000000,-1.204522,0.050000,-1.206963,-1.633374,-0.083835,0.469209,0.000000,-1.098047,-0.230551,0.238520,-1.511113,0.164788,-0.392967,0.000000
0.000000,0.000000,-0.270000,0.520000,-0.300000,0.000000,0.000000,0.000000,-0.270000,0.520000,-0.300000,0.000000,-1.222305,0.050000,-1.202092,-1.632026,-0.085737,0.471931,0.000000,-1.071558,-0.217513,0.237177,-1.515296,0.164710,-0.394363,0.000000
0.000000,0.000000,-0.270000,0.520000,-0.300000,0.000000,0.000000,0.000000,-0.270000,0.520000,-0.300000,0.000000,-1.223915,0.050000,-1.196073,-1.631721,-0.085412,0.474347,0.000000,-1.062994,-0.213589,0.241767,-1.520748,0.165299,-0.393783,0.000000
0.000000,0.000000,-0.270000,0.520000,-0.300000,0.000000,0.000000,0.000000,-0.270000,0.520000,-0.300000,0.000000,-1.220301,0.050000,-1.190310,-1.631811,-0.083727,0.476497,0.000000,-1.064335,-0.216972,0.249149,-1.530445,0.167843,-0.392465,0.000000
0.000000,0.000000,-0.270000,0.520000,-0.300000,0.000000,0.000000,0.000000,-0.270000,0.520000,-0.300000,0.000000,-1.207571,0.050000,-1.189024,-1.630517,-0.080105,0.477325,0.000000,-1.076865,-0.232635,0.258612,-1.545469,0.173816,-0.390951,0.000000
0.000000,0.000000,-0.270000,0.520000,-0.300000,0.000000,0.000000,0.000000,-0.270000,0.520000,-0.300000,0.000000,-1.182500,0.050000,-1.195693,-1.626280,-0.074360,0.475951,0.000000,-1.100276,-0.260024,0.267081,-1.565234,0.182728,-0.389971,0.000000
0.000000,0.000000,-0.270000,0.520000,-0.300000,0.000000,0.000000,0.000000,-0.270000,0.520000,-0.300000,0.000000,-1.100479,0.050000,-1.233446,-1.612246,-0.059146,0.466373,0.000000,-1.165125,-0.339255,0.281781,-1.606716,0.203426,-0.388154,0.000000
0.000000,0.000000,-0.270000,0.520000,-0.300000,0.000000,0.000000,0.000000,-0.270000,0.520000,-0.300000,0.000000,-1.029873,0.050000,-1.266331,-1.599263,-0.048562,0.457771,0.000000,-1.213086,-0.400508,0.290044,-1.631266,0.217051,-0.386982,0.000000
0.000000,0.000000,-0.270000,0.520000,-0.300000,0.000000,0.000000,0.000000,-0.270000,0.520000,-0.300000,0.000000,-0.926982,0.050000,-1.309870,-1.582019,-0.036604,0.445909,0.000000,-1.276992,-0.484429,0.301033,-1.652247,0.231971,-0.384857,0.000000
0.000000,0.000000,-0.270000,0.520000,-0.300000,0.000000,0.000000,0.000000,-0.270000,0.520000,-0.300000,0.000000,-0.855107,0.050000,-1.331440,-1.574152,-0.030201,0.438323,0.000000,-1.315915,-0.538623,0.310363,-1.657921,0.239498,-0.382831,0.000000
0.000000,0.000000,-0.270000,0.520000,-0.300000,0.000000,0.000000,0.000000,-0.270000,0.520000,-0.300000,0.000000,-0.782586,0.050000,-1.352308,-1.570004,-0.024930,0.429449,0.000000,-1.355299,-0.591692,0.322478,-1.659555,0.245083,-0.380107,0.000000
0.000000,0.000000,-0.270000,0.520000,-0.300000,0.000000,0.000000,0.000000,-0.270000,0.520000,-0.300000,0.000000,-0.751036,0.050000,-1.361378,-1.571345,-0.023552,0.424173,0.000000,-1.371147,-0.611346,0.329014,-1.658156,0.245769,-0.378633,0.000000
0.000000,0.000000,-0.270000,0.520000,-0.300000,0.000000,0.000000,0.000000,-0.270000,0.520000,-0.300000,0.000000,-0.728020,0.050000,-1.372437,-1.574183,-0.024241,0.418041,0.000000,-1.389416,-0.628588,0.338507,-1.656702,0.245495,-0.376409,0.000000
0.000000,0.000000,-0.270000,0.520000,-0.300000,0.000000,0.000000,0.000000,-0.270000,0.520000,-0.300000,0.000000,-0.716446,0.050000,-1.388520,-1.581905,-0.031196,0.409030,0.000000,-1.420590,-0.646176,0.360648,-1.652306,0.241898,-0.371481,0.000000
0.000000,0.000000,-0.270000,0.520000,-0.300000,0.000000,0.000000,0.000000,-0.270000,0.520000,-0.300000,0.000000,-0.728203,0.050000,-1.399485,-1.597161,-0.047085,0.401125,0.000000,-1.459402,-0.650594,0.396928,-1.638125,0.231004,-0.363580,0.000000
0.000000,0.000000,-0.270000,0.520000,-0.300000,0.000000,0.000000,0.000000,-0.270000,0.520000,-0.300000,0.000000,-0.757871,0.050000,-1.395661,-1.613931,-0.063827,0.400026,0.000000,-1.488351,-0.636685,0.430587,-1.617883,0.217236,-0.356391,0.000000
0.000000,0.000000,-0.270000,0.520000,-0.300000,0.000000,0.000000,0.000000,-0.270000,0.520000,-0.300000,0.000000,-0.796035,0.050000,-1.380764,-1.629225,-0.078385,0.404383,0.000000,-1.509279,-0.613470,0.457601,-1.596267,0.203968,-0.351267,0.000000
0.000000,0.000000,-0.270000,0.520000,-0.300000,0.000000,0.000000,0.000000,-0.270000,0.520000,-0.300000,0.000000,-0.840643,0.050000,-1.360666,-1.641110,-0.090422,0.411109,0.000000,-1.520077,-0.581997,0.474561,-1.577465,0.191437,-0.349075,0.000000
0.000000,0.000000,-0.270000,0.520000,-0.300000,0.000000,0.000000,0.000000,-0.270000,0.520000,-0.300000,0.000000,-0.896925,0.050000,-1.340021,-1.651046,-0.102012,0.417136,0.000000,-1.520587,-0.540153,0.484554,-1.559796,0.177776,-0.349138,0.000000
0.000000,0.000000,-0.270000,0.520000,-0.300000,0.000000,0.000000,0.000000,-0.270000,0.520000,-0.300000,0.000000,-0.953715,0.050000,-1.321661,-1.657640,-0.110886,0.422324,0.000000,-1.506632,-0.495993,0.489215,-1.546976,0.165583,-0.350056,0.000000
0.000000,0.000000,-0.270000,0.520000,-0.300000,0.000000,0.000000,0.000000,-0.270000,0.520000,-0.300000,0.000000,-1.010404,0.050000,-1.300942,-1.662546,-0.117184,0.428831,0.000000,-1.474849,-0.452399,0.499778,-1.540211,0.155749,-0.349666,0.000000
0.000000,0.000000,-0.270000,0.520000,-0.300000,0.000000,0.000000,0.000000,-0.270000,0.520000,-0.300000,0.000000,-1.069341,0.050000,-1.277336,-1.665416,-0.120937,0.437215,0.000000,-1.425766,-0.410519,0.517965,-1.542157,0.149128,-0.350005,0.000000
0.000000,0.000000,-0.270000,0.520000,-0.300000,0.000000,0.000000,0.000000,-0.270000,0.520000,-0.300000,0.000000,-1.122994,0.050000,-1.255584,-1.665663,-0.121831,0.444797,0.000000,-1.360543,-0.366635,0.529893,-1.551948,0.143709,-0.354728,0.000000
0.000000,0.000000,-0.270000,0.520000,-0.300000,0.000000,0.000000,0.000000,-0.270000,0.520000,-0.300000,0.000000,-1.172801,0.050000,-1.240407,-1.660884,-0.120621,0.449202,0.000000,-1.276504,-0.320133,0.528431,-1.561575,0.138792,-0.362113,0.000000
0.000000,0.000000,-0.270000,0.520000,-0.300000,0.000000,0.000000,0.000000,-0.270000,0.520000,-0.300000,0.000000,-1.211937,0.050000,-1.236474,-1.653119,-0.116941,0.451490,0.000000,-1.187566,-0.271030,0.504794,-1.569667,0.133368,-0.370126,0.000000
0.000000,0.000000,-0.270000,0.520000,-0.300000,0.000000,0.000000,0.000000,-0.270000,0.520000,-0.300000,0.000000,-1.235794,0.050000,-1.239374,-1.648496,-0.113338,0.452836,0.000000,-1.120797,-0.230619,0.475180,-1.577272,0.128033,-0.376013,0.000000
0.000000,0.000000,-0.270000,0.520000,-0.300000,0.000000,0.000000,0.000000,-0.270000,0.520000,-0.300000,0.000000,-1.251773,0.050000,-1.245692,-1.644150,-0.109878,0.453121,0.000000,-1.068533,-0.205475,0.440199,-1.584049,0.127110,-0.383985,0.000000
0.000000,0.000000,-0.270000,0.520000,-0.300000,0.000000,0.000000,0.000000,-0.270000,0.520000,-0.300000,0.000000,-1.256074,0.050000,-1.251730,-1.641126,-0.107148,0.452382,0.000000,-1.044209,-0.200537,0.417586,-1.585160,0.129391,-0.389809,0.000000
0.000000,0.000000,-0.270000,0.520000,-0.300000,0.000000,0.000000,0.000000,-0.270000,0.520000,-0.300000,0.000000,-1.254107,0.050000,-1.258890,-1.637796,-0.103988,0.451028,0.000000,-1.027293,-0.204517,0.400704,-1.582438,0.133370,-0.394149,0.000000
0.000000,0.000000,-0.270000,0.520000,-0.300000,0.000000,0.000000,0.000000,-0.270000,0.520000,-0.300000,0.000000,-1.248684,0.050000,-1.268029,-1.633937,-0.100383,0.449200,0.000000,-1.013466,-0.211452,0.386381,-1.581614,0.138478,-0.397742,0.000000
0.000000,0.000000,-0.270000,0.520000,-0.300000,0.000000,0.000000,0.000000,-0.270000,0.520000,-0.300000,0.000000,-1.240895,0.050000,-1.277794,-1.630659,-0.096638,0.447140,0.000000,-1.004038,-0.220290,0.373998,-1.584626,0.144431,-0.401226,0.000000
0.000000,0.000000,-0.270000,0.520000,-0.300000,0.000000,0.000000,0.000000,-0.270000,0.520000,-0.300000,0.000000,-1.231322,0.050000,-1.286203,-1.627494,-0.092929,0.445289,0.000000,-0.996543,-0.230399,0.363377,-1.589277,0.150713,-0.404692,0.000000
0.000000,0.000000,-0.270000,0.520000,-0.300000,0.000000,0.000000,0.000000,-0.270000,0.520000,-0.300000,0.000000,-1.221053,0.050000,-1.292769,-1.623559,-0.089635,0.443778,0.000000,-0.986816,-0.239774,0.355912,-1.592754,0.156381,-0.407540,0.000000
0.000000,0.000000,-0.270000,0.520000,-0.300000,0.000000,0.000000,0.000000,-0.270000,0.520000,-0.300000,0.000000,-1.209145,0.050000,-1.296522,-1.618038,-0.086659,0.442895,0.000000,-0.973810,-0.247294,0.351181,-1.594582,0.161076,-0.409722,0.000000
0.000000,0.000000,-0.270000,0.520000,-0.300000,0.000000,0.000000,0.000000,-0.270000,0.520000,-0.300000,0.000000,-1.194659,0.050000,-1.297295,-1.611112,-0.083795,0.442757,0.000000,-0.960196,-0.253323,0.346875,-1.596710,0.165139,-0.411684,0.000000
0.000000,0.000000,-0.270000,0.520000,-0.300000,0.000000,0.000000,0.000000,-0.270000,0.520000,-0.300000,0.000000,-1.176698,0.050000,-1.295429,-1.602897,-0.080909,0.443195,0.000000,-0.947202,-0.260298,0.343750,-1.599951,0.169382,-0.413115,0.000000
0.000000,0.000000,-0.270000,0.520000,-0.300000,0.000000,0.000000,0.000000,-0.270000,0.520000,-0.300000,0.000000,-1.155579,0.050000,-1.291051,-1.592091,-0.077848,0.443960,0.000000,-0.936897,-0.270102,0.343126,-1.603803,0.174306,-0.413542,0.000000
0.000000,0.000000,-0.270000,0.520000,-0.300000,0.000000,0.000000,0.000000,-0.270000,0.520000,-0.300000,0.000000,-1.129421,0.050000,-1.285091,-1.577739,-0.074395,0.444635,0.000000,-0.929979,-0.284108,0.345705,-1.608634,0.180225,-0.412855,0.000000
0.000000,0.000000,-0.270000,0.520000,-0.300000,0.000000,0.000000,0.000000,-0.270000,0.520000,-0.300000,0.000000,-1.095519,0.050000,-1.278839,-1.560427,-0.070172,0.444997,0.000000,-0.926002,-0.303236,0.349532,-1.614884,0.187298,-0.411764,0.000000
0.000000,0.000000,-0.270000,0.520000,-0.300000,0.000000,0.000000,0.000000,-0.270000,0.520000,-0.300000,0.000000,-1.053287,0.050000,-1.272492,-1.540199,-0.064969,0.444825,0.000000,-0.927318,-0.328165,0.351888,-1.623017,0.195651,-0.410744,0.000000
0.000000,0.000000,-0.270000,0.520000,-0.300000,0.000000,0.000000,0.000000,-0.270000,0.520000,-0.300000,0.000000,-0.969687,0.050000,-1.262774,-1.506555,-0.055426,0.442463,0.000000,-0.939232,-0.384308,0.355669,-1.641539,0.212556,-0.408136,0.000000
0.000000,0.000000,-0.270000,0.520000,-0.300000,0.000000,0.000000,0.000000,-0.270000,0.520000,-0.300000,0.000000,-0.877223,0.050000,-1.253923,-1.474510,-0.046724,0.437672,0.000000,-0.956538,-0.452410,0.361500,-1.665243,0.231395,-0.404565,0.000000
0.000000,0.000000,-0.270000,0.520000,-0.300000,0.000000,0.000000,0.000000,-0.270000,0.520000,-0.300000,0.000000,-0.785704,0.050000,-1.245996,-1.445785,-0.040171,0.430092,0.000000,-0.979984,-0.526243,0.368256,-1.691814,0.249790,-0.400754,0.000000
0.000000,0.000000,-0.270000,0.520000,-0.300000,0.000000,0.000000,0.000000,-0.270000,0.520000,-0.300000,0.000000,-0.669890,0.077912,-1.228505,-1.416323,-0.033878,0.416695,0.000000,-1.014552,-0.623680,0.378775,-1.727323,0.270944,-0.395357,0.000000
0.000000,0.000000,-0.270000,0.520000,-0.300000,0.000000,0.000000,0.000000,-0.270000,0.520000,-0.300000,0.000000,-0.568065,0.127340,-1.203601,-1.392561,-0.030792,0.403279,0.000000,-1.044736,-0.708165,0.388493,-1.757128,0.285627,-0.390512,0.000000
0.000000,0.000000,-0.270000,0.520000,-0.300000,0.000000,0.000000,0.000000,-0.270000,0.520000,-0.300000,0.000000,-0.459848,0.182051,-1.168139,-1.369529,-0.029429,0.388727,0.000000,-1.079461,-0.795923,0.397051,-1.788902,0.297346,-0.385852,0.000000
0.000000,0.000000,-0.270000,0.520000,-0.300000,0.000000,0.000000,0.000000,-0.270000,0.520000,-0.300000,0.000000,-0.371521,0.228310,-1.129468,-1.345155,-0.028090,0.379647,0.000000,-1.108254,-0.857932,0.400599,-1.800000,0.303790,-0.383985,0.000000
0.000000,0.000000,-0.270000,0.520000,-0.300000,0.000000,0.000000,0.000000,-0.270000,0.520000,-0.300000,0.000000,-0.295288,0.269018,-1.088589,-1.314962,-0.025632,0.373911,0.000000,-1.134675,-0.901820,0.400505,-1.800000,0.308192,-0.384544,0.000000
0.000000,0.000000,-0.270000,0.520000,-0.300000,0.000000,0.000000,0.000000,-0.270000,0.520000,-0.300000,0.000000,-0.213585,0.304450,-1.033185,-1.277948,-0.019995,0.370837,0.000000,-1.165423,-0.941614,0.400433,-1.800000,0.312395,-0.386041,0.000000
0.000000,0.000000,-0.270000,0.520000,-0.300000,0.000000,0.000000,0.000000,-0.270000,0.520000,-0.300000,0.000000,-0.104069,0.329199,-0.936293,-1.230196,-0.009797,0.370573,0.000000,-1.209925,-0.992384,0.405234,-1.800000,0.316507,-0.387741,0.000000
0.000000,0.000000,-0.270000,0.520000,-0.300000,0.000000,0.000000,0.000000,-0.270000,0.520000,-0.300000,0.000000,0.005498,0.339852,-0.828867,-1.183858,-0.001622,0.370345,0.000000,-1.254948,-1.040958,0.413940,-1.800000,0.317983,-0.389031,0.000000
0.000000,0.000000,-0.270000,0.520000,-0.300000,0.000000,0.000000,0.000000,-0.270000,0.520000,-0.300000,0.000000,0.105131,0.338390,-0.728430,-1.131036,0.003862,0.369382,0.000000,-1.294935,-1.077481,0.420710,-1.800000,0.317062,-0.390853,0.000000
0.000000,0.000000,-0.270000,0.520000,-0.300000,0.000000,0.000000,0.000000,-0.270000,0.520000,-0.300000,0.000000,0.203619,0.320995,-0.623470,-1.070454,0.007778,0.366598,0.000000,-1.332780,-1.106336,0.429558,-1.800000,0.312966,-0.392928,0.000000
0.000000,0.000000,-0.270000,0.520000,-0.300000,0.000000,0.000000,0.000000,-0.270000,0.520000,-0.300000,0.000000,0.292914,0.284218,-0.517359,-1.003827,0.013377,0.362980,0.000000,-1.364800,-1.129388,0.440248,-1.800000,0.307753,-0.393964,0.000000
0.000000,0.000000,-0.270000,0.520000,-0.300000,0.000000,0.000000,0.000000,-0.270000,0.520000,-0.300000,0.000000,0.366221,0.237112,-0.418674,-0.936118,0.020794,0.357850,0.000000,-1.390814,-1.149207,0.451931,-1.800000,0.303305,-0.393739,0.000000
0.000000,0.000000,-0.270000,0.520000,-0.300000,0.000000,0.000000,0.000000,-0.270000,0.520000,-0.300000,0.000000,0.417157,0.198485,-0.340531,-0.875211,0.027578,0.356722,0.000000,-1.409236,-1.166512,0.461904,-1.800000,0.300834,-0.392762,0.000000
0.000000,0.000000,-0.270000,0.520000,-0.300000,0.000000,0.000000,0.000000,-0.270000,0.520000,-0.300000,0.000000,0.459201,0.157666,-0.267155,-0.815395,0.036613,0.359329,0.000000,-1.422059,-1.182084,0.472814,-1.800000,0.298361,-0.391460,0.000000
0.000000,0.000000,-0.270000,0.520000,-0.300000,0.000000,0.000000,0.000000,-0.270000,0.520000,-0.300000,0.000000,0.485065,0.129608,-0.221836,-0.776221,0.044020,0.362918,0.000000,-1.425653,-1.190858,0.482309,-1.800000,0.296228,-0.390187,0.000000
0.000000,0.000000,-0.270000,0.520000,-0.300000,0.000000,0.000000,0.000000,-0.270000,0.520000,-0.300000,0.000000,0.501714,0.115208,-0.199360,-0.752284,0.048443,0.365544,0.000000,-1.425187,-1.196220,0.489319,-1.800000,0.295132,-0.388949,0.000000
0.000000,0.000000,-0.270000,0.520000,-0.300000,0.000000,0.000000,0.000000,-0.270000,0.520000,-0.300000,0.000000,0.520959,0.102260,-0.180940,-0.726315,0.051968,0.368096,0.000000,-1.423453,-1.202687,0.497082,-1.800000,0.294296,-0.387399,0.000000
0.000000,0.000000,-0.270000,0.520000,-0.300000,0.000000,0.000000,0.000000,-0.270000,0.520000,-0.300000,0.000000,0.540655,0.089429,-0.165679,-0.701620,0.054661,0.370006,0.000000,-1.420160,-1.207581,0.505029,-1.800000,0.293247,-0.385826,0.000000
0.000000,0.000000,-0.270000,0.520000,-0.300000,0.000000,0.000000,0.000000,-0.270000,0.520000,-0.300000,0.000000,0.558469,0.073427,-0.148417,-0.680292,0.057832,0.371316,0.000000,-1.416192,-1.208275,0.512561,-1.800000,0.291483,-0.384477,0.000000
0.000000,0.000000,-0.270000,0.520000,-0.300000,0.000000,0.000000,0.000000,-0.270000,0.520000,-0.300000,0.000000,0.573512,0.051371,-0.122877,-0.662800,0.062996,0.372671,0.000000,-1.411994,-1.204934,0.519149,-1.800000,0.289099,-0.383429,0.000000
0.000000,0.000000,-0.270000,0.520000,-0.300000,0.000000,0.000000,0.000000,-0.270000,0.520000,-0.300000,0.000000,0.586045,0.050000,-0.077992,-0.646188,0.072177,0.375340,0.000000,-1.407989,-1.197164,0.526403,-1.800000,0.285680,-0.382330,0.000000
0.000000,0.000000,-0.270000,0.520000,-0.300000,0.000000,0.000000,0.000000,-0.270000,0.520000,-0.300000,0.000000,0.594905,0.050000,-0.019450,-0.630233,0.083451,0.379474,0.000000,-1.404895,-1.185570,0.535530,-1.800000,0.281530,-0.380869,0.000000
0.000000,0.000000,-0.270000,0.520000,-0.300000,0.000000,0.000000,0.000000,-0.270000,0.520000,-0.300000,0.000000,0.598539,0.050000,0.016218,-0.622003,0.089985,0.381968,0.000000,-1.403044,-1.176391,0.543343,-1.800000,0.279346,-0.379685,0.000000
0.000000,0.000000,-0.270000,0.520000,-0.300000,0.000000,0.000000,0.000000,-0.270000,0.520000,-0.300000,0.000000,0.601584,0.050000,0.049823,-0.613574,0.096120,0.384024,0.000000,-1.402158,-1.166726,0.553254,-1.800000,0.277841,-0.378174,0.000000
0.000000,0.000000,-0.270000,0.520000,-0.300000,0.000000,0.000000,0.000000,-0.270000,0.520000,-0.300000,0.000000,0.603659,0.050000,0.078766,-0.605322,0.101309,0.385587,0.000000,-1.401871,-1.158938,0.564428,-1.800000,0.277163,-0.376210,0.000000
0.000000,0.000000,-0.270000,0.520000,-0.300000,0.000000,0.000000,0.000000,-0.270000,0.520000,-0.300000,0.000000,0.604031,0.050000,0.101299,-0.598198,0.105153,0.386586,0.000000,-1.401585,-1.154544,0.576340,-1.800000,0.277250,-0.373691,0.000000
0.000000,0.000000,-0.270000,0.520000,-0.300000,0.000000,0.000000,0.000000,-0.270000,0.520000,-0.300000,0.000000,0.603014,0.050000,0.117504,-0.592107,0.107564,0.387380,0.000000,-1.400966,-1.153527,0.589117,-1.800000,0.277912,-0.370556,0.000000
0.000000,0.000000,-0.270000,0.520000,-0.300000,0.000000,0.000000,0.000000,-0.270000,0.520000,-0.300000,0.000000,0.601310,0.050000,0.129820,-0.586687,0.109160,0.387986,0.000000,-1.400161,-1.155645,0.602563,-1.800000,0.279084,-0.366915,0.000000
0.000000,0.000000,-0.270000,0.520000,-0.300000,0.000000,0.000000,0.000000,-0.270000,0.520000,-0.300000,0.000000,0.599506,0.050000,0.139951,-0.581435,0.110321,0.388428,0.000000,-1.400152,-1.161231,0.615549,-1.800000,0.280860,-0.363041,0.000000
0.000000,0.000000,-0.270000,0.520000,-0.300000,0.000000,0.000000,0.000000,-0.270000,0.520000,-0.300000,0.000000,0.597479,0.050000,0.149706,-0.576302,0.111393,0.389317,0.000000,-1.402472,-1.171146,0.625416,-1.800000,0.283180,-0.359424,0.000000
0.000000,0.000000,-0.270000,0.520000,-0.300000,0.000000,0.000000,0.000000,-0.270000,0.520000,-0.300000,0.000000,0.594582,0.050000,0.159617,-0.572792,0.112485,0.390761,0.000000,-1.406678,-1.184670,0.630318,-1.800000,0.285549,-0.356616,0.000000
0.000000,0.000000,-0.270000,0.520000,-0.300000,0.000000,0.000000,0.000000,-0.270000,0.520000,-0.300000,0.000000,0.590140,0.050000,0.168735,-0.571324,0.113330,0.392438,0.000000,-1.412622,-1.200255,0.629523,-1.800000,0.287243,-0.355010,0.000000
0.000000,0.000000,-0.270000,0.520000,-0.300000,0.000000,0.000000,0.000000,-0.270000,0.520000,-0.300000,0.000000,0.585080,0.050000,0.177077,-0.570536,0.113792,0.394282,0.000000,-1.419445,-1.217375,0.624253,-1.800000,0.287984,-0.354460,0.000000
0.000000,0.000000,-0.270000,0.520000,-0.300000,0.000000,0.000000,0.000000,-0.270000,0.520000,-0.300000,0.000000,0.579840,0.050000,0.183531,-0.569948,0.113537,0.396056,0.000000,-1.426224,-1.235857,0.615592,-1.800000,0.287637,-0.354872,0.000000
0.000000,0.000000,-0.270000,0.520000,-0.300000,0.000000,0.000000,0.000000,-0.270000,0.520000,-0.300000,0.000000,0.574582,0.050000,0.187920,-0.569246,0.112544,0.397733,0.000000,-1.432305,-1.254658,0.604453,-1.800000,0.285733,-0.356079,0.000000
0.000000,0.000000,-0.270000,0.520000,-0.300000,0.000000,0.000000,0.000000,-0.270000,0.520000,-0.300000,0.000000,0.567056,0.050000,0.192193,-0.569088,0.110479,0.400206,0.000000,-1.438810,-1.279318,0.586490,-1.800000,0.280237,-0.358801,0.000000
0.000000,0.000000,-0.270000,0.520000,-0.300000,0.000000,0.000000,0.000000,-0.270000,0.520000,-0.300000,0.000000,0.554852,0.050000,0.197210,-0.567931,0.104836,0.405773,0.000000,-1.446483,-1.312305,0.552387,-1.800000,0.262228,-0.365914,0.000000
0.000000,0.000000,-0.270000,0.520000,-0.300000,0.000000,0.000000,0.000000,-0.270000,0.520000,-0.300000,0.000000,0.544534,0.050000,0.199927,-0.564912,0.098135,0.411623,0.000000,-1.451369,-1.329109,0.519025,-1.734791,0.237854,-0.374145,0.000000
0.000000,0.000000,-0.270000,0.520000,-0.300000,0.000000,0.000000,0.000000,-0.270000,0.520000,-0.300000,0.000000,0.533613,0.050000,0.204457,-0.563099,0.092069,0.417381,0.000000,-1.454595,-1.341267,0.484287,-1.603204,0.211527,-0.382506,0.000000
0.000000,0.000000,-0.270000,0.520000,-0.300000,0.000000,0.000000,0.000000,-0.270000,0.520000,-0.300000,0.000000,0.522413,0.050000,0.210374,-0.562415,0.086607,0.421923,0.000000,-1.455568,-1.358157,0.448677,-1.458759,0.186979,-0.391862,0.000000
0.000000,0.000000,-0.270000,0.520000,-0.300000,0.000000,0.000000,0.000000,-0.270000,0.520000,-0.300000,0.000000,0.512710,0.050000,0.216937,-0.561770,0.082369,0.424856,0.000000,-1.461888,-1.358398,0.403288,-1.307492,0.158303,-0.401604,0.000000
0.000000,0.000000,-0.270000,0.520000,-0.300000,0.000000,0.000000,0.000000,-0.270000,0.520000,-0.300000,0.000000,0.504170,0.050000,0.224248,-0.561011,0.079290,0.427432,0.000000,-1.472049,-1.348696,0.344555,-1.139357,0.126798,-0.413409,0.000000
0.000000,0.000000,-0.270000,0.520000,-0.300000,0.000000,0.000000,0.000000,-0.270000,0.520000,-0.300000,0.000000,0.494727,0.050000,0.230472,-0.562569,0.076469,0.429583,0.000000,-1.473252,-1.359883,0.295325,-0.973193,0.106733,-0.424019,0.000000
0.000000,0.000000,-0.270000,0.520000,-0.300000,0.000000,0.000000,0.000000,-0.270000,0.520000,-0.300000,0.000000,0.487443,0.050000,0.237691,-0.565195,0.074811,0.430948,0.000000,-1.468610,-1.374285,0.265155,-0.852477,0.096681,-0.426282,0.000000
0.000000,0.000000,-0.270000,0.520000,-0.300000,0.000000,0.000000,0.000000,-0.270000,0.520000,-0.300000,0.000000,0.479022,0.050000,0.245603,-0.568842,0.073745,0.432030,0.000000,-1.468912,-1.374633,0.237213,-0.761699,0.086041,-0.424863,0.000000
0.000000,0.000000,-0.270000,0.520000,-0.300000,0.000000,0.000000,0.000000,-0.270000,0.520000,-0.300000,0.000000,0.468209,0.050000,0.252696,-0.574119,0.072374,0.432778,0.000000,-1.467179,-1.370235,0.211279,-0.683737,0.075888,-0.423722,0.000000
0.000000,0.000000,-0.270000,0.520000,-0.300000,0.000000,0.000000,0.000000,-0.270000,0.520000,-0.300000,0.000000,0.459180,0.050000,0.259767,-0.578247,0.071398,0.432972,0.000000,-1.456732,-1.367239,0.196366,-0.623530,0.070083,-0.422257,0.000000
0.000000,0.000000,-0.270000,0.520000,-0.300000,0.000000,0.000000,0.000000,-0.270000,0.520000,-0.300000,0.000000,0.452855,0.050000,0.265008,-0.580805,0.070736,0.433475,0.000000,-1.447411,-1.361298,0.186234,-0.584387,0.065965,-0.419865,0.000000
0.000000,0.000000,-0.270000,0.520000,-0.300000,0.000000,0.000000,0.000000,-0.270000,0.520000,-0.300000,0.000000,0.447954,0.050000,0.266388,-0.582151,0.069252,0.434445,0.000000,-1.440891,-1.350318,0.173309,-0.553874,0.060740,-0.416666,0.000000
0.000000,0.000000,-0.270000,0.520000,-0.300000,0.000000,0.000000,0.000000,-0.270000,0.520000,-0.300000,0.000000,0.444632,0.050000,0.261650,-0.581836,0.066510,0.434950,0.000000,-1.434523,-1.340108,0.161197,-0.532699,0.056498,-0.413217,0.000000
0.000000,0.000000,-0.270000,0.520000,-0.300000,0.000000,0.000000,0.000000,-0.270000,0.520000,-0.300000,0.000000,0.443055,0.050000,0.255782,-0.580771,0.064157,0.435213,0.000000,-1.428360,-1.335611,0.156208,-0.523915,0.055284,-0.411068,0.000000
0.000000,0.000000,-0.270000,0.520000,-0.300000,0.000000,0.000000,0.000000,-0.270000,0.520000,-0.300000,0.000000,0.442326,0.050000,0.249781,-0.579706,0.062097,0.435415,0.000000,-1.421603,-1.333785,0.154992,-0.521880,0.055624,-0.409767,0.000000
0.000000,0.000000,-0.270000,0.520000,-0.300000,0.000000,0.000000,0.000000,-0.270000,0.520000,-0.300000,0.000000,0.441649,0.050000,0.244415,-0.579115,0.060353,0.435426,0.000000,-1.414143,-1.333191,0.155187,-0.524163,0.056678,-0.409072,0.000000
0.000000,0.000000,-0.270000,0.520000,-0.300000,0.000000,0.000000,0.000000,-0.270000,0.520000,-0.300000,0.000000,0.441282,0.050000,0.240822,-0.578691,0.059243,0.435171,0.000000,-1.406659,-1.332929,0.156381,-0.530951,0.058158,-0.408705,0.000000
0.000000,0.000000,-0.270000,0.520000,-0.300000,0.000000,0.000000,0.000000,-0.270000,0.520000,-0.300000,0.000000,0.441606,0.050000,0.239372,-0.577884,0.058859,0.434731,0.000000,-1.399373,-1.332315,0.158887,-0.543184,0.060017,-0.408487,0.000000
0.000000,0.000000,-0.270000,0.520000,-0.300000,0.000000,0.000000,0.000000,-0.270000,0.520000,-0.300000,0.000000,0.442887,0.050000,0.239033,-0.576199,0.058933,0.434163,0.000000,-1.392115,-1.331494,0.163326,-0.561635,0.062430,-0.408515,0.000000
0.000000,0.000000,-0.270000,0.520000,-0.300000,0.000000,0.000000,0.000000,-0.270000,0.520000,-0.300000,0.000000,0.445081,0.050000,0.238003,-0.573154,0.059103,0.433350,0.000000,-1.385210,-1.330980,0.170047,-0.586924,0.065557,-0.409052,0.000000
0.000000,0.000000,-0.270000,0.520000,-0.300000,0.000000,0.000000,0.000000,-0.270000,0.520000,-0.300000,0.000000,0.447663,0.050000,0.235377,-0.569220,0.059072,0.432455,0.000000,-1.379465,-1.331276,0.178140,-0.618896,0.069336,-0.410330,0.000000
0.000000,0.000000,-0.270000,0.520000,-0.300000,0.000000,0.000000,0.000000,-0.270000,0.520000,-0.300000,0.000000,0.449969,0.050000,0.231583,-0.565054,0.058907,0.431573,0.000000,-1.375639,-1.332416,0.186906,-0.657913,0.073779,-0.412239,0.000000
0.000000,0.000000,-0.270000,0.520000,-0.300000,0.000000,0.000000,0.000000,-0.270000,0.520000,-0.300000,0.000000,0.451726,0.050000,0.226979,-0.560927,0.058621,0.430630,0.000000,-1.373733,-1.334343,0.196419,-0.703623,0.078953,-0.414437,0.000000
0.000000,0.000000,-0.270000,0.520000,-0.300000,0.000000,0.000000,0.000000,-0.270000,0.520000,-0.300000,0.000000,0.454002,0.050000,0.222442,-0.556416,0.058366,0.429848,0.000000,-1.373157,-1.337183,0.206369,-0.754747,0.084770,-0.417012,0.000000
0.000000,0.000000,-0.270000,0.520000,-0.300000,0.000000,0.000000,0.000000,-0.270000,0.520000,-0.300000,0.000000,0.456809,0.050000,0.218357,-0.551903,0.058259,0.429196,0.000000,-1.374451,-1.340406,0.215833,-0.811469,0.090907,-0.420369,0.000000
0.000000,0.000000,-0.270000,0.520000,-0.300000,0.000000,0.000000,0.000000,-0.270000,0.520000,-0.300000,0.000000,0.459735,0.050000,0.214595,-0.547633,0.058230,0.428666,0.000000,-1.377684,-1.342199,0.224698,-0.873884,0.096881,-0.423857,0.000000
0.000000,0.000000,-0.270000,0.520000,-0.300000,0.000000,0.000000,0.000000,-0.270000,0.520000,-0.300000,0.000000,0.463362,0.050000,0.207088,-0.538893,0.059540,0.427419,0.000000,-1.385625,-1.350832,0.253564,-1.057929,0.115520,-0.434831,0.000000
0.000000,0.000000,-0.270000,0.520000,-0.300000,0.000000,0.000000,0.000000,-0.270000,0.520000,-0.300000,0.000000,0.465156,0.050000,0.204386,-0.535007,0.060519,0.426920,0.000000,-1.388759,-1.356617,0.268314,-1.149117,0.125222,-0.440321,0.000000
0.000000,0.000000,-0.270000,0.520000,-0.300000,0.000000,0.000000,0.000000,-0.270000,0.520000,-0.300000,0.000000,0.465824,0.050000,0.202831,-0.532114,0.062227,0.426510,0.000000,-1.391205,-1.374663,0.290338,-1.264555,0.140950,-0.447294,0.000000
0.000000,0.000000,-0.270000,0.520000,-0.300000,0.000000,0.000000,0.000000,-0.270000,0.520000,-0.300000,0.000000,0.464703,0.050000,0.203352,-0.530852,0.064361,0.426341,0.000000,-1.394872,-1.400043,0.309995,-1.376125,0.158401,-0.454934,0.000000
0.000000,0.000000,-0.270000,0.520000,-0.300000,0.000000,0.000000,0.000000,-0.270000,0.520000,-0.300000,0.000000,0.461840,0.050000,0.205956,-0.530801,0.066914,0.426247,0.000000,-1.401006,-1.429552,0.325161,-1.483673,0.176416,-0.462774,0.000000
0.000000,0.000000,-0.270000,0.520000,-0.300000,0.000000,0.000000,0.000000,-0.270000,0.520000,-0.300000,0.000000,0.457708,0.050000,0.210234,-0.531472,0.069717,0.425860,0.000000,-1.408001,-1.456088,0.335479,-1.582727,0.192348,-0.469365,0.000000
0.000000,0.000000,-0.270000,0.520000,-0.300000,0.000000,0.000000,0.000000,-0.270000,0.520000,-0.300000,0.000000,0.452766,0.050000,0.216560,-0.532409,0.072938,0.424978,0.000000,-1.414022,-1.478775,0.343740,-1.674205,0.205933,-0.474338,0.000000
0.000000,0.000000,-0.270000,0.520000,-0.300000,0.000000,0.000000,0.000000,-0.270000,0.520000,-0.300000,0.000000,0.448255,0.050000,0.224082,-0.533301,0.076116,0.423706,0.000000,-1.418113,-1.494242,0.349564,-1.749026,0.215580,-0.476514,0.000000
0.000000,0.000000,-0.270000,0.520000,-0.300000,0.000000,0.000000,0.000000,-0.270000,0.520000,-0.300000,0.000000,0.445386,0.050000,0.230137,-0.533453,0.078644,0.422262,0.000000,-1.421754,-1.500000,0.352654,-1.800000,0.221531,-0.477947,0.000000
0.000000,0.000000,-0.270000,0.520000,-0.300000,0.000000,0.000000,0.000000,-0.270000,0.520000,-0.300000,0.000000,0.447724,0.050000,0.237134,-0.529832,0.081400,0.419801,0.000000,-1.420715,-1.491237,0.359449,-1.800000,0.221435,-0.478356,0.000000
0.000000,0.000000,-0.270000,0.520000,-0.300000,0.000000,0.000000,0.000000,-0.270000,0.520000,-0.300000,0.000000,0.450483,0.050000,0.242324,-0.527361,0.082361,0.419914,0.000000,-1.417467,-1.472588,0.367533,-1.800000,0.216040,-0.476550,0.000000
0.000000,0.000000,-0.270000,0.520000,-0.300000,0.000000,0.000000,0.000000,-0.270000,0.520000,-0.300000,0.000000,0.453399,0.050000,0.248164,-0.525551,0.082965,0.421005,0.000000,-1.415513,-1.461019,0.373134,-1.800000,0.212071,-0.474344,0.000000
0.000000,0.000000,-0.270000,0.520000,-0.300000,0.000000,0.000000,0.000000,-0.270000,0.520000,-0.300000,0.000000,0.455760,0.050000,0.254970,-0.524216,0.083448,0.422351,0.000000,-1.416102,-1.455362,0.375405,-1.800000,0.209810,-0.472775,0.000000
0.000000,0.000000,-0.270000,0.520000,-0.300000,0.000000,0.000000,0.000000,-0.270000,0.520000,-0.300000,0.000000,0.457062,0.050000,0.260474,-0.523272,0.083177,0.424003,0.000000,-1.418070,-1.453136,0.376054,-1.800000,0.208111,-0.471322,0.000000
0.000000,0.000000,-0.270000,0.520000,-0.300000,0.000000,0.000000,0.000000,-0.270000,0.520000,-0.300000,0.000000,0.456575,0.050000,0.263344,-0.522588,0.081921,0.426142,0.000000,-1.420896,-1.452521,0.376379,-1.800000,0.206530,-0.470117,0.000000
0.000000,0.000000,-0.270000,0.520000,-0.300000,0.000000,0.000000,0.000000,-0.270000,0.520000,-0.300000,0.000000,0.453471,0.050000,0.262686,-0.522162,0.079685,0.428468,0.000000,-1.424667,-1.454323,0.377030,-1.800000,0.205501,-0.469157,0.000000
0.000000,0.000000,-0.270000,0.520000,-0.300000,0.000000,0.000000,0.000000,-0.270000,0.520000,-0.300000,0.000000,0.447999,0.050000,0.258213,-0.522204,0.076712,0.430757,0.000000,-1.429350,-1.459693,0.377615,-1.800000,0.205456,-0.468366,0.000000
0.000000,0.000000,-0.270000,0.520000,-0.300000,0.000000,0.000000,0.000000,-0.270000,0.520000,-0.300000,0.000000,0.440968,0.050000,0.250706,-0.523248,0.073431,0.432703,0.000000,-1.432030,-1.467493,0.380189,-1.800000,0.205874,-0.467188,0.000000
0.000000,0.000000,-0.270000,0.520000,-0.300000,0.000000,0.000000,0.000000,-0.270000,0.520000,-0.300000,0.000000,0.433498,0.050000,0.239534,-0.524544,0.069744,0.434288,0.000000,-1.430367,-1.475624,0.386959,-1.800000,0.206065,-0.465063,0.000000
0.000000,0.000000,-0.270000,0.520000,-0.300000,0.000000,0.000000,0.000000,-0.270000,0.520000,-0.300000,0.000000,0.426857,0.050000,0.223831,-0.524492,0.065406,0.435832,0.000000,-1.424212,-1.481307,0.398327,-1.800000,0.205381,-0.462142,0.000000
0.000000,0.000000,-0.270000,0.520000,-0.300000,0.000000,0.000000,0.000000,-0.270000,0.520000,-0.300000,0.000000,0.422587,0.050000,0.204202,-0.521866,0.060557,0.437835,0.000000,-1.411071,-1.482804,0.416464,-1.800000,0.203201,-0.457869,0.000000
0.000000,0.000000,-0.270000,0.520000,-0.300000,0.000000,0.000000,0.000000,-0.270000,0.520000,-0.300000,0.000000,0.421499,0.050000,0.185097,-0.517291,0.056388,0.440033,0.000000,-1.388355,-1.476985,0.442413,-1.800000,0.198654,-0.451742,0.000000
0.000000,0.000000,-0.270000,0.520000,-0.300000,0.000000,0.000000,0.000000,-0.270000,0.520000,-0.300000,0.000000,0.421849,0.050000,0.172309,-0.513197,0.054395,0.441862,0.000000,-1.357433,-1.461609,0.473322,-1.800000,0.191617,-0.443335,0.000000
0.000000,0.000000,-0.270000,0.520000,-0.300000,0.000000,0.000000,0.000000,-0.270000,0.520000,-0.300000,0.000000,0.422230,0.050000,0.163344,-0.510547,0.053898,0.443183,0.000000,-1.319352,-1.433454,0.507126,-1.799544,0.180854,-0.432183,0.000000
0.000000,0.000000,-0.270000,0.520000,-0.300000,0.000000,0.000000,0.000000,-0.270000,0.520000,-0.300000,0.000000,0.422890,0.050000,0.155440,-0.507986,0.053734,0.444731,0.000000,-1.275112,-1.395359,0.543118,-1.770359,0.166901,-0.418987,0.000000
0.000000,0.000000,-0.270000,0.520000,-0.300000,0.000000,0.000000,0.000000,-0.270000,0.520000,-0.300000,0.000000,0.424346,0.050000,0.148141,-0.504860,0.053754,0.446350,0.000000,-1.225242,-1.351010,0.578249,-1.734554,0.150873,-0.404850,0.000000
0.000000,0.000000,-0.270000,0.520000,-0.300000,0.000000,0.000000,0.000000,-0.270000,0.520000,-0.300000,0.000000,0.425367,0.050000,0.142971,-0.501663,0.054388,0.447807,0.000000,-1.167858,-1.301625,0.611194,-1.690153,0.132747,-0.390240,0.000000
0.000000,0.000000,-0.270000,0.520000,-0.300000,0.000000,0.000000,0.000000,-0.270000,0.520000,-0.300000,0.000000,0.425219,0.050000,0.143170,-0.498827,0.056809,0.449663,0.000000,-1.084813,-1.226742,0.635613,-1.616968,0.105253,-0.372413,0.000000
0.000000,0.000000,-0.270000,0.520000,-0.300000,0.000000,0.000000,0.000000,-0.270000,0.520000,-0.300000,0.000000,0.422991,0.050000,0.147940,-0.495566,0.060933,0.451714,0.000000,-0.965445,-1.115519,0.621495,-1.504246,0.069780,-0.351961,0.000000
0.000000,0.000000,-0.270000,0.520000,-0.300000,0.000000,0.000000,0.000000,-0.270000,0.520000,-0.300000,0.000000,0.419863,0.050000,0.153243,-0.492409,0.064514,0.452856,0.000000,-0.832645,-0.999803,0.564905,-1.392597,0.044946,-0.335284,0.000000
0.000000,0.000000,-0.270000,0.520000,-0.300000,0.000000,0.000000,0.000000,-0.270000,0.520000,-0.300000,0.000000,0.415972,0.050000,0.157131,-0.489826,0.066946,0.452566,0.000000,-0.687449,-0.891225,0.492742,-1.293119,0.036070,-0.322098,0.000000
0.000000,0.000000,-0.270000,0.520000,-0.300000,0.000000,0.000000,0.000000,-0.270000,0.520000,-0.300000,0.000000,0.412161,0.050000,0.160547,-0.487575,0.068751,0.450969,0.000000,-0.537149,-0.788347,0.421890,-1.207756,0.037881,-0.313576,0.000000
0.000000,0.000000,-0.270000,0.520000,-0.300000,0.000000,0.000000,0.000000,-0.270000,0.520000,-0.300000,0.000000,0.408101,0.050000,0.164231,-0.485668,0.070447,0.448406,0.000000,-0.394835,-0.684101,0.349983,-1.133385,0.042404,-0.309667,0.000000
0.000000,0.000000,-0.270000,0.520000,-0.300000,0.000000,0.000000,0.000000,-0.270000,0.520000,-0.300000,0.000000,0.404582,0.050000,0.166047,-0.483576,0.071628,0.445365,0.000000,-0.256230,-0.579313,0.280793,-1.060033,0.049414,-0.305008,0.000000
0.000000,0.000000,-0.270000,0.520000,-0.300000,0.000000,0.000000,0.000000,-0.270000,0.520000,-0.300000,0.000000,0.401603,0.050000,0.166100,-0.481520,0.072443,0.442424,0.000000,-0.128075,-0.485783,0.235037,-0.986702,0.057735,-0.296068,0.000000
0.000000,0.000000,-0.270000,0.520000,-0.300000,0.000000,0.000000,0.000000,-0.270000,0.520000,-0.300000,0.000000,0.398441,0.050000,0.163887,-0.479409,0.072900,0.439764,0.000000,-0.008933,-0.403777,0.206119,-0.905366,0.067359,-0.283441,0.000000
0.000000,0.000000,-0.270000,0.520000,-0.300000,0.000000,0.000000,0.000000,-0.270000,0.520000,-0.300000,0.000000,0.396360,0.050000,0.159491,-0.476117,0.073037,0.437114,0.000000,0.099286,-0.331757,0.193329,-0.810458,0.076283,-0.266279,0.000000
0.000000,0.000000,-0.270000,0.520000,-0.300000,0.000000,0.000000,0.000000,-0.270000,0.520000,-0.300000,0.000000,0.395677,0.050000,0.152559,-0.473107,0.072796,0.434263,0.000000,0.193444,-0.274303,0.197717,-0.706490,0.084739,-0.244629,0.000000
0.000000,0.000000,-0.270000,0.520000,-0.300000,0.000000,0.000000,0.000000,-0.270000,0.520000,-0.300000,0.000000,0.396301,0.050000,0.149755,-0.470911,0.073631,0.431461,0.000000,0.261517,-0.235552,0.208259,-0.612702,0.089835,-0.221823,0.000000
0.000000,0.000000,-0.270000,0.520000,-0.300000,0.000000,0.000000,0.000000,-0.270000,0.520000,-0.300000,0.000000,0.397226,0.050000,0.154070,-0.469695,0.076018,0.429100,0.000000,0.309748,-0.210533,0.213573,-0.537264,0.090268,-0.202105,0.000000
0.000000,0.000000,-0.270000,0.520000,-0.300000,0.000000,0.000000,0.000000,-0.270000,0.520000,-0.300000,0.000000,0.397722,0.050000,0.162055,-0.469316,0.079168,0.427033,0.000000,0.345400,-0.186998,0.201825,-0.468052,0.085764,-0.184622,0.000000
0.000000,0.000000,-0.270000,0.520000,-0.300000,0.000000,0.000000,0.000000,-0.270000,0.520000,-0.300000,0.000000,0.396883,0.050000,0.166692,-0.469482,0.080926,0.425718,0.000000,0.358609,-0.170215,0.184165,-0.431642,0.080941,-0.175298,0.000000
0.000000,0.000000,-0.270000,0.520000,-0.300000,0.000000,0.000000,0.000000,-0.270000,0.520000,-0.300000,0.000000,0.395699,0.050000,0.170655,-0.469819,0.082241,0.424542,0.000000,0.361355,-0.156935,0.163928,-0.412955,0.076747,-0.170784,0.000000
0.000000,0.000000,-0.270000,0.520000,-0.300000,0.000000,0.000000,0.000000,-0.270000,0.520000,-0.300000,0.000000,0.395087,0.050000,0.176029,-0.469715,0.083809,0.423566,0.000000,0.361521,-0.145251,0.144247,-0.397242,0.073998,-0.167011,0.000000
0.000000,0.000000,-0.270000,0.520000,-0.300000,0.000000,0.000000,0.000000,-0.270000,0.520000,-0.300000,0.000000,0.396344,0.050000,0.185058,-0.469533,0.085621,0.424530,0.000000,0.360747,-0.131724,0.123406,-0.377291,0.073442,-0.160768,0.000000
0.000000,0.000000,-0.270000,0.520000,-0.300000,0.000000,0.000000,0.000000,-0.270000,0.520000,-0.300000,0.000000,0.398970,0.050000,0.192676,-0.469858,0.085801,0.428697,0.000000,0.358975,-0.120603,0.114248,-0.355877,0.077584,-0.151892,0.000000
0.000000,0.000000,-0.270000,0.520000,-0.300000,0.000000,0.000000,0.000000,-0.270000,0.520000,-0.300000,0.000000,0.401013,0.050000,0.190863,-0.469288,0.082096,0.436577,0.000000,0.354122,-0.116904,0.129102,-0.337214,0.088260,-0.140614,0.000000
0.000000,0.000000,-0.270000,0.520000,-0.300000,0.000000,0.000000,0.000000,-0.270000,0.520000,-0.300000,0.000000,0.398392,0.050000,0.186897,-0.471743,0.076668,0.446483,0.000000,0.346857,-0.117635,0.154137,-0.320152,0.100897,-0.128182,0.000000
0.000000,0.000000,-0.270000,0.520000,-0.300000,0.000000,0.000000,0.000000,-0.270000,0.520000,-0.300000,0.000000,0.389819,0.050000,0.183293,-0.479255,0.070203,0.457170,0.000000,0.339899,-0.119803,0.181030,-0.304791,0.111633,-0.116053,0.000000
0.000000,0.000000,-0.270000,0.520000,-0.300000,0.000000,0.000000,0.000000,-0.270000,0.520000,-0.300000,0.000000,0.378336,0.050000,0.179599,-0.490067,0.062994,0.467705,0.000000,0.334966,-0.121073,0.202997,-0.292077,0.118473,-0.105508,0.000000
0.000000,0.000000,-0.270000,0.520000,-0.300000,0.000000,0.000000,0.000000,-0.270000,0.520000,-0.300000,0.000000,0.360722,0.050000,0.181319,-0.507496,0.055125,0.480565,0.000000,0.330020,-0.121808,0.220067,-0.280531,0.122443,-0.095410,0.000000
0.000000,0.000000,-0.270000,0.520000,-0.300000,0.000000,0.000000,0.000000,-0.270000,0.520000,-0.300000,0.000000,0.327735,0.062927,0.197738,-0.539263,0.046384,0.496943,0.000000,0.323625,-0.121923,0.230784,-0.268356,0.123335,-0.084759,0.000000
0.000000,0.000000,-0.270000,0.520000,-0.300000,0.000000,0.000000,0.000000,-0.270000,0.520000,-0.300000,0.000000,0.272145,0.168945,0.232590,-0.590144,0.036283,0.500000,0.000000,0.314334,-0.121557,0.234990,-0.256369,0.121269,-0.074994,0.000000
0.000000,0.000000,-0.270000,0.520000,-0.300000,0.000000,0.000000,0.000000,-0.270000,0.520000,-0.300000,0.000000,0.201536,0.285049,0.281763,-0.653796,0.024586,0.500000,0.000000,0.304454,-0.121100,0.232389,-0.246060,0.116958,-0.069396,0.000000
0.000000,0.000000,-0.270000,0.520000,-0.300000,0.000000,0.000000,0.000000,-0.270000,0.520000,-0.300000,0.000000,0.122496,0.418077,0.343398,-0.721237,0.009479,0.500000,0.000000,0.297356,-0.119863,0.224915,-0.232500,0.111011,-0.066678,0.000000
0.000000,0.000000,-0.270000,0.520000,-0.300000,0.000000,0.000000,0.000000,-0.270000,0.520000,-0.300000,0.000000,0.049466,0.556124,0.387125,-0.789429,-0.010905,0.500000,0.000000,0.293242,-0.119674,0.220476,-0.218454,0.106528,-0.066576,0.000000
0.000000,0.000000,-0.270000,0.520000,-0.300000,0.000000,0.000000,0.000000,-0.270000,0.520000,-0.300000,0.000000,-0.014872,0.700596,0.401041,-0.866656,-0.036997,0.500000,0.000000,0.289577,-0.121098,0.219114,-0.206066,0.103918,-0.068054,0.000000
0.000000,0.000000,-0.270000,0.520000,-0.300000,0.000000,0.000000,0.000000,-0.270000,0.520000,-0.300000,0.000000,-0.070204,0.848563,0.402145,-0.945132,-0.064464,0.500000,0.000000,0.285045,-0.122074,0.212879,-0.196600,0.101170,-0.069955,0.000000
0.000000,0.000000,-0.270000,0.520000,-0.300000,0.000000,0.000000,0.000000,-0.270000,0.520000,-0.300000,0.000000,-0.119994,0.992592,0.402703,-1.022707,-0.087897,0.500000,0.000000,0.281428,-0.122881,0.200738,-0.188461,0.097736,-0.072217,0.000000
0.000000,0.000000,-0.270000,0.520000,-0.300000,0.000000,0.000000,0.000000,-0.270000,0.520000,-0.300000,0.000000,-0.167487,1.132140,0.405108,-1.102756,-0.107118,0.500000,0.000000,0.277428,-0.123360,0.185750,-0.182137,0.094121,-0.075030,0.000000
0.000000,0.000000,-0.270000,0.520000,-0.300000,0.000000,0.000000,0.000000,-0.270000,0.520000,-0.300000,0.000000,-0.219775,1.261163,0.417787,-1.185328,-0.120419,0.500000,0.000000,0.273004,-0.123389,0.170968,-0.177831,0.090988,-0.078613,0.000000
0.000000,0.000000,-0.270000,0.520000,-0.300000,0.000000,0.000000,0.000000,-0.270000,0.520000,-0.300000,0.000000,-0.278367,1.375108,0.440097,-1.273662,-0.127739,0.500000,0.000000,0.268232,-0.122233,0.157462,-0.175508,0.088431,-0.082441,0.000000
0.000000,0.000000,-0.270000,0.520000,-0.300000,0.000000,0.000000,0.000000,-0.270000,0.520000,-0.300000,0.000000,-0.339846,1.473175,0.468347,-1.370109,-0.130716,0.500000,0.000000,0.263124,-0.120257,0.146853,-0.174738,0.086509,-0.085835,0.000000
0.000000,0.000000,-0.270000,0.520000,-0.300000,0.000000,0.000000,0.000000,-0.270000,0.520000,-0.300000,0.000000,-0.392302,1.500000,0.494445,-1.469064,-0.131243,0.500000,0.000000,0.259007,-0.118272,0.139299,-0.174058,0.084980,-0.088180,0.000000
0.000000,0.000000,-0.270000,0.520000,-0.300000,0.000000,0.000000,0.000000,-0.270000,0.520000,-0.300000,0.000000,-0.436040,1.500000,0.518844,-1.568136,-0.128681,0.500000,0.000000,0.255284,-0.116098,0.131943,-0.173296,0.083414,-0.090192,0.000000
0.000000,0.000000,-0.270000,0.520000,-0.300000,0.000000,0.000000,0.000000,-0.270000,0.520000,-0.300000,0.000000,-0.470847,1.500000,0.539733,-1.669653,-0.121346,0.500000,0.000000,0.252151,-0.113451,0.119726,-0.171891,0.080968,-0.092326,0.000000
0.000000,0.000000,-0.270000,0.520000,-0.300000,0.000000,0.000000,0.000000,-0.270000,0.520000,-0.300000,0.000000,-0.492373,1.500000,0.550332,-1.764186,-0.109325,0.500000,0.000000,0.252417,-0.109009,0.104046,-0.168448,0.077767,-0.093217,0.000000
0.000000,0.000000,-0.270000,0.520000,-0.300000,0.000000,0.000000,0.000000,-0.270000,0.520000,-0.300000,0.000000,-0.507615,1.500000,0.556604,-1.800000,-0.098194,0.500000,0.000000,0.254993,-0.104967,0.086148,-0.165154,0.074246,-0.094250,0.000000
0.000000,0.000000,-0.270000,0.520000,-0.300000,0.000000,0.000000,0.000000,-0.270000,0.520000,-0.300000,0.000000,-0.513431,1.500000,0.557616,-1.800000,-0.092416,0.500000,0.000000,0.257830,-0.103116,0.072803,-0.162684,0.071817,-0.095471,0.000000
0.000000,0.000000,-0.270000,0.520000,-0.300000,0.000000,0.000000,0.000000,-0.270000,0.520000,-0.300000,0.000000,-0.513154,1.500000,0.553211,-1.800000,-0.087113,0.500000,0.000000,0.260717,-0.102931,0.058539,-0.160599,0.069712,-0.097792,0.000000
0.000000,0.000000,-0.270000,0.520000,-0.300000,0.000000,0.000000,0.000000,-0.270000,0.520000,-0.300000,0.000000,-0.512539,1.500000,0.550444,-1.800000,-0.083428,0.500000,0.000000,0.264055,-0.103242,0.046282,-0.159224,0.068047,-0.100052,0.000000
0.000000,0.000000,-0.270000,0.520000,-0.300000,0.000000,0.000000,0.000000,-0.270000,0.520000,-0.300000,0.000000,-0.512967,1.500000,0.548643,-1.800000,-0.082899,0.500000,0.000000,0.266178,-0.105423,0.034609,-0.158985,0.066950,-0.103123,0.000000
0.000000,0.000000,-0.270000,0.520000,-0.300000,0.000000,0.000000,0.000000,-0.270000,0.520000,-0.300000,0.000000,-0.512333,1.500000,0.546998,-1.800000,-0.082740,0.500000,0.000000,0.269117,-0.108068,0.026482,-0.159390,0.066697,-0.106041,0.000000
0.000000,0.000000,-0.270000,0.520000,-0.300000,0.000000,0.000000,0.000000,-0.270000,0.520000,-0.300000,0.000000,-0.510414,1.500000,0.545006,-1.800000,-0.081598,0.500000,0.000000,0.270101,-0.112146,0.026127,-0.162153,0.067939,-0.108566,0.000000
0.000000,0.000000,-0.270000,0.520000,-0.300000,0.000000,0.000000,0.000000,-0.270000,0.520000,-0.300000,0.000000,-0.508271,1.500000,0.543216,-1.800000,-0.080075,0.500000,0.000000,0.270979,-0.117300,0.029915,-0.166009,0.070117,-0.111060,0.000000
0.000000,0.000000,-0.270000,0.520000,-0.300000,0.000000,0.000000,0.000000,-0.270000,0.520000,-0.300000,0.000000,-0.506355,1.500000,0.542873,-1.800000,-0.079749,0.500000,0.000000,0.271756,-0.122251,0.036818,-0.169768,0.072519,-0.112985,0.000000
0.000000,0.000000,-0.270000,0.520000,-0.300000,0.000000,0.000000,0.000000,-0.270000,0.520000,-0.300000,0.000000,-0.503227,1.500000,0.541379,-1.800000,-0.080020,0.500000,0.000000,0.271654,-0.128092,0.047152,-0.174353,0.075490,-0.114934,0.000000
0.000000,0.000000,-0.270000,0.520000,-0.300000,0.000000,0.000000,0.000000,-0.270000,0.520000,-0.300000,0.000000,-0.497640,1.500000,0.537332,-1.800000,-0.080465,0.500000,0.000000,0.271071,-0.134628,0.059094,-0.179124,0.078610,-0.116831,0.000000
0.000000,0.000000,-0.270000,0.520000,-0.300000,0.000000,0.000000,0.000000,-0.270000,0.520000,-0.300000,0.000000,-0.490698,1.500000,0.531725,-1.800000,-0.081196,0.500000,0.000000,0.270232,-0.141338,0.072491,-0.183654,0.081817,-0.118533,0.000000
0.000000,0.000000,-0.270000,0.520000,-0.300000,0.000000,0.000000,0.000000,-0.270000,0.520000,-0.300000,0.000000,-0.482086,1.500000,0.523955,-1.800000,-0.082429,0.500000,0.000000,0.268504,-0.148022,0.089040,-0.188337,0.085225,-0.119820,0.000000
0.000000,0.000000,-0.270000,0.520000,-0.300000,0.000000,0.000000,0.000000,-0.270000,0.520000,-0.300000,0.000000,-0.474749,1.500000,0.517480,-1.800000,-0.083400,0.500000,0.000000,0.267407,-0.152543,0.102364,-0.191446,0.087472,-0.120360,0.000000
0.000000,0.000000,-0.270000,0.520000,-0.300000,0.000000,0.000000,0.000000,-0.270000,0.520000,-0.300000,0.000000,-0.468957,1.500000,0.512688,-1.800000,-0.083391,0.500000,0.000000,0.266434,-0.155201,0.110382,-0.193094,0.088257,-0.120797,0.000000
0.000000,0.000000,-0.270000,0.520000,-0.300000,0.000000,0.000000,0.000000,-0.270000,0.520000,-0.300000,0.000000,-0.464793,1.500000,0.510013,-1.800000,-0.081495,0.500000,0.000000,0.264038,-0.157980,0.119964,-0.195378,0.088337,-0.121464,0.000000
0.000000,0.000000,-0.270000,0.520000,-0.300000,0.000000,0.000000,0.000000,-0.270000,0.520000,-0.300000,0.000000,-0.464125,1.500000,0.512319,-1.800000,-0.079112,0.500000,0.000000,0.262429,-0.159218,0.126544,-0.197161,0.087432,-0.121905,0.000000
0.000000,0.000000,-0.270000,0.520000,-0.300000,0.000000,0.000000,0.000000,-0.270000,0.520000,-0.300000,0.000000,-0.465164,1.484170,0.518247,-1.800000,-0.077051,0.500000,0.000000,0.262247,-0.158994,0.129105,-0.197994,0.086059,-0.122010,0.000000
0.000000,0.000000,-0.270000,0.520000,-0.300000,0.000000,0.000000,0.000000,-0.270000,0.520000,-0.300000,0.000000,-0.466099,1.455976,0.526510,-1.781653,-0.075796,0.500000,0.000000,0.262160,-0.157932,0.129748,-0.198693,0.084433,-0.121915,0.000000
0.000000,0.000000,-0.270000,0.520000,-0.300000,0.000000,0.000000,0.000000,-0.270000,0.520000,-0.300000,0.000000,-0.465975,1.429226,0.537735,-1.729523,-0.075642,0.500000,0.000000,0.261898,-0.156449,0.127464,-0.199472,0.082456,-0.121945,0.000000
0.000000,0.000000,-0.270000,0.520000,-0.300000,0.000000,0.000000,0.000000,-0.270000,0.520000,-0.300000,0.000000,-0.466969,1.392078,0.561325,-1.641376,-0.076751,0.500000,0.000000,0.260402,-0.154726,0.121401,-0.200547,0.079322,-0.122602,0.000000
0.000000,0.000000,-0.270000,0.520000,-0.300000,0.000000,0.000000,0.000000,-0.270000,0.520000,-0.300000,0.000000,-0.470940,1.350533,0.601634,-1.524250,-0.079105,0.500000,0.000000,0.260417,-0.152361,0.112494,-0.201075,0.075152,-0.123448,0.000000
0.000000,0.000000,-0.270000,0.520000,-0.300000,0.000000,0.000000,0.000000,-0.270000,0.520000,-0.300000,0.000000,-0.471021,1.321808,0.641328,-1.414347,-0.082479,0.500000,0.000000,0.260985,-0.149548,0.103791,-0.201595,0.071438,-0.124086,0.000000
0.000000,0.000000,-0.270000,0.520000,-0.300000,0.000000,0.000000,0.000000,-0.270000,0.520000,-0.300000,0.000000,-0.467225,1.301873,0.679481,-1.310226,-0.085990,0.500000,0.000000,0.261606,-0.147005,0.096127,-0.202327,0.068441,-0.124861,0.000000
0.000000,0.000000,-0.270000,0.520000,-0.300000,0.000000,0.000000,0.000000,-0.270000,0.520000,-0.300000,0.000000,-0.462426,1.287365,0.716387,-1.214894,-0.088490,0.500000,0.000000,0.261394,-0.144462,0.088450,-0.203609,0.065877,-0.125927,0.000000
0.000000,0.000000,-0.270000,0.520000,-0.300000,0.000000,0.000000,0.000000,-0.270000,0.520000,-0.300000,0.000000,-0.456487,1.277188,0.750876,-1.130076,-0.089914,0.500000,0.000000,0.261160,-0.141703,0.081605,-0.205187,0.063759,-0.126982,0.000000
0.000000,0.000000,-0.270000,0.520000,-0.300000,0.000000,0.000000,0.000000,-0.270000,0.520000,-0.300000,0.000000,-0.447240,1.269759,0.780212,-1.055417,-0.090366,0.500000,0.000000,0.260975,-0.138726,0.076372,-0.207121,0.062204,-0.127815,0.000000
0.000000,0.000000,-0.270000,0.520000,-0.300000,0.000000,0.000000,0.000000,-0.270000,0.520000,-0.300000,0.000000,-0.437944,1.263654,0.807019,-0.991372,-0.089455,0.500000,0.000000,0.260361,-0.136280,0.072562,-0.209889,0.061169,-0.128748,0.000000
0.000000,0.000000,-0.270000,0.520000,-0.300000,0.000000,0.000000,0.000000,-0.270000,0.520000,-0.300000,0.000000,-0.429715,1.257743,0.831812,-0.937506,-0.087107,0.500000,0.000000,0.259464,-0.134664,0.069203,-0.212953,0.060492,-0.129885,0.000000
0.000000,0.000000,-0.270000,0.520000,-0.300000,0.000000,0.000000,0.000000,-0.270000,0.520000,-0.300000,0.000000,-0.422279,1.251933,0.855386,-0.892725,-0.083580,0.500000,0.000000,0.259884,-0.134450,0.066312,-0.215478,0.060291,-0.131263,0.000000
0.000000,0.000000,-0.270000,0.520000,-0.300000,0.000000,0.000000,0.000000,-0.270000,0.520000,-0.300000,0.000000,-0.413295,1.249127,0.876779,-0.856405,-0.080163,0.500000,0.000000,0.262120,-0.135521,0.064418,-0.217338,0.060586,-0.132779,0.000000
0.000000,0.000000,-0.270000,0.520000,-0.300000,0.000000,0.000000,0.000000,-0.270000,0.520000,-0.300000,0.000000,-0.405229,1.251545,0.897175,-0.829942,-0.077098,0.500000,0.000000,0.264372,-0.136691,0.062619,-0.218947,0.061030,-0.134235,0.000000
0.000000,0.000000,-0.270000,0.520000,-0.300000,0.000000,0.000000,0.000000,-0.270000,0.520000,-0.300000,0.000000,-0.397226,1.257012,0.916430,-0.810205,-0.074280,0.500000,0.000000,0.265598,-0.137111,0.059295,-0.221126,0.061087,-0.135488,0.000000
0.000000,0.000000,-0.270000,0.520000,-0.300000,0.000000,0.000000,0.000000,-0.270000,0.520000,-0.300000,0.000000,-0.391153,1.261497,0.930106,-0.797790,-0.072214,0.500000,0.000000,0.265411,-0.136959,0.055530,-0.223229,0.060835,-0.136446,0.000000
0.000000,0.000000,-0.270000,0.520000,-0.300000,0.000000,0.000000,0.000000,-0.270000,0.520000,-0.300000,0.000000,-0.387445,1.263688,0.938571,-0.790666,-0.070796,0.500000,0.000000,0.264257,-0.136316,0.052773,-0.225129,0.060580,-0.137042,0.000000
0.000000,0.000000,-0.270000,0.520000,-0.300000,0.000000,0.000000,0.000000,-0.270000,0.520000,-0.300000,0.000000,-0.383027,1.264529,0.944913,-0.784207,-0.069401,0.500000,0.000000,0.262874,-0.135256,0.051651,-0.227085,0.060654,-0.137525,0.000000
0.000000,0.000000,-0.270000,0.520000,-0.300000,0.000000,0.000000,0.000000,-0.270000,0.520000,-0.300000,0.000000,-0.376931,1.264784,0.948104,-0.779031,-0.067916,0.500000,0.000000,0.260932,-0.133325,0.053740,-0.229414,0.061275,-0.137778,0.000000
0.000000,0.000000,-0.270000,0.520000,-0.300000,0.000000,0.000000,0.000000,-0.270000,0.520000,-0.300000,0.000000,-0.369120,1.267018,0.947840,-0.778089,-0.066292,0.500000,0.000000,0.258957,-0.130511,0.059680,-0.232374,0.062399,-0.137616,0.000000
0.000000,0.000000,-0.270000,0.520000,-0.300000,0.000000,0.000000,0.000000,-0.270000,0.520000,-0.300000,0.000000,-0.360600,1.273569,0.944060,-0.784155,-0.064718,0.500000,0.000000,0.257707,-0.127639,0.068631,-0.235424,0.063722,-0.137118,0.000000
0.000000,0.000000,-0.270000,0.520000,-0.300000,0.000000,0.000000,0.000000,-0.270000,0.520000,-0.300000,0.000000,-0.353473,1.283234,0.938703,-0.793968,-0.064551,0.500000,0.000000,0.259274,-0.127379,0.076069,-0.236455,0.064747,-0.136943,0.000000
0.000000,0.000000,-0.270000,0.520000,-0.300000,0.000000,0.000000,0.000000,-0.270000,0.520000,-0.300000,0.000000,-0.343868,1.310812,0.926445,-0.824241,-0.064391,0.500000,0.000000,0.260621,-0.129302,0.090000,-0.237963,0.066011,-0.137388,0.000000
0.000000,0.000000,-0.270000,0.520000,-0.300000,0.000000,0.000000,0.000000,-0.270000,0.520000,-0.300000,0.000000,-0.340577,1.344511,0.916856,-0.863974,-0.063526,0.500000,0.000000,0.259629,-0.131556,0.100119,-0.240445,0.065668,-0.138263,0.000000
0.000000,0.000000,-0.270000,0.520000,-0.300000,0.000000,0.000000,0.000000,-0.270000,0.520000,-0.300000,0.000000,-0.342271,1.383171,0.908491,-0.913762,-0.061840,0.500000,0.000000,0.256020,-0.133472,0.102525,-0.243793,0.062856,-0.139658,0.000000
0.000000,0.000000,-0.270000,0.520000,-0.300000,0.000000,0.000000,0.000000,-0.270000,0.520000,-0.300000,0.000000,-0.348207,1.417667,0.902529,-0.964282,-0.059635,0.500000,0.000000,0.251798,-0.135254,0.096080,-0.245528,0.058718,-0.141567,0.000000
0.000000,0.000000,-0.270000,0.520000,-0.300000,0.000000,0.000000,0.000000,-0.270000,0.520000,-0.300000,0.000000,-0.354874,1.454431,0.894456,-1.025600,-0.056678,0.500000,0.000000,0.248129,-0.137056,0.085562,-0.245793,0.053723,-0.143851,0.000000
0.000000,0.000000,-0.270000,0.520000,-0.300000,0.000000,0.000000,0.000000,-0.270000,0.520000,-0.300000,0.000000,-0.362133,1.489613,0.882965,-1.101758,-0.051789,0.500000,0.000000,0.245605,-0.138008,0.072797,-0.243879,0.048472,-0.146219,0.000000
0.000000,0.000000,-0.270000,0.520000,-0.300000,0.000000,0.000000,0.000000,-0.270000,0.520000,-0.300000,0.000000,-0.367574,1.500000,0.870648,-1.175188,-0.045592,0.500000,0.000000,0.245995,-0.138039,0.066826,-0.240898,0.045486,-0.147729,0.000000
0.000000,0.000000,-0.270000,0.520000,-0.300000,0.000000,0.000000,0.000000,-0.270000,0.520000,-0.300000,0.000000,-0.369478,1.500000,0.852221,-1.263683,-0.038163,0.500000,0.000000,0.247924,-0.137356,0.064322,-0.237934,0.043456,-0.148982,0.000000
0.000000,0.000000,-0.270000,0.520000,-0.300000,0.000000,0.000000,0.000000,-0.270000,0.520000,-0.300000,0.000000,-0.370561,1.500000,0.829743,-1.373291,-0.031459,0.500000,0.000000,0.250188,-0.136315,0.063680,-0.235591,0.041823,-0.150313,0.000000
0.000000,0.000000,-0.270000,0.520000,-0.300000,0.000000,0.000000,0.000000,-0.270000,0.520000,-0.300000,0.000000,-0.373276,1.500000,0.812906,-1.467621,-0.028735,0.500000,0.000000,0.250330,-0.135608,0.064686,-0.234851,0.040899,-0.151032,0.000000
0.000000,0.000000,-0.270000,0.520000,-0.300000,0.000000,0.000000,0.000000,-0.270000,0.520000,-0.300000,0.000000,-0.374003,1.500000,0.797186,-1.543279,-0.027337,0.500000,0.000000,0.248039,-0.134784,0.063462,-0.235575,0.039715,-0.151386,0.000000
0.000000,0.000000,-0.270000,0.520000,-0.300000,0.000000,0.000000,0.000000,-0.270000,0.520000,-0.300000,0.000000,-0.373277,1.500000,0.780808,-1.612710,-0.027370,0.500000,0.000000,0.244068,-0.134198,0.060699,-0.237004,0.038423,-0.151747,0.000000
0.000000,0.000000,-0.270000,0.520000,-0.300000,0.000000,0.000000,0.000000,-0.270000,0.520000,-0.300000,0.000000,-0.369915,1.500000,0.762669,-1.674255,-0.028560,0.500000,0.000000,0.239164,-0.133405,0.057480,-0.238959,0.037296,-0.151926,0.000000
0.000000,0.000000,-0.270000,0.520000,-0.300000,0.000000,0.000000,0.000000,-0.270000,0.520000,-0.300000,0.000000,-0.366595,1.500000,0.746015,-1.727694,-0.030844,0.500000,0.000000,0.234407,-0.132214,0.053630,-0.241214,0.036267,-0.151761,0.000000
0.000000,0.000000,-0.270000,0.520000,-0.300000,0.000000,0.000000,0.000000,-0.270000,0.520000,-0.300000,0.000000,-0.367135,1.500000,0.734250,-1.776503,-0.034222,0.500000,0.000000,0.234039,-0.133484,0.053799,-0.241502,0.036383,-0.151189,0.000000
0.000000,0.000000,-0.270000,0.520000,-0.300000,0.000000,0.000000,0.000000,-0.270000,0.520000,-0.300000,0.000000,-0.363359,1.500000,0.720406,-1.800000,-0.040573,0.500000,0.000000,0.236810,-0.136101,0.059531,-0.240497,0.037671,-0.150218,0.000000
0.000000,0.000000,-0.270000,0.520000,-0.300000,0.000000,0.000000,0.000000,-0.270000,0.520000,-0.300000,0.000000,-0.356816,1.500000,0.707387,-1.800000,-0.047782,0.500000,0.000000,0.241337,-0.138635,0.065213,-0.239214,0.038756,-0.149448,0.000000
0.000000,0.000000,-0.270000,0.520000,-0.300000,0.000000,0.000000,0.000000,-0.270000,0.520000,-0.300000,0.000000,-0.353909,1.500000,0.698914,-1.800000,-0.051698,0.500000,0.000000,0.245419,-0.140183,0.068620,-0.238677,0.039269,-0.148763,0.000000
0.000000,0.000000,-0.270000,0.520000,-0.300000,0.000000,0.000000,0.000000,-0.270000,0.520000,-0.300000,0.000000,-0.353273,1.500000,0.692077,-1.800000,-0.054183,0.500000,0.000000,0.247578,-0.140404,0.068211,-0.239067,0.038876,-0.148134,0.000000
0.000000,0.000000,-0.270000,0.520000,-0.300000,0.000000,0.000000,0.000000,-0.270000,0.520000,-0.300000,0.000000,-0.356280,1.500000,0.688990,-1.800000,-0.055083,0.500000,0.000000,0.247940,-0.139045,0.063610,-0.239628,0.037529,-0.147858,0.000000
0.000000,0.000000,-0.270000,0.520000,-0.300000,0.000000,0.000000,0.000000,-0.270000,0.520000,-0.300000,0.000000,-0.359238,1.500000,0.684184,-1.800000,-0.054195,0.500000,0.000000,0.248165,-0.135952,0.054511,-0.239739,0.035121,-0.147508,0.000000
0.000000,0.000000,-0.270000,0.520000,-0.300000,0.000000,0.000000,0.000000,-0.270000,0.520000,-0.300000,0.000000,-0.360514,1.500000,0.677134,-1.800000,-0.052481,0.500000,0.000000,0.247687,-0.131340,0.043882,-0.239635,0.032422,-0.146786,0.000000
0.000000,0.000000,-0.270000,0.520000,-0.300000,0.000000,0.000000,0.000000,-0.270000,0.520000,-0.300000,0.000000,-0.360530,1.500000,0.671391,-1.800000,-0.050716,0.500000,0.000000,0.246636,-0.127008,0.036334,-0.239597,0.030589,-0.146101,0.000000
0.000000,0.000000,-0.270000,0.520000,-0.300000,0.000000,0.000000,0.000000,-0.270000,0.520000,-0.300000,0.000000,-0.359065,1.500000,0.664321,-1.800000,-0.047769,0.500000,0.000000,0.245552,-0.121134,0.029167,-0.239360,0.028861,-0.145084,0.000000
0.000000,0.000000,-0.270000,0.520000,-0.300000,0.000000,0.000000,0.000000,-0.270000,0.520000,-0.300000,0.000000,-0.352552,1.489573,0.651196,-1.800000,-0.042026,0.500000,0.000000,0.244962,-0.111090,0.020741,-0.238951,0.026831,-0.143341,0.000000
0.000000,0.000000,-0.270000,0.520000,-0.300000,0.000000,0.000000,0.000000,-0.270000,0.520000,-0.300000,0.000000,-0.340143,1.426939,0.630278,-1.800000,-0.033262,0.500000,0.000000,0.245571,-0.095682,0.012031,-0.238660,0.024826,-0.140788,0.000000
0.000000,0.000000,-0.270000,0.520000,-0.300000,0.000000,0.000000,0.000000,-0.270000,0.520000,-0.300000,0.000000,-0.328980,1.372938,0.615753,-1.800000,-0.027329,0.500000,0.000000,0.246859,-0.085247,0.010460,-0.239136,0.024570,-0.139086,0.000000
0.000000,0.000000,-0.270000,0.520000,-0.300000,0.000000,0.000000,0.000000,-0.270000,0.520000,-0.300000,0.000000,-0.312445,1.317263,0.603314,-1.800000,-0.022942,0.500000,0.000000,0.247471,-0.078747,0.017411,-0.241417,0.026252,-0.137686,0.000000
0.000000,0.000000,-0.270000,0.520000,-0.300000,0.000000,0.000000,0.000000,-0.270000,0.520000,-0.300000,0.000000,-0.279871,1.224409,0.585389,-1.759497,-0.018022,0.500000,0.000000,0.247193,-0.072218,0.036309,-0.246223,0.030599,-0.135777,0.000000
0.000000,0.000000,-0.270000,0.520000,-0.300000,0.000000,0.000000,0.000000,-0.270000,0.520000,-0.300000,0.000000,-0.244634,1.140250,0.570843,-1.682711,-0.015434,0.500000,0.000000,0.246017,-0.069493,0.053736,-0.250466,0.034369,-0.134760,0.000000
0.000000,0.000000,-0.270000,0.520000,-0.300000,0.000000,0.000000,0.000000,-0.270000,0.520000,-0.300000,0.000000,-0.201701,1.054688,0.555691,-1.602169,-0.013532,0.500000,0.000000,0.244281,-0.069231,0.067042,-0.254352,0.036937,-0.134625,0.000000
0.000000,0.000000,-0.270000,0.520000,-0.300000,0.000000,0.000000,0.000000,-0.270000,0.520000,-0.300000,0.000000,-0.148768,0.948424,0.542420,-1.506467,-0.011115,0.500000,0.000000,0.240137,-0.070942,0.075729,-0.258254,0.038254,-0.135595,0.000000
0.000000,0.000000,-0.270000,0.520000,-0.300000,0.000000,0.000000,0.000000,-0.270000,0.520000,-0.300000,0.000000,-0.094220,0.834980,0.535586,-1.408790,-0.009956,0.500000,0.000000,0.233797,-0.073040,0.080587,-0.262054,0.038527,-0.136963,0.000000
0.000000,0.000000,-0.270000,0.520000,-0.300000,0.000000,0.000000,0.000000,-0.270000,0.520000,-0.300000,0.000000,-0.041757,0.722704,0.532433,-1.318843,-0.009108,0.500000,0.000000,0.227772,-0.074024,0.081934,-0.264882,0.037842,-0.137716,0.000000
0.000000,0.000000,-0.270000,0.520000,-0.300000,0.000000,0.000000,0.000000,-0.270000,0.520000,-0.300000,0.000000,0.007824,0.604970,0.529933,-1.233411,-0.007430,0.500000,0.000000,0.223372,-0.074402,0.082646,-0.266290,0.036805,-0.137738,0.000000
0.000000,0.000000,-0.270000,0.520000,-0.300000,0.000000,0.000000,0.000000,-0.270000,0.520000,-0.300000,0.000000,0.048459,0.492575,0.525700,-1.158905,-0.004322,0.500000,0.000000,0.221800,-0.075190,0.086804,-0.265791,0.036529,-0.136931,0.000000
0.000000,0.000000,-0.270000,0.520000,-0.300000,0.000000,0.000000,0.000000,-0.270000,0.520000,-0.300000,0.000000,0.087103,0.386400,0.514791,-1.087307,-0.001026,0.500000,0.000000,0.221014,-0.076776,0.094172,-0.264525,0.036962,-0.135386,0.000000
0.000000,0.000000,-0.270000,0.520000,-0.300000,0.000000,0.000000,0.000000,-0.270000,0.520000,-0.300000,0.000000,0.129570,0.282086,0.495737,-1.007948,0.002028,0.500000,0.000000,0.219632,-0.078974,0.102592,-0.263252,0.037490,-0.133213,0.000000
0.000000,0.000000,-0.270000,0.520000,-0.300000,0.000000,0.000000,0.000000,-0.270000,0.520000,-0.300000,0.000000,0.170450,0.184387,0.473486,-0.920898,0.005825,0.500000,0.000000,0.217387,-0.081054,0.109188,-0.262284,0.037424,-0.130521,0.000000
0.000000,0.000000,-0.270000,0.520000,-0.300000,0.000000,0.000000,0.000000,-0.270000,0.520000,-0.300000,0.000000,0.206727,0.106060,0.445106,-0.834376,0.009781,0.500000,0.000000,0.214113,-0.082820,0.114153,-0.261679,0.036971,-0.127442,0.000000
0.000000,0.000000,-0.270000,0.520000,-0.300000,0.000000,0.000000,0.000000,-0.270000,0.520000,-0.300000,0.000000,0.243679,0.050000,0.400028,-0.737938,0.014328,0.469640,0.000000,0.210067,-0.083471,0.117243,-0.261038,0.035612,-0.123003,0.000000
0.000000,0.000000,-0.270000,0.520000,-0.300000,0.000000,0.000000,0.000000,-0.270000,0.520000,-0.300000,0.000000,0.276096,0.050000,0.336175,-0.644235,0.018650,0.418539,0.000000,0.205564,-0.082913,0.116262,-0.260402,0.033162,-0.117779,0.000000
0.000000,0.000000,-0.270000,0.520000,-0.300000,0.000000,0.000000,0.000000,-0.270000,0.520000,-0.300000,0.000000,0.297985,0.050000,0.271978,-0.562128,0.027117,0.368499,0.000000,0.201373,-0.081400,0.110755,-0.260506,0.029890,-0.112636,0.000000
0.000000,0.000000,-0.270000,0.520000,-0.300000,0.000000,0.000000,0.000000,-0.270000,0.520000,-0.300000,0.000000,0.309426,0.050000,0.227344,-0.504170,0.037546,0.332232,0.000000,0.198649,-0.079648,0.104782,-0.261160,0.027139,-0.108907,0.000000
0.000000,0.000000,-0.270000,0.520000,-0.300000,0.000000,0.000000,0.000000,-0.270000,0.520000,-0.300000,0.000000,0.316673,0.050000,0.200650,-0.464209,0.047242,0.310001,0.000000,0.197334,-0.078493,0.098136,-0.261889,0.024736,-0.106996,0.000000
0.000000,0.000000,-0.270000,0.520000,-0.300000,0.000000,0.000000,0.000000,-0.270000,0.520000,-0.300000,0.000000,0.318606,0.050000,0.185536,-0.433015,0.057641,0.293922,0.000000,0.196979,-0.078165,0.092362,-0.262216,0.022887,-0.105854,0.000000
0.000000,0.000000,-0.270000,0.520000,-0.300000,0.000000,0.000000,0.000000,-0.270000,0.520000,-0.300000,0.000000,0.317801,0.050000,0.182229,-0.422670,0.062190,0.288496,0.000000,0.197372,-0.078116,0.089484,-0.262296,0.022113,-0.105595,0.000000
0.000000,0.000000,-0.270000,0.520000,-0.300000,0.000000,0.000000,0.000000,-0.270000,0.520000,-0.300000,0.000000,0.316350,0.050000,0.180454,-0.415848,0.065907,0.284191,0.000000,0.198377,-0.078069,0.086656,-0.262006,0.021411,-0.105539,0.000000
0.000000,0.000000,-0.270000,0.520000,-0.300000,0.000000,0.000000,0.000000,-0.270000,0.520000,-0.300000,0.000000,0.314085,0.050000,0.180236,-0.410499,0.069818,0.279917,0.000000,0.200364,-0.078135,0.084109,-0.261213,0.020817,-0.105634,0.000000
0.000000,0.000000,-0.270000,0.520000,-0.300000,0.000000,0.000000,0.000000,-0.270000,0.520000,-0.300000,0.000000,0.309609,0.050000,0.182270,-0.405455,0.074946,0.275025,0.000000,0.203139,-0.078376,0.082024,-0.259577,0.020355,-0.105903,0.000000
0.000000,0.000000,-0.270000,0.520000,-0.300000,0.000000,0.000000,0.000000,-0.270000,0.520000,-0.300000,0.000000,0.302491,0.050000,0.184664,-0.399915,0.081207,0.269448,0.000000,0.205739,-0.078773,0.080471,-0.257424,0.020030,-0.106278,0.000000
0.000000,0.000000,-0.270000,0.520000,-0.300000,0.000000,0.000000,0.000000,-0.270000,0.520000,-0.300000,0.000000,0.296153,0.050000,0.183802,-0.396009,0.085364,0.265643,0.000000,0.206898,-0.079095,0.079666,-0.256149,0.019878,-0.106514,0.000000
0.000000,0.000000,-0.270000,0.520000,-0.300000,0.000000,0.000000,0.000000,-0.270000,0.520000,-0.300000,0.000000,0.291538,0.050000,0.183450,-0.393299,0.088293,0.263186,0.000000,0.207220,-0.079314,0.078431,-0.255646,0.019629,-0.106666,0.000000
0.000000,0.000000,-0.270000,0.520000,-0.300000,0.000000,0.000000,0.000000,-0.270000,0.520000,-0.300000,0.000000,0.288094,0.050000,0.186010,-0.391398,0.090964,0.261597,0.000000,0.206666,-0.079267,0.075508,-0.255626,0.018948,-0.106785,0.000000
0.000000,0.000000,-0.270000,0.520000,-0.300000,0.000000,0.000000,0.000000,-0.270000,0.520000,-0.300000,0.000000,0.284665,0.050000,0.190376,-0.389410,0.093972,0.260071,0.000000,0.205155,-0.078767,0.070398,-0.255841,0.017695,-0.106896,0.000000
0.000000,0.000000,-0.270000,0.520000,-0.300000,0.000000,0.000000,0.000000,-0.270000,0.520000,-0.300000,0.000000,0.281639,0.050000,0.194327,-0.387073,0.096827,0.258526,0.000000,0.203011,-0.077779,0.063929,-0.256212,0.016057,-0.106951,0.000000
0.000000,0.000000,-0.270000,0.520000,-0.300000,0.000000,0.000000,0.000000,-0.270000,0.520000,-0.300000,0.000000,0.279467,0.050000,0.195991,-0.384091,0.099110,0.256894,0.000000,0.200780,-0.076518,0.057318,-0.256569,0.014345,-0.106967,0.000000
0.000000,0.000000,-0.270000,0.520000,-0.300000,0.000000,0.000000,0.000000,-0.270000,0.520000,-0.300000,0.000000,0.277935,0.050000,0.195553,-0.380737,0.100869,0.255201,0.000000,0.198994,-0.075323,0.051541,-0.256744,0.012835,-0.106990,0.000000
0.000000,0.000000,-0.270000,0.520000,-0.300000,0.000000,0.000000,0.000000,-0.270000,0.520000,-0.300000,0.000000,0.276766,0.050000,0.193766,-0.377370,0.102256,0.253501,0.000000,0.197960,-0.074371,0.046819,-0.256644,0.011597,-0.107078,0.000000
0.000000,0.000000,-0.270000,0.520000,-0.300000,0.000000,0.000000,0.000000,-0.270000,0.520000,-0.300000,0.000000,0.275791,0.050000,0.191065,-0.374192,0.103342,0.251817,0.000000,0.197732,-0.073715,0.043216,-0.256235,0.010623,-0.107298,0.000000
0.000000,0.000000,-0.270000,0.520000,-0.300000,0.000000,0.000000,0.000000,-0.270000,0.520000,-0.300000,0.000000,0.274914,0.050000,0.188351,-0.371533,0.104393,0.249974,0.000000,0.198374,-0.073228,0.040589,-0.255704,0.009896,-0.107573,0.000000
0.000000,0.000000,-0.270000,0.520000,-0.300000,0.000000,0.000000,0.000000,-0.270000,0.520000,-0.300000,0.000000,0.273525,0.050000,0.186485,-0.369513,0.105619,0.247855,0.000000,0.199178,-0.072819,0.038782,-0.255212,0.009393,-0.107810,0.000000
0.000000,0.000000,-0.270000,0.520000,-0.300000,0.000000,0.000000,0.000000,-0.270000,0.520000,-0.300000,0.000000,0.271608,0.050000,0.185454,-0.367939,0.106964,0.245669,0.000000,0.199737,-0.072424,0.037390,-0.254777,0.009002,-0.108009,0.000000
0.000000,0.000000,-0.270000,0.520000,-0.300000,0.000000,0.000000,0.000000,-0.270000,0.520000,-0.300000,0.000000,0.269413,0.050000,0.184855,-0.366537,0.108321,0.243555,0.000000,0.199875,-0.072032,0.036327,-0.254456,0.008695,-0.108186,0.000000
0.000000,0.000000,-0.270000,0.520000,-0.300000,0.000000,0.000000,0.000000,-0.270000,0.520000,-0.300000,0.000000,0.267423,0.050000,0.184085,-0.364934,0.109545,0.241629,0.000000,0.199541,-0.071593,0.035725,-0.254387,0.008499,-0.108323,0.000000
0.000000,0.000000,-0.270000,0.520000,-0.300000,0.000000,0.000000,0.000000,-0.270000,0.520000,-0.300000,0.000000,0.265892,0.050000,0.182626,-0.363042,0.110532,0.239875,0.000000,0.198903,-0.071100,0.035716,-0.254618,0.008438,-0.108407,0.000000
0.000000,0.000000,-0.270000,0.520000,-0.300000,0.000000,0.000000,0.000000,-0.270000,0.520000,-0.300000,0.000000,0.264668,0.050000,0.180526,-0.361040,0.111297,0.238254,0.000000,0.198038,-0.070544,0.036110,-0.255106,0.008457,-0.108434,0.000000
0.000000,0.000000,-0.270000,0.520000,-0.300000,0.000000,0.000000,0.000000,-0.270000,0.520000,-0.300000,0.000000,0.263570,0.050000,0.178167,-0.359112,0.111940,0.236720,0.000000,0.197037,-0.069864,0.036376,-0.255721,0.008417,-0.108410,0.000000
0.000000,0.000000,-0.270000,0.520000,-0.300000,0.000000,0.000000,0.000000,-0.270000,0.520000,-0.300000,0.000000,0.262484,0.050000,0.176161,-0.357327,0.112621,0.235240,0.000000,0.195847,-0.069063,0.036177,-0.256412,0.008235,-0.108365,0.000000
0.000000,0.000000,-0.270000,0.520000,-0.300000,0.000000,0.000000,0.000000,-0.270000,0.520000,-0.300000,0.000000,0.261541,0.050000,0.174847,-0.355688,0.113404,0.233895,0.000000,0.194664,-0.068177,0.035675,-0.257116,0.007955,-0.108321,0.000000
0.000000,0.000000,-0.270000,0.520000,-0.300000,0.000000,0.000000,0.000000,-0.270000,0.520000,-0.300000,0.000000,0.260839,0.050000,0.173806,-0.354078,0.114160,0.232801,0.000000,0.193710,-0.067287,0.035419,-0.257741,0.007730,-0.108272,0.000000
0.000000,0.000000,-0.270000,0.520000,-0.300000,0.000000,0.000000,0.000000,-0.270000,0.520000,-0.300000,0.000000,0.260378,0.050000,0.172420,-0.352342,0.114741,0.232031,0.000000,0.192991,-0.066397,0.035832,-0.258242,0.007656,-0.108185,0.000000
0.000000,0.000000,-0.270000,0.520000,-0.300000,0.000000,0.000000,0.000000,-0.270000,0.520000,-0.300000,0.000000,0.260088,0.050000,0.171082,-0.350584,0.115256,0.231522,0.000000,0.192616,-0.065551,0.036673,-0.258554,0.007667,-0.108060,0.000000
0.000000,0.000000,-0.270000,0.520000,-0.300000,0.000000,0.000000,0.000000,-0.270000,0.520000,-0.300000,0.000000,0.259821,0.050000,0.170417,-0.348918,0.115869,0.231170,0.000000,0.192550,-0.064892,0.037744,-0.258629,0.007720,-0.107942,0.000000
0.000000,0.000000,-0.270000,0.520000,-0.300000,0.000000,0.000000,0.000000,-0.270000,0.520000,-0.300000,0.000000,0.259456,0.050000,0.170681,-0.347421,0.116657,0.230917,0.000000,0.192674,-0.064402,0.038747,-0.258503,0.007745,-0.107859,0.000000
0.000000,0.000000,-0.270000,0.520000,-0.300000,0.000000,0.000000,0.000000,-0.270000,0.520000,-0.300000,0.000000,0.258852,0.050000,0.171384,-0.346033,0.117514,0.230679,0.000000,0.192569,-0.064007,0.039606,-0.258394,0.007730,-0.107798,0.000000
0.000000,0.000000,-0.270000,0.520000,-0.300000,0.000000,0.000000,0.000000,-0.270000,0.520000,-0.300000,0.000000,0.258070,0.050000,0.172115,-0.344661,0.118324,0.230490,0.000000,0.192104,-0.063675,0.040460,-0.258429,0.007697,-0.107711,0.000000
0.000000,0.000000,-0.270000,0.520000,-0.300000,0.000000,0.000000,0.000000,-0.270000,0.520000,-0.300000,0.000000,0.257476,0.050000,0.172712,-0.343338,0.119042,0.230436,0.000000,0.191933,-0.063327,0.040952,-0.258386,0.007556,-0.107611,0.000000
0.000000,0.000000,-0.270000,0.520000,-0.300000,0.000000,0.000000,0.000000,-0.270000,0.520000,-0.300000,0.000000,0.256968,0.050000,0.172872,-0.342226,0.119617,0.230364,0.000000,0.192266,-0.062989,0.040794,-0.258128,0.007274,-0.107583,0.000000
0.000000,0.000000,-0.270000,0.520000,-0.300000,0.000000,0.000000,0.000000,-0.270000,0.520000,-0.300000,0.000000,0.256168,0.050000,0.172947,-0.341313,0.120146,0.230193,0.000000,0.192606,-0.062722,0.040263,-0.257745,0.006938,-0.107643,0.000000
0.000000,0.000000,-0.270000,0.520000,-0.300000,0.000000,0.000000,0.000000,-0.270000,0.520000,-0.300000,0.000000,0.255229,0.050000,0.173644,-0.340539,0.120803,0.229948,0.000000,0.193029,-0.062527,0.039878,-0.257278,0.006665,-0.107735,0.000000
0.000000,0.000000,-0.270000,0.520000,-0.300000,0.000000,0.000000,0.000000,-0.270000,0.520000,-0.300000,0.000000,0.254164,0.050000,0.174958,-0.339983,0.121588,0.229660,0.000000,0.193646,-0.062287,0.039360,-0.256710,0.006372,-0.107821,0.000000
0.000000,0.000000,-0.270000,0.520000,-0.300000,0.000000,0.000000,0.000000,-0.270000,0.520000,-0.300000,0.000000,0.252998,0.050000,0.176001,-0.339459,0.122281,0.229383,0.000000,0.194157,-0.062024,0.038430,-0.256076,0.005988,-0.107911,0.000000
0.000000,0.000000,-0.270000,0.520000,-0.300000,0.000000,0.000000,0.000000,-0.270000,0.520000,-0.300000,0.000000,0.251756,0.050000,0.176379,-0.338921,0.122803,0.229007,0.000000,0.194443,-0.061827,0.037319,-0.255440,0.005574,-0.108014,0.000000
0.000000,0.000000,-0.270000,0.520000,-0.300000,0.000000,0.000000,0.000000,-0.270000,0.520000,-0.300000,0.000000,0.250582,0.050000,0.176564,-0.338417,0.123272,0.228541,0.000000,0.194617,-0.061697,0.036383,-0.254939,0.005228,-0.108119,0.000000
0.000000,0.000000,-0.270000,0.520000,-0.300000,0.000000,0.000000,0.000000,-0.270000,0.520000,-0.300000,0.000000,0.249498,0.050000,0.176828,-0.337945,0.123746,0.228070,0.000000,0.194719,-0.061610,0.035710,-0.254625,0.004969,-0.108222,0.000000
0.000000,0.000000,-0.270000,0.520000,-0.300000,0.000000,0.000000,0.000000,-0.270000,0.520000,-0.300000,0.000000,0.248396,0.050000,0.176944,-0.337502,0.124181,0.227526,0.000000,0.194643,-0.061582,0.035182,-0.254446,0.004767,-0.108328,0.000000
0.000000,0.000000,-0.270000,0.520000,-0.300000,0.000000,0.000000,0.000000,-0.270000,0.520000,-0.300000,0.000000,0.247334,0.050000,0.176837,-0.337083,0.124572,0.226891,0.000000,0.194422,-0.061623,0.034680,-0.254361,0.004586,-0.108456,0.000000
0.000000,0.000000,-0.270000,0.520000,-0.300000,0.000000,0.000000,0.000000,-0.270000,0.520000,-0.300000,0.000000,0.246436,0.050000,0.176719,-0.336620,0.124973,0.226157,0.000000,0.194073,-0.061761,0.034326,-0.254382,0.004457,-0.108613,0.000000
0.000000,0.000000,-0.270000,0.520000,-0.300000,0.000000,0.000000,0.000000,-0.270000,0.520000,-0.300000,0.000000,0.245697,0.050000,0.176923,-0.336142,0.125454,0.225368,0.000000,0.193693,-0.062006,0.034208,-0.254482,0.004406,-0.108790,0.000000
0.000000,0.000000,-0.270000,0.520000,-0.300000,0.000000,0.000000,0.000000,-0.270000,0.520000,-0.300000,0.000000,0.244921,0.050000,0.177618,-0.335708,0.126045,0.224593,0.000000,0.193227,-0.062363,0.034354,-0.254621,0.004435,-0.108976,0.000000
0.000000,0.000000,-0.270000,0.520000,-0.300000,0.000000,0.000000,0.000000,-0.270000,0.520000,-0.300000,0.000000,0.244226,0.050000,0.178408,-0.335291,0.126645,0.223849,0.000000,0.192763,-0.062757,0.034618,-0.254783,0.004497,-0.109160,0.000000
0.000000,0.000000,-0.270000,0.520000,-0.300000,0.000000,0.000000,0.000000,-0.270000,0.520000,-0.300000,0.000000,0.243605,0.050000,0.178949,-0.334808,0.127157,0.223148,0.000000,0.192162,-0.063167,0.035001,-0.255002,0.004585,-0.109336,0.000000
0.000000,0.000000,-0.270000,0.520000,-0.300000,0.000000,0.000000,0.000000,-0.270000,0.520000,-0.300000,0.000000,0.243095,0.050000,0.179411,-0.334290,0.127611,0.222534,0.000000,0.191570,-0.063585,0.035682,-0.255258,0.004734,-0.109492,0.000000
0.000000,0.000000,-0.270000,0.520000,-0.300000,0.000000,0.000000,0.000000,-0.270000,0.520000,-0.300000,0.000000,0.242791,0.050000,0.179564,-0.333726,0.127975,0.221951,0.000000,0.191156,-0.063940,0.036257,-0.255479,0.004848,-0.109642,0.000000
0.000000,0.000000,-0.270000,0.520000,-0.300000,0.000000,0.000000,0.000000,-0.270000,0.520000,-0.300000,0.000000,0.242403,0.050000,0.179439,-0.333163,0.128253,0.221407,0.000000,0.190641,-0.064255,0.036485,-0.255658,0.004871,-0.109810,0.000000
0.000000,0.000000,-0.270000,0.520000,-0.300000,0.000000,0.000000,0.000000,-0.270000,0.520000,-0.300000,0.000000,0.241892,0.050000,0.179292,-0.332791,0.128503,0.220854,0.000000,0.190198,-0.064519,0.036292,-0.255771,0.004786,-0.110009,0.000000
0.000000,0.000000,-0.270000,0.520000,-0.300000,0.000000,0.000000,0.000000,-0.270000,0.520000,-0.300000,0.000000,0.241260,0.050000,0.179329,-0.332551,0.128782,0.220278,0.000000,0.189711,-0.064753,0.036027,-0.255917,0.004696,-0.110215,0.000000
0.000000,0.000000,-0.270000,0.520000,-0.300000,0.000000,0.000000,0.000000,-0.270000,0.520000,-0.300000,0.000000,0.240548,0.050000,0.179542,-0.332421,0.129081,0.219700,0.000000,0.189287,-0.064948,0.036006,-0.256040,0.004673,-0.110406,0.000000
0.000000,0.000000,-0.270000,0.520000,-0.300000,0.000000,0.000000,0.000000,-0.270000,0.520000,-0.300000,0.000000,0.239860,0.050000,0.179515,-0.332288,0.129305,0.219142,0.000000,0.189014,-0.065079,0.036227,-0.256038,0.004705,-0.110557,0.000000
0.000000,0.000000,-0.270000,0.520000,-0.300000,0.000000,0.000000,0.000000,-0.270000,0.520000,-0.300000,0.000000,0.239275,0.050000,0.178904,-0.332095,0.129377,0.218592,0.000000,0.188888,-0.065114,0.036514,-0.255922,0.004743,-0.110657,0.000000
0.000000,0.000000,-0.270000,0.520000,-0.300000,0.000000,0.000000,0.000000,-0.270000,0.520000,-0.300000,0.000000,0.238774,0.050000,0.178048,-0.331892,0.129380,0.218033,0.000000,0.188897,-0.065042,0.036760,-0.255737,0.004759,-0.110685,0.000000
0.000000,0.000000,-0.270000,0.520000,-0.300000,0.000000,0.000000,0.000000,-0.270000,0.520000,-0.300000,0.000000,0.238193,0.050000,0.177764,-0.331745,0.129524,0.217448,0.000000,0.188888,-0.064927,0.036966,-0.255554,0.004765,-0.110680,0.000000
0.000000,0.000000,-0.270000,0.520000,-0.300000,0.000000,0.000000,0.000000,-0.270000,0.520000,-0.300000,0.000000,0.237547,0.050000,0.178500,-0.331736,0.129924,0.216885,0.000000,0.188969,-0.064797,0.037154,-0.255376,0.004774,-0.110663,0.000000
0.000000,0.000000,-0.270000,0.520000,-0.300000,0.000000,0.000000,0.000000,-0.270000,0.520000,-0.300000,0.000000,0.236856,0.050000,0.179430,-0.331672,0.130356,0.216417,0.000000,0.188838,-0.064665,0.037428,-0.255279,0.004803,-0.110615,0.000000
0.000000,0.000000,-0.270000,0.520000,-0.300000,0.000000,0.000000,0.000000,-0.270000,0.520000,-0.300000,0.000000,0.236294,0.050000,0.179905,-0.331476,0.130652,0.215996,0.000000,0.188545,-0.064533,0.037715,-0.255317,0.004831,-0.110547,0.000000
0.000000,0.000000,-0.270000,0.520000,-0.300000,0.000000,0.000000,0.000000,-0.270000,0.520000,-0.300000,0.000000,0.235833,0.050000,0.179962,-0.331227,0.130828,0.215602,0.000000,0.188142,-0.064421,0.037992,-0.255493,0.004859,-0.110503,0.000000
0.000000,0.000000,-0.270000,0.520000,-0.300000,0.000000,0.000000,0.000000,-0.270000,0.520000,-0.300000,0.000000,0.235366,0.050000,0.179966,-0.330968,0.130983,0.215242,0.000000,0.187625,-0.064375,0.038332,-0.255734,0.004910,-0.110495,0.000000
0.000000,0.000000,-0.270000,0.520000,-0.300000,0.000000,0.000000,0.000000,-0.270000,0.520000,-0.300000,0.000000,0.235046,0.050000,0.179746,-0.330557,0.131074,0.214929,0.000000,0.187009,-0.064435,0.038814,-0.255994,0.005003,-0.110530,0.000000
0.000000,0.000000,-0.270000,0.520000,-0.300000,0.000000,0.000000,0.000000,-0.270000,0.520000,-0.300000,0.000000,0.234841,0.050000,0.179337,-0.330089,0.131102,0.214668,0.000000,0.186403,-0.064549,0.039387,-0.256248,0.005115,-0.110586,0.000000
0.000000,0.000000,-0.270000,0.520000,-0.300000,0.000000,0.000000,0.000000,-0.270000,0.520000,-0.300000,0.000000,0.234774,0.050000,0.178840,-0.329594,0.131092,0.214484,0.000000,0.185904,-0.064640,0.039968,-0.256481,0.005221,-0.110636,0.000000
0.000000,0.000000,-0.270000,0.520000,-0.300000,0.000000,0.000000,0.000000,-0.270000,0.520000,-0.300000,0.000000,0.223972,0.054602,0.167359,-0.322773,0.126753,0.206542,0.000000,0.174871,-0.067845,0.051299,-0.253549,0.006588,-0.107274,0.000000
0.000000,0.000000,-0.270000,0.520000,-0.300000,0.000000,0.000000,0.000000,-0.270000,0.520000,-0.300000,0.000000,0.213090,0.059205,0.156227,-0.316071,0.122479,0.198669,0.000000,0.163907,-0.070992,0.062334,-0.250577,0.007875,-0.103896,0.000000
0.000000,0.000000,-0.270000,0.520000,-0.300000,0.000000,0.000000,0.000000,-0.270000,0.520000,-0.300000,0.000000,0.202106,0.063807,0.145220,-0.309474,0.118209,0.190842,0.000000,0.152932,-0.074136,0.073065,-0.247560,0.009091,-0.100530,0.000000
0.000000,0.000000,-0.270000,0.520000,-0.300000,0.000000,0.000000,0.000000,-0.270000,0.520000,-0.300000,0.000000,0.191109,0.068410,0.134339,-0.302992,0.113960,0.182999,0.000000,0.142091,-0.077285,0.083629,-0.244482,0.010275,-0.097176,0.000000
0.000000,0.000000,-0.270000,0.520000,-0.300000,0.000000,0.000000,0.000000,-0.270000,0.520000,-0.300000,0.000000,0.180117,0.073012,0.123749,-0.296551,0.109773,0.175168,0.000000,0.131322,-0.080457,0.094258,-0.241369,0.011488,-0.093826,0.000000
0.000000,0.000000,-0.270000,0.520000,-0.300000,0.000000,0.000000,0.000000,-0.270000,0.520000,-0.300000,0.000000,0.169106,0.077614,0.113406,-0.290160,0.105647,0.167348,0.000000,0.120616,-0.083664,0.105146,-0.238252,0.012776,-0.090472,0.000000
0.000000,0.000000,-0.270000,0.520000,-0.300000,0.000000,0.000000,0.000000,-0.270000,0.520000,-0.300000,0.000000,0.158110,0.082217,0.102699,-0.283766,0.101424,0.159540,0.000000,0.109897,-0.086878,0.116200,-0.235128,0.014115,-0.087106,0.000000
0.000000,0.000000,-0.270000,0.520000,-0.300000,0.000000,0.000000,0.000000,-0.270000,0.520000,-0.300000,0.000000,0.147139,0.086819,0.091669,-0.277410,0.097114,0.151708,0.000000,0.099234,-0.090084,0.127238,-0.231969,0.015454,-0.083729,0.000000
0.000000,0.000000,-0.270000,0.520000,-0.300000,0.000000,0.000000,0.000000,-0.270000,0.520000,-0.300000,0.000000,0.136211,0.091422,0.080644,-0.271099,0.092798,0.143864,0.000000,0.088657,-0.093296,0.138186,-0.228763,0.016777,-0.080358,0.000000
0.000000,0.000000,-0.270000,0.520000,-0.300000,0.000000,0.000000,0.000000,-0.270000,0.520000,-0.300000,0.000000,0.121060,0.096024,0.065061,-0.262294,0.086698,0.132954,0.000000,0.073880,-0.097811,0.153492,-0.224251,0.018639,-0.075635,0.000000
0.000000,0.000000,-0.270000,0.520000,-0.300000,0.000000,0.000000,0.000000,-0.270000,0.520000,-0.300000,0.000000,0.101498,0.102677,0.044459,-0.250841,0.078654,0.118778,0.000000,0.054661,-0.103650,0.173350,-0.218393,0.021050,-0.069452,0.000000
0.000000,0.000000,-0.270000,0.520000,-0.300000,0.000000,0.000000,0.000000,-0.270000,0.520000,-0.300000,0.000000,0.084040,0.110940,0.025847,-0.240638,0.071406,0.106062,0.000000,0.037464,-0.108846,0.191001,-0.213195,0.023188,-0.063912,0.000000
0.000000,0.000000,-0.270000,0.520000,-0.300000,0.000000,0.000000,0.000000,-0.270000,0.520000,-0.300000,0.000000,0.068650,0.118231,0.009360,-0.231670,0.064985,0.094814,0.000000,0.022275,-0.113431,0.206557,-0.208624,0.025078,-0.059020,0.000000
0.000000,0.000000,-0.270000,0.520000,-0.300000,0.000000,0.000000,0.000000,-0.270000,0.520000,-0.300000,0.000000,0.055322,0.124550,-0.004911,-0.223928,0.059415,0.085057,0.000000,0.009122,-0.117402,0.220059,-0.204653,0.026724,-0.054771,0.000000
0.000000,0.000000,-0.270000,0.520000,-0.300000,0.000000,0.000000,0.000000,-0.270000,0.520000,-0.300000,0.000000,0.044068,0.129896,-0.017004,-0.217401,0.054688,0.076811,0.000000,-0.001999,-0.120745,0.231481,-0.201300,0.028117,-0.051168,0.000000
0.000000,0.000000,-0.270000,0.520000,-0.300000,0.000000,0.000000,0.000000,-0.270000,0.520000,-0.300000,0.000000,0.034876,0.134271,-0.026930,-0.212079,0.050807,0.070068,0.000000,-0.011096,-0.123464,0.240832,-0.198567,0.029259,-0.048212,0.000000
0.000000,0.000000,-0.270000,0.520000,-0.300000,0.000000,0.000000,0.000000,-0.270000,0.520000,-0.300000,0.000000,0.027729,0.137673,-0.034653,-0.207957,0.047785,0.064825,0.000000,-0.018171,-0.125570,0.248101,-0.196445,0.030148,-0.045911,0.000000
0.000000,0.000000,-0.270000,0.520000,-0.300000,0.000000,0.000000,0.000000,-0.270000,0.520000,-0.300000,0.000000,0.022627,0.140104,-0.040175,-0.205027,0.045624,0.061078,0.000000,-0.023217,-0.127067,0.253287,-0.194927,0.030782,-0.044265,0.000000
0.000000,0.000000,-0.270000,0.520000,-0.300000,0.000000,0.000000,0.000000,-0.270000,0.520000,-0.300000,0.000000,0.019571,0.141562,-0.043506,-0.203273,0.044322,0.058830,0.000000,-0.026241,-0.127963,0.256399,-0.194015,0.031162,-0.043278,0.000000
0.000000,0.000000,-0.270000,0.520000,-0.300000,0.000000,0.000000,0.000000,-0.270000,0.520000,-0.300000,0.000000,0.018556,0.142048,-0.044624,-0.202689,0.043886,0.058081,0.000000,-0.027247,-0.128261,0.257438,-0.193711,0.031289,-0.042948,0.000000
